1	3626
1	4204
1	5444
2	3626
2	4204
2	4628
2	5444
3	582
3	834
3	846
3	1242
3	2449
3	3634
3	4094
3	4298
3	5094
3	6535
3	6869
3	9476
4	312
4	883
4	4298
5	835
5	5063
8	745
8	1269
8	2365
8	2506
8	4566
8	5696
8	8672
9	1283
9	3626
9	4204
9	5444
9	6746
10	8685
11	1430
11	2613
11	3329
11	4052
11	5133
11	5528
11	6388
11	6821
11	6896
11	7887
11	8207
12	1497
13	7627
14	2349
14	4894
14	5139
14	5528
14	6525
14	7110
14	8205
14	9131
16	3626
16	4204
16	5444
17	25
17	94
17	128
17	263
17	283
17	284
17	342
17	415
17	586
17	626
17	643
17	653
17	686
17	709
17	953
17	956
17	968
17	981
17	983
17	995
17	997
17	1012
17	1017
17	1035
17	1121
17	1215
17	1310
17	1325
17	1500
17	1508
17	1533
17	1538
17	1540
17	1580
17	1611
17	1685
17	1701
17	1727
17	1746
17	1767
17	1782
17	1797
17	1821
17	1838
17	1839
17	1876
17	1923
17	1969
17	2101
17	2319
17	2356
17	2362
17	2493
17	2552
17	2781
17	2840
17	2861
17	2884
17	2945
17	2951
17	3000
17	3021
17	3064
17	3107
17	3121
17	3195
17	3330
17	3394
17	3503
17	3531
17	3532
17	3720
17	3812
17	3819
17	3825
17	3876
17	3908
17	3927
17	3939
17	3997
17	4027
17	4272
17	4313
17	4374
17	4439
17	4545
17	4591
17	4643
17	4762
17	4858
17	5187
17	5287
17	5289
17	5333
17	5451
17	5508
17	5605
17	5881
17	5882
17	5884
17	5906
17	5966
17	5977
17	6132
17	6161
17	6177
17	6353
17	6376
17	6377
17	6437
17	6452
17	6655
17	6760
17	6772
17	6855
17	6856
17	7048
17	7086
17	7100
17	7103
17	7110
17	7214
17	7234
17	7267
17	7274
17	7356
17	7386
17	7415
17	7422
17	7535
17	7700
17	7757
17	7826
17	7834
17	7859
17	7876
17	7877
17	7944
17	7970
17	7988
17	8159
17	8186
17	8247
17	8274
17	8359
17	8389
17	8440
17	8451
17	8493
17	8627
17	8701
17	8756
17	8788
17	8954
17	8998
17	9033
17	9043
17	9125
17	9292
17	9509
17	9601
17	9742
18	1471
19	3443
20	6972
21	23
21	25
21	94
21	122
21	128
21	241
21	263
21	283
21	284
21	302
21	321
21	342
21	415
21	572
21	586
21	626
21	643
21	653
21	659
21	676
21	677
21	686
21	709
21	745
21	790
21	876
21	907
21	953
21	956
21	968
21	981
21	983
21	991
21	992
21	995
21	997
21	1012
21	1017
21	1035
21	1072
21	1121
21	1195
21	1214
21	1215
21	1234
21	1292
21	1296
21	1310
21	1325
21	1392
21	1417
21	1485
21	1500
21	1508
21	1533
21	1538
21	1540
21	1558
21	1580
21	1611
21	1685
21	1701
21	1727
21	1737
21	1746
21	1747
21	1751
21	1752
21	1767
21	1782
21	1797
21	1821
21	1838
21	1839
21	1876
21	1910
21	1923
21	1969
21	2046
21	2101
21	2112
21	2267
21	2319
21	2331
21	2356
21	2362
21	2493
21	2497
21	2503
21	2552
21	2704
21	2732
21	2781
21	2792
21	2840
21	2859
21	2861
21	2884
21	2929
21	2945
21	2951
21	3000
21	3021
21	3064
21	3107
21	3121
21	3195
21	3292
21	3330
21	3343
21	3394
21	3409
21	3439
21	3441
21	3472
21	3481
21	3503
21	3513
21	3531
21	3532
21	3624
21	3720
21	3812
21	3819
21	3825
21	3829
21	3876
21	3908
21	3927
21	3939
21	3954
21	3997
21	4016
21	4027
21	4044
21	4083
21	4092
21	4123
21	4272
21	4313
21	4374
21	4396
21	4408
21	4439
21	4538
21	4545
21	4567
21	4568
21	4580
21	4587
21	4590
21	4591
21	4604
21	4605
21	4606
21	4618
21	4643
21	4762
21	4855
21	4858
21	5187
21	5264
21	5287
21	5289
21	5333
21	5451
21	5508
21	5605
21	5723
21	5738
21	5878
21	5881
21	5882
21	5884
21	5906
21	5908
21	5934
21	5966
21	5977
21	6032
21	6100
21	6104
21	6106
21	6132
21	6161
21	6172
21	6177
21	6353
21	6376
21	6377
21	6427
21	6437
21	6441
21	6442
21	6452
21	6523
21	6526
21	6609
21	6616
21	6618
21	6655
21	6732
21	6760
21	6772
21	6817
21	6855
21	6856
21	6903
21	6973
21	6974
21	6975
21	6994
21	7025
21	7048
21	7086
21	7100
21	7103
21	7110
21	7164
21	7179
21	7214
21	7234
21	7267
21	7274
21	7356
21	7378
21	7386
21	7415
21	7422
21	7535
21	7634
21	7700
21	7750
21	7757
21	7786
21	7810
21	7826
21	7834
21	7854
21	7859
21	7876
21	7877
21	7918
21	7944
21	7970
21	7988
21	8050
21	8069
21	8079
21	8118
21	8159
21	8186
21	8197
21	8234
21	8236
21	8247
21	8274
21	8359
21	8389
21	8440
21	8444
21	8451
21	8493
21	8627
21	8638
21	8643
21	8685
21	8701
21	8756
21	8788
21	8944
21	8954
21	8998
21	9029
21	9033
21	9043
21	9125
21	9209
21	9288
21	9292
21	9334
21	9509
21	9601
21	9742
22	122
22	302
22	321
22	676
22	745
22	790
22	876
22	907
22	1035
22	1072
22	1214
22	1558
22	2317
22	2331
22	2704
22	2732
22	3343
22	3409
22	3439
22	3472
22	3481
22	3539
22	3624
22	3829
22	4044
22	4123
22	4408
22	4855
22	5878
22	5934
22	6376
22	6609
22	6616
22	6618
22	6732
22	6903
22	7025
22	7378
22	7786
22	7854
22	8236
22	9334
24	3626
24	4204
24	5139
24	5444
24	6438
25	41
25	51
25	271
25	762
25	1738
25	1867
25	1878
25	1880
25	1881
25	1886
25	1887
25	1888
25	1980
25	4137
25	5489
25	5649
25	5891
25	5892
25	6585
25	6890
25	7575
25	7579
26	3641
26	5495
26	6087
27	834
27	2717
28	9196
29	122
29	302
29	321
29	676
29	745
29	790
29	876
29	907
29	1035
29	1072
29	1214
29	1558
29	2331
29	2704
29	2732
29	3343
29	3409
29	3439
29	3472
29	3481
29	3624
29	3829
29	4044
29	4123
29	4408
29	4855
29	5878
29	5934
29	6376
29	6609
29	6616
29	6618
29	6732
29	6903
29	7025
29	7378
29	7786
29	7854
29	8236
29	9334
30	122
30	241
30	302
30	321
30	572
30	659
30	676
30	677
30	745
30	790
30	876
30	907
30	983
30	991
30	992
30	1035
30	1072
30	1195
30	1214
30	1234
30	1292
30	1296
30	1392
30	1417
30	1485
30	1558
30	1737
30	1747
30	1751
30	1752
30	1910
30	2046
30	2112
30	2267
30	2331
30	2497
30	2503
30	2704
30	2732
30	2792
30	2859
30	2929
30	3292
30	3343
30	3409
30	3439
30	3441
30	3472
30	3481
30	3513
30	3624
30	3829
30	3954
30	4016
30	4044
30	4083
30	4092
30	4123
30	4396
30	4408
30	4538
30	4567
30	4568
30	4580
30	4587
30	4590
30	4604
30	4605
30	4606
30	4618
30	4855
30	5264
30	5723
30	5738
30	5878
30	5908
30	5934
30	6032
30	6100
30	6104
30	6106
30	6172
30	6376
30	6427
30	6441
30	6442
30	6523
30	6526
30	6609
30	6616
30	6618
30	6732
30	6817
30	6903
30	6973
30	6974
30	6975
30	6994
30	7025
30	7164
30	7179
30	7378
30	7634
30	7750
30	7786
30	7810
30	7854
30	7918
30	8050
30	8069
30	8079
30	8118
30	8197
30	8234
30	8236
30	8444
30	8638
30	8643
30	8944
30	9029
30	9209
30	9288
30	9334
31	5139
32	122
32	302
32	321
32	676
32	745
32	790
32	876
32	907
32	1035
32	1072
32	1214
32	1558
32	2331
32	2704
32	2732
32	3343
32	3409
32	3439
32	3472
32	3481
32	3624
32	3829
32	4044
32	4123
32	4408
32	4855
32	5878
32	5934
32	6376
32	6609
32	6616
32	6618
32	6732
32	6903
32	7025
32	7378
32	7786
32	7854
32	8236
32	9334
33	1495
33	3243
33	3942
33	4282
33	4331
33	7227
33	7874
34	198
34	746
34	790
34	835
34	846
34	1004
34	1136
34	1157
34	1252
34	1706
34	1972
34	1984
34	2063
34	2419
34	2533
34	2615
34	2621
34	2730
34	2829
34	2830
34	2852
34	3010
34	3483
34	3824
34	3970
34	4187
34	4189
34	4204
34	4392
34	4546
34	4565
34	4568
34	4674
34	4726
34	4734
34	4799
34	4808
34	4978
34	5031
34	5283
34	5294
34	5299
34	5392
34	5786
34	5931
34	6058
34	6063
34	6304
34	6567
34	6799
34	6873
34	7087
34	7327
34	7996
34	8122
34	8175
34	8788
34	8827
34	9116
34	9297
35	5063
36	5139
37	5063
39	4679
40	5446
41	94
41	122
41	128
41	263
41	283
41	284
41	302
41	321
41	342
41	415
41	586
41	626
41	643
41	653
41	676
41	686
41	709
41	745
41	790
41	834
41	876
41	907
41	953
41	956
41	968
41	981
41	983
41	995
41	997
41	1012
41	1017
41	1035
41	1072
41	1121
41	1214
41	1215
41	1310
41	1325
41	1500
41	1508
41	1533
41	1538
41	1540
41	1558
41	1580
41	1611
41	1685
41	1701
41	1727
41	1746
41	1767
41	1782
41	1797
41	1821
41	1838
41	1839
41	1876
41	1923
41	1969
41	2101
41	2319
41	2331
41	2356
41	2362
41	2493
41	2552
41	2704
41	2732
41	2781
41	2840
41	2861
41	2884
41	2945
41	2951
41	3000
41	3021
41	3064
41	3107
41	3121
41	3195
41	3330
41	3343
41	3394
41	3409
41	3439
41	3472
41	3481
41	3503
41	3531
41	3532
41	3624
41	3720
41	3812
41	3819
41	3825
41	3829
41	3876
41	3908
41	3927
41	3939
41	3997
41	4027
41	4044
41	4123
41	4272
41	4313
41	4374
41	4408
41	4439
41	4545
41	4591
41	4643
41	4762
41	4855
41	4858
41	5187
41	5287
41	5289
41	5333
41	5451
41	5508
41	5605
41	5878
41	5881
41	5882
41	5884
41	5906
41	5934
41	5966
41	5977
41	6132
41	6161
41	6177
41	6353
41	6376
41	6377
41	6437
41	6452
41	6609
41	6616
41	6618
41	6655
41	6732
41	6760
41	6772
41	6855
41	6856
41	6903
41	7025
41	7048
41	7086
41	7100
41	7103
41	7110
41	7214
41	7234
41	7267
41	7274
41	7356
41	7378
41	7386
41	7415
41	7422
41	7535
41	7700
41	7757
41	7786
41	7826
41	7834
41	7854
41	7859
41	7876
41	7877
41	7944
41	7970
41	7988
41	8159
41	8186
41	8236
41	8247
41	8274
41	8359
41	8389
41	8440
41	8451
41	8493
41	8627
41	8672
41	8701
41	8756
41	8788
41	8954
41	8998
41	9033
41	9043
41	9125
41	9292
41	9334
41	9509
41	9601
41	9742
44	1816
45	536
45	835
45	1157
45	3385
45	3408
45	3671
45	4701
45	5507
45	6080
45	6542
45	6957
45	7978
45	8487
45	9040
45	9155
46	9248
47	3626
47	4204
47	5444
47	8790
48	4812
49	3626
49	4204
49	5444
51	52
51	94
51	128
51	263
51	279
51	283
51	284
51	342
51	415
51	586
51	626
51	643
51	653
51	686
51	709
51	953
51	956
51	968
51	981
51	983
51	995
51	997
51	1012
51	1017
51	1035
51	1121
51	1215
51	1288
51	1310
51	1325
51	1417
51	1500
51	1508
51	1533
51	1538
51	1540
51	1580
51	1611
51	1685
51	1701
51	1727
51	1746
51	1767
51	1782
51	1797
51	1821
51	1838
51	1839
51	1876
51	1923
51	1969
51	2101
51	2319
51	2356
51	2362
51	2493
51	2498
51	2552
51	2781
51	2840
51	2861
51	2884
51	2942
51	2945
51	2951
51	3000
51	3021
51	3064
51	3107
51	3121
51	3195
51	3330
51	3394
51	3503
51	3531
51	3532
51	3720
51	3812
51	3819
51	3825
51	3876
51	3908
51	3927
51	3939
51	3997
51	4027
51	4137
51	4272
51	4295
51	4313
51	4374
51	4439
51	4545
51	4591
51	4643
51	4762
51	4858
51	5139
51	5187
51	5287
51	5289
51	5333
51	5451
51	5508
51	5605
51	5764
51	5881
51	5882
51	5884
51	5906
51	5966
51	5977
51	6132
51	6161
51	6177
51	6353
51	6376
51	6377
51	6437
51	6452
51	6655
51	6760
51	6772
51	6855
51	6856
51	7048
51	7086
51	7100
51	7103
51	7110
51	7161
51	7179
51	7214
51	7228
51	7234
51	7267
51	7274
51	7356
51	7386
51	7415
51	7422
51	7535
51	7700
51	7757
51	7761
51	7826
51	7834
51	7859
51	7876
51	7877
51	7918
51	7944
51	7970
51	7988
51	8049
51	8052
51	8159
51	8186
51	8247
51	8274
51	8359
51	8389
51	8440
51	8451
51	8493
51	8627
51	8685
51	8701
51	8756
51	8788
51	8942
51	8954
51	8998
51	9033
51	9043
51	9125
51	9292
51	9509
51	9601
51	9742
52	1863
52	5139
52	6622
52	6851
53	4993
53	5699
54	5649
55	3626
55	4204
55	5444
56	6885
57	5139
58	4594
61	2905
61	5170
61	8413
62	3580
62	4404
62	5139
62	7480
63	5139
65	4791
65	5096
66	2015
66	2017
66	3074
66	4584
66	7368
67	1984
69	9358
70	5043
72	7763
72	7817
73	5139
74	3626
74	4204
74	5444
75	834
75	7045
76	728
76	842
76	1351
76	1934
76	3062
76	5139
76	8986
77	5754
78	3626
78	4204
78	5444
79	5903
81	4245
81	4783
81	9073
82	834
82	3626
82	4204
82	5444
83	3980
83	6573
83	8697
84	2689
84	9071
84	9108
85	411
86	9286
87	1226
89	693
89	3124
89	3276
89	4353
89	4609
89	4973
89	6044
89	6223
89	6679
89	7360
89	7379
89	8709
89	9399
90	605
92	2874
92	3626
92	4204
92	4476
92	5063
92	5444
94	271
94	762
94	1738
94	1867
94	1878
94	1880
94	1881
94	1886
94	1887
94	1888
94	1980
94	4137
94	5489
94	5649
94	5891
94	5892
94	6585
94	6890
94	7575
94	7579
95	3626
95	4204
95	5444
97	3626
97	4204
97	5444
98	7607
99	7433
100	6573
101	8685
102	507
102	636
102	676
102	834
102	2120
102	2145
102	2299
102	2384
102	2385
102	2389
102	2609
102	2712
102	2829
102	3159
102	3329
102	3335
102	3875
102	4052
102	4323
102	4604
102	4693
102	4707
102	4737
102	4741
102	4900
102	4912
102	4919
102	4921
102	4928
102	4929
102	4940
102	4963
102	5133
102	5324
102	5498
102	5928
102	5975
102	5980
102	6319
102	6366
102	6539
102	6896
102	7078
102	7821
102	9205
102	9263
102	9754
103	2795
103	6457
103	7228
103	7404
103	9756
104	2578
104	4067
104	5177
105	329
105	676
105	1354
105	1633
105	1635
105	2613
105	2829
105	3626
105	4052
105	4204
105	5063
105	5444
105	5528
105	5928
105	6366
105	6388
105	6896
105	8951
105	9637
106	508
106	3626
106	4204
106	5444
107	5139
108	3626
108	5444
110	1501
113	5139
114	264
114	605
114	989
114	1474
114	2125
114	2616
114	4576
114	6062
117	3626
117	4204
117	5444
118	316
118	1269
118	1276
118	1474
118	2514
118	3266
118	3544
118	3626
118	3971
118	4204
118	4480
118	4569
118	5416
118	5444
118	6057
118	6617
118	8085
118	9168
119	605
119	659
119	1474
119	1754
119	2524
119	3136
119	3266
119	3544
119	6439
119	6443
119	8085
120	9017
121	797
121	1417
121	1418
121	2880
121	4336
121	4394
121	8789
121	9276
122	1866
122	1868
122	1879
122	1880
122	1886
122	1887
122	1888
122	3626
122	4204
122	4561
122	4583
122	4611
122	5432
122	5444
122	7730
122	8908
123	644
125	1383
126	1591
127	5139
128	271
128	762
128	1738
128	1867
128	1878
128	1880
128	1881
128	1886
128	1887
128	1888
128	1980
128	3626
128	4137
128	4204
128	5444
128	5489
128	5649
128	5891
128	5892
128	6585
128	6890
128	7575
128	7579
129	7227
132	5139
133	380
133	647
133	1796
133	4291
133	4868
133	5404
133	6669
133	6947
133	7894
134	3626
134	4204
134	5444
137	3319
138	4204
139	5139
140	3626
140	4204
140	5444
141	1243
142	482
142	2896
142	3269
142	5059
143	418
144	2447
145	3626
145	4204
145	5444
146	4149
147	8242
148	5063
149	760
149	1228
149	2385
149	2613
149	6257
149	7073
149	7078
149	7782
149	7887
149	8283
149	8797
149	8881
149	9302
150	6755
150	7004
151	2565
151	4588
151	8591
152	6928
153	4806
154	3626
154	4204
154	5444
155	1844
155	4764
155	6771
156	9241
158	3626
158	4204
158	5444
159	834
159	5139
162	5139
163	5139
164	6124
165	5139
166	3626
166	4204
166	5444
167	494
167	3931
167	4519
168	5444
169	5139
171	3626
171	4204
171	5444
172	6573
173	7088
174	4204
175	834
175	2882
175	6197
175	8685
175	8747
176	453
176	1194
176	1848
176	7328
177	7455
178	378
178	1061
178	2486
178	4684
178	4832
178	8435
179	1152
179	1677
179	2087
179	6835
180	5139
181	3626
181	4204
181	5139
181	5444
182	2457
183	2510
183	2736
183	4471
183	4843
183	8218
183	8886
183	9070
184	1157
184	1790
184	2103
184	2384
184	2385
184	4701
184	4711
184	4812
184	5133
184	6573
184	7078
184	7379
184	8362
184	8487
184	8881
184	9078
184	9522
184	9536
185	3626
185	4204
185	5139
185	5444
186	5139
186	6925
186	8202
186	8406
187	605
187	2846
187	8202
187	8406
188	1226
189	4457
190	4973
190	7706
191	1844
192	3417
192	5571
192	5816
193	2219
194	3702
194	8681
194	9028
195	3626
195	4204
195	5139
195	5444
196	5139
196	7208
196	7839
199	2907
201	8487
202	976
202	1480
202	1661
202	1999
202	3052
202	3875
202	4052
202	4102
202	4349
202	4693
202	4708
202	4737
202	4779
202	5219
202	5220
202	5224
202	5226
202	5291
202	6538
202	6896
202	7113
202	7116
202	7140
202	7151
202	7714
202	9637
202	9726
203	8829
205	1776
207	3626
207	4204
207	5444
209	5139
210	2103
210	7011
210	8225
210	8709
213	834
213	6718
213	7113
213	8685
215	266
215	1481
215	3829
215	3854
215	4238
215	5901
215	6419
215	6854
215	7918
215	8854
215	8940
216	1427
216	3626
216	4204
216	5444
217	1083
217	3564
218	1501
218	4513
219	3093
219	7438
220	834
220	3626
220	4204
220	5444
220	6194
220	8098
221	5139
222	3626
222	4204
222	5063
222	5444
223	3626
223	4204
223	5444
224	397
225	1054
225	5139
226	4134
226	6346
226	6965
227	4149
227	4734
227	5139
228	5139
230	1305
230	2806
230	3251
230	3344
230	3528
230	4320
230	4494
230	7940
232	5139
232	8435
233	5139
234	5139
235	5139
236	5063
237	2602
237	6761
237	7015
237	7977
237	9028
238	4945
238	5139
241	266
241	267
241	1217
241	1548
241	1945
241	2352
241	5195
241	7179
241	7623
241	7624
241	7625
241	8942
243	6184
245	3626
245	4204
245	5444
245	7732
246	8146
248	810
249	6573
250	1419
250	2420
250	3340
250	3574
250	6700
250	8521
250	8685
251	4209
251	5139
251	7759
251	8685
251	9067
251	9559
252	5190
252	5934
256	3626
256	4204
256	5444
258	6790
259	9043
260	5063
261	834
262	4204
263	271
263	762
263	1738
263	1867
263	1878
263	1880
263	1881
263	1886
263	1887
263	1888
263	1980
263	3586
263	4137
263	5489
263	5649
263	5891
263	5892
263	6585
263	6890
263	7575
263	7579
264	266
264	267
264	448
264	599
264	726
264	747
264	749
264	751
264	769
264	832
264	869
264	1043
264	1048
264	1050
264	1280
264	1285
264	1288
264	1392
264	1417
264	1471
264	1821
264	2191
264	2352
264	2514
264	2523
264	2642
264	2716
264	2852
264	2875
264	3071
264	3253
264	3266
264	3544
264	3548
264	3753
264	3985
264	4085
264	4520
264	4558
264	4589
264	4600
264	4605
264	4661
264	4983
264	5024
264	5139
264	5759
264	5848
264	6059
264	6068
264	6304
264	6443
264	6596
264	7158
264	7180
264	7409
264	7750
264	7928
264	8016
264	8085
264	8137
264	8611
264	8685
264	8710
264	8938
264	9149
264	9150
264	9313
265	398
266	267
266	269
266	659
266	749
266	755
266	835
266	836
266	855
266	959
266	1225
266	1269
266	1474
266	1890
266	2191
266	2312
266	2514
266	3447
266	3544
266	3548
266	3753
266	4280
266	4295
266	4351
266	4563
266	4592
266	4661
266	5139
266	5224
266	5417
266	5759
266	6059
266	6068
266	6443
266	7536
266	8085
266	8710
267	2352
267	4426
267	8962
268	3928
268	5139
269	659
269	749
269	835
269	836
269	855
269	997
269	1269
269	1281
269	1410
269	1474
269	2191
269	2514
269	2523
269	3201
269	3266
269	3447
269	3544
269	3548
269	3753
269	4280
269	4351
269	4577
269	4592
269	5139
269	5142
269	5215
269	5224
269	5482
269	5759
269	6059
269	6068
269	6433
269	6443
269	7158
269	7536
269	8085
269	8672
269	8710
270	8790
271	283
271	284
271	342
271	415
271	586
271	626
271	643
271	653
271	686
271	709
271	953
271	956
271	968
271	981
271	983
271	995
271	997
271	1012
271	1017
271	1035
271	1121
271	1215
271	1310
271	1325
271	1500
271	1508
271	1533
271	1538
271	1540
271	1580
271	1611
271	1685
271	1701
271	1727
271	1746
271	1767
271	1782
271	1797
271	1821
271	1838
271	1839
271	1876
271	1923
271	1969
271	2101
271	2319
271	2356
271	2362
271	2493
271	2552
271	2781
271	2840
271	2861
271	2884
271	2945
271	2951
271	3000
271	3021
271	3064
271	3107
271	3121
271	3195
271	3330
271	3394
271	3503
271	3531
271	3532
271	3720
271	3812
271	3819
271	3825
271	3876
271	3908
271	3927
271	3939
271	3997
271	4027
271	4272
271	4313
271	4374
271	4439
271	4545
271	4591
271	4643
271	4762
271	4858
271	5187
271	5287
271	5289
271	5333
271	5451
271	5508
271	5605
271	5881
271	5882
271	5884
271	5906
271	5966
271	5977
271	6132
271	6161
271	6177
271	6353
271	6376
271	6377
271	6437
271	6452
271	6655
271	6760
271	6772
271	6855
271	6856
271	7048
271	7086
271	7100
271	7103
271	7110
271	7214
271	7234
271	7267
271	7274
271	7356
271	7386
271	7415
271	7422
271	7535
271	7700
271	7757
271	7826
271	7834
271	7859
271	7876
271	7877
271	7944
271	7970
271	7988
271	8159
271	8186
271	8247
271	8274
271	8359
271	8389
271	8440
271	8451
271	8493
271	8627
271	8701
271	8756
271	8788
271	8954
271	8998
271	9033
271	9043
271	9125
271	9292
271	9509
271	9601
271	9742
273	1157
273	2101
273	2146
273	3117
273	5005
273	8471
274	378
274	8434
275	409
275	496
275	582
275	5994
275	6720
275	7076
275	9331
276	5139
276	7716
279	5139
281	2464
281	2465
281	2731
281	3000
281	3184
281	3523
281	5063
281	5894
281	7067
282	2464
282	2465
283	762
283	1738
283	1867
283	1878
283	1880
283	1881
283	1886
283	1887
283	1888
283	1980
283	4137
283	5489
283	5649
283	5891
283	5892
283	6585
283	6890
283	7575
283	7579
284	762
284	1738
284	1867
284	1878
284	1880
284	1881
284	1886
284	1887
284	1888
284	1980
284	4137
284	5489
284	5649
284	5891
284	5892
284	6585
284	6890
284	7575
284	7579
285	3626
285	4204
285	5444
286	3626
286	4204
286	5444
287	7950
288	751
288	1170
288	1225
288	1288
288	1474
288	1924
288	1968
288	1981
288	2352
288	2514
288	2820
288	3266
288	3447
288	3492
288	3544
288	3786
288	4592
288	4661
288	4734
288	5024
288	5759
288	5785
288	6443
288	6458
288	6589
288	7180
288	7758
288	7759
288	8012
288	8013
288	8049
288	8085
289	5139
290	3626
290	4204
290	5139
290	5444
291	5139
291	8825
292	5063
292	5139
293	5139
294	3626
294	4204
294	5063
294	5139
294	5444
295	3347
296	3626
296	4204
296	5444
297	3626
297	4204
297	5063
297	5444
299	5063
300	5601
301	9703
302	1000
302	4030
302	4561
302	4583
302	4611
302	5063
302	5432
302	6067
302	7730
302	8908
302	9685
304	5139
305	316
305	1225
305	3544
305	4605
305	6057
305	6069
309	6573
310	605
311	745
311	3052
311	4867
311	5968
311	8101
311	8233
311	8859
312	2796
312	4489
312	5752
313	5139
314	3626
314	4204
314	5444
316	755
316	997
316	1226
316	1474
316	2173
316	2498
316	2524
316	3447
316	4295
316	4592
316	4627
316	5684
316	5759
316	6439
316	6458
316	8443
316	8865
317	2352
317	5139
320	701
320	2877
320	4298
320	4413
320	4646
320	5663
320	6369
320	8467
321	747
321	1866
321	1868
321	1879
321	1880
321	1886
321	1887
321	1888
321	4561
321	4583
321	4611
321	5432
321	7730
321	8908
322	835
323	3626
323	4204
323	5444
324	6573
325	3662
325	4156
325	6957
326	3626
326	4204
326	5139
326	5444
327	3436
327	6957
327	9040
327	9078
328	1347
329	507
329	615
329	676
329	821
329	1021
329	1224
329	1228
329	1338
329	1340
329	1346
329	1352
329	1364
329	1480
329	1545
329	1633
329	1635
329	1636
329	1959
329	2060
329	2086
329	2384
329	2438
329	2613
329	3159
329	3160
329	3436
329	3691
329	3837
329	4052
329	4323
329	4650
329	4711
329	4869
329	4957
329	5126
329	5376
329	5495
329	5528
329	5567
329	5716
329	5928
329	6222
329	6238
329	6254
329	6366
329	6628
329	6806
329	6828
329	6896
329	7052
329	7094
329	7103
329	7205
329	7254
329	7328
329	7529
329	7785
329	8436
329	8716
329	9055
329	9637
330	3337
330	3626
330	4204
330	4949
330	5444
331	3626
331	5444
332	6573
333	8588
335	499
335	6232
336	2121
336	8685
337	1501
337	8177
337	8917
338	1130
339	1166
341	5139
342	762
342	1738
342	1867
342	1878
342	1880
342	1881
342	1886
342	1887
342	1888
342	1980
342	4137
342	5489
342	5649
342	5891
342	5892
342	6585
342	6890
342	7575
342	7579
342	8685
343	9145
344	453
344	3662
344	4385
344	4701
344	4812
344	7161
344	7327
344	7328
344	8367
344	9078
345	3626
345	4204
345	5444
347	8829
350	685
350	6573
350	6936
351	6561
352	1249
354	3626
354	4204
354	5444
355	5511
355	6821
355	7124
355	8156
356	1226
356	1905
356	3867
356	5888
356	6178
356	6734
357	3626
357	4204
357	5063
357	5444
358	3626
358	4204
358	5444
360	8829
362	8685
363	2955
364	6178
365	2829
365	4711
365	5139
366	969
366	1058
366	4174
366	4734
366	7417
367	1008
367	5139
367	7045
367	7231
368	3886
368	4062
368	7732
370	5139
371	1533
371	1568
371	4669
371	5521
371	6036
371	9502
372	3562
372	3849
372	6246
372	8096
373	4371
373	5262
374	4867
374	8101
376	6564
376	6573
377	4387
377	6781
377	7410
377	8262
378	104
378	1385
378	2432
378	7843
380	4479
380	8467
381	375
381	816
381	1885
381	3626
381	4204
381	5063
381	5160
381	5444
381	5663
382	51
382	52
382	2498
382	2942
382	4137
382	4295
382	8052
382	9350
383	5139
383	5938
384	2417
384	2592
384	2692
384	4542
384	6495
385	5139
386	2514
386	3266
386	3544
387	685
387	741
387	994
387	1140
387	1225
387	1865
387	1968
387	2514
387	3201
387	3266
387	3447
387	3544
387	3548
387	4627
387	5142
387	5216
387	5306
387	6057
387	6061
387	6064
387	6288
387	6443
387	6617
387	7563
387	7918
387	8085
387	8710
387	8940
388	2077
388	4204
388	6573
388	6823
391	6071
394	5497
396	3626
396	4204
396	5444
397	1849
399	3034
399	3080
399	3662
399	4382
399	6518
399	7011
399	7066
399	7838
399	8225
399	8487
399	9354
400	5139
401	6237
402	5063
404	3626
404	4204
404	5444
406	5500
407	417
407	5139
409	726
409	1288
409	2539
409	3448
409	4808
409	5063
409	5298
409	6586
409	7761
409	8685
409	9168
410	5139
411	1969
412	605
412	659
412	835
412	3253
412	3829
412	4578
412	5759
412	6443
412	7536
413	835
413	5139
414	4799
415	762
415	1017
415	1738
415	1867
415	1878
415	1880
415	1881
415	1886
415	1887
415	1888
415	1980
415	2103
415	3080
415	3827
415	4137
415	4637
415	5139
415	5489
415	5649
415	5891
415	5892
415	6585
415	6890
415	7575
415	7579
415	8755
415	9139
415	9341
415	9465
415	9714
417	3626
417	4060
417	4204
417	5139
417	5444
417	5519
417	7178
417	9746
418	5108
419	7227
420	5139
422	6573
425	5059
426	6638
427	5139
428	3626
428	4204
428	5444
429	5139
430	834
430	8685
432	5139
432	5777
433	1385
434	5549
435	2126
436	2613
436	5133
436	5578
436	8807
437	8685
440	460
440	1622
440	7315
442	5230
443	5139
443	5670
444	834
444	6573
446	5139
447	877
447	2965
447	4323
447	7169
448	1043
448	1050
448	3626
448	3985
448	4204
448	4589
448	4600
448	5444
448	8685
448	9149
448	9150
449	3626
449	4204
449	5444
450	7321
453	4902
453	9370
454	647
454	1631
454	3626
454	4204
454	4387
454	4661
454	5444
454	6942
454	7120
456	5759
457	167
457	4597
458	7426
459	834
460	536
460	633
460	688
460	2430
460	2949
460	3335
460	3827
460	4609
460	5186
460	6542
461	5063
461	5445
464	6573
465	707
466	501
466	507
466	1338
466	1340
466	1343
466	1352
466	1595
466	1643
466	1654
466	1661
466	2384
466	2393
466	2545
466	2613
466	2746
466	2785
466	2829
466	2927
466	3053
466	3160
466	3177
466	3436
466	3875
466	3993
466	4323
466	4486
466	4604
466	4631
466	4711
466	4737
466	4904
466	4907
466	4918
466	4928
466	4946
466	5028
466	5133
466	5228
466	5532
466	5567
466	5912
466	6222
466	6271
466	6309
466	6539
466	6559
466	6806
466	6896
466	7041
466	7078
466	7205
466	7529
466	7683
466	7821
466	7887
466	7974
466	7991
466	8716
466	8802
466	8807
466	8881
466	9205
466	9266
466	9637
467	1588
467	2352
469	5173
469	5572
469	7770
470	4305
470	5676
470	6564
470	7998
471	3626
471	4204
471	5444
472	1647
472	4351
472	4979
472	5507
472	7439
472	7822
474	3626
474	4204
474	5444
475	7706
477	1710
477	2352
477	2631
477	7845
477	8604
478	4628
478	5059
478	7882
479	4351
479	6104
480	6923
481	3626
481	4204
481	5139
481	5444
482	161
482	556
482	1084
482	1386
482	1877
482	2412
482	3233
482	3695
482	5222
482	5423
482	7281
482	7353
482	8051
482	8159
482	8418
482	8490
484	5063
484	6631
486	2841
488	8685
489	1784
490	2371
492	834
492	8685
493	5063
494	8513
495	5139
496	497
496	1417
496	1778
496	3575
496	3611
496	3753
496	4828
496	5154
496	6401
496	7426
496	7916
496	8672
496	8809
496	9168
497	760
497	831
497	1453
497	2758
497	3626
497	5323
497	5444
497	7485
497	8283
497	8397
498	1417
498	2352
498	3455
498	7180
498	8827
498	9168
498	9392
499	6865
499	7048
500	3626
500	4204
500	5444
501	636
501	676
501	1343
501	1354
501	1430
501	1474
501	1545
501	1595
501	1635
501	1790
501	1986
501	2060
501	2299
501	2328
501	2347
501	2385
501	2609
501	2613
501	2712
501	2926
501	3053
501	3329
501	3335
501	3875
501	4052
501	4105
501	4323
501	4604
501	4623
501	4693
501	4694
501	4698
501	4707
501	4708
501	4711
501	4737
501	4741
501	4746
501	4912
501	5133
501	5324
501	5386
501	5468
501	5528
501	5910
501	6203
501	6238
501	6244
501	6245
501	6271
501	6319
501	6366
501	6368
501	6388
501	6417
501	6528
501	6542
501	6566
501	6628
501	6658
501	6896
501	7041
501	7074
501	7098
501	7110
501	7140
501	7151
501	7154
501	7821
501	7833
501	7887
501	8207
501	8422
501	8436
501	8802
501	8825
501	8881
501	8887
501	8907
501	8951
501	9199
501	9205
501	9263
501	9637
501	9653
501	9726
502	5876
503	519
503	3034
504	3626
504	4204
504	5444
507	676
507	1221
507	1224
507	1228
507	1340
507	1343
507	1346
507	1352
507	1480
507	1567
507	1790
507	1823
507	1986
507	2299
507	2393
507	2409
507	2608
507	2609
507	2926
507	3158
507	3159
507	3329
507	3335
507	3875
507	4631
507	4711
507	5308
507	5324
507	5362
507	5375
507	5567
507	5716
507	5873
507	6203
507	6244
507	6254
507	6271
507	6366
507	6539
507	6628
507	7074
507	7078
507	7091
507	7098
507	7205
507	7529
507	7821
507	7966
507	8881
507	9205
507	9263
507	9266
507	9485
507	9637
507	9726
509	3626
509	4204
509	5444
513	5063
513	5139
514	5568
515	3626
515	4204
515	5444
516	2316
517	2602
517	4609
517	9370
518	2249
520	613
520	2712
520	5316
520	6466
520	6797
522	7844
523	7732
524	3626
524	4204
524	5444
526	8734
528	1520
528	2013
528	6234
528	6508
528	7129
528	7421
530	8617
531	2234
531	4156
531	6454
531	6678
531	8976
532	1006
532	7174
533	3626
533	5444
534	3626
534	5063
534	5444
535	3626
535	4204
535	5016
535	5063
535	5444
536	551
536	1636
536	2020
536	3034
536	5265
536	5941
536	6271
536	6465
536	8681
536	9370
537	3626
537	4204
537	5444
540	3422
541	856
542	4204
543	5697
544	5731
545	4418
546	1471
546	3626
546	4204
546	5444
547	9472
550	5139
551	834
551	1540
551	2430
551	4956
551	5941
551	6428
551	6957
551	8685
552	4271
552	5063
553	3626
553	4204
553	5444
553	6573
554	3626
554	4204
554	5444
555	3626
555	4204
555	5444
557	3626
557	4204
557	5444
558	5139
560	676
560	1340
560	2384
560	2393
560	2613
560	2829
560	3053
560	3329
560	3626
560	4204
560	4323
560	4650
560	4737
560	5133
560	5444
560	6539
560	6628
560	7116
560	7339
560	7974
560	8881
560	9263
560	9265
562	6573
563	2899
563	4000
563	4199
563	4637
563	5139
563	5846
564	834
564	5139
564	6797
566	4204
566	9372
567	713
567	3170
568	1226
570	2184
570	2234
570	3013
570	3626
570	3858
570	4204
570	4259
570	5444
570	6146
570	6457
570	6684
570	6851
570	6965
570	7320
570	7364
570	7518
571	3626
571	4204
571	5444
572	1217
572	1548
572	1945
572	5262
572	7179
572	7623
572	7624
572	7625
572	8942
573	4924
573	6519
573	6533
573	7761
575	1166
576	834
578	1140
578	1241
578	4105
578	4609
578	4664
578	4666
578	5848
578	6902
578	8266
578	8674
578	8679
579	3626
579	4204
579	5139
579	5154
579	5444
580	5139
581	8790
582	1243
582	1334
582	2708
582	2927
582	4371
582	4663
582	5059
582	5154
582	6222
582	6245
582	6730
582	6902
582	6903
582	7439
582	7767
582	7769
582	7987
582	8679
582	9240
583	5063
583	5468
583	7447
584	9649
586	762
586	1738
586	1867
586	1878
586	1880
586	1881
586	1886
586	1887
586	1888
586	1980
586	4137
586	5489
586	5649
586	5891
586	5892
586	6585
586	6890
586	7575
586	7579
588	8237
589	4471
589	9474
590	5139
592	5139
593	3626
593	4204
593	5444
594	1009
594	4570
594	5940
594	8282
594	9414
595	3807
595	5139
595	6548
595	6674
596	3626
596	4204
596	5444
598	5139
598	6469
599	769
599	1043
599	2036
599	2146
599	3626
599	3928
599	4204
599	4558
599	4819
599	5024
599	5139
599	5444
599	8962
599	8976
600	2442
600	5139
601	5139
602	5139
603	3626
603	4204
603	5444
605	785
605	791
605	834
605	835
605	1265
605	1276
605	1280
605	1285
605	1288
605	1374
605	1389
605	1417
605	1418
605	2177
605	2312
605	2352
605	2530
605	2592
605	2791
605	2880
605	3266
605	3327
605	3372
605	3396
605	3548
605	3691
605	3752
605	3753
605	3760
605	3765
605	4080
605	4083
605	4577
605	4592
605	4684
605	4887
605	4992
605	5024
605	5063
605	5139
605	5316
605	5759
605	5764
605	6059
605	6211
605	6238
605	6241
605	6244
605	6253
605	6260
605	6331
605	6432
605	6443
605	6505
605	6573
605	6581
605	6600
605	6720
605	6721
605	6722
605	6732
605	6852
605	6880
605	7079
605	7179
605	7414
605	7419
605	7786
605	7999
605	8435
605	8611
605	8685
605	8710
605	9065
605	9084
605	9168
605	9296
605	9330
605	9331
605	9389
606	4649
606	5139
607	3626
607	4204
607	5444
608	5139
609	3626
609	4204
609	5444
610	835
611	834
611	835
611	5063
611	8685
613	1419
613	1933
613	2712
613	2846
613	4552
613	4560
613	4920
613	4926
613	8795
613	8940
614	3626
614	4204
614	5444
615	676
615	1228
615	2384
615	2613
615	2829
615	3875
615	4323
615	4946
615	5226
615	5567
615	6222
615	6271
615	7070
615	7078
615	7821
615	7974
615	8820
615	8825
615	9485
615	9637
616	3626
616	4204
616	5444
617	2841
619	2417
620	834
620	3626
620	4204
620	5444
622	3626
622	4204
622	5444
625	8522
626	762
626	1738
626	1867
626	1878
626	1880
626	1881
626	1886
626	1887
626	1888
626	1980
626	2841
626	4137
626	5489
626	5649
626	5891
626	5892
626	6585
626	6589
626	6890
626	7575
626	7579
626	7928
627	3462
627	7822
627	8936
628	232
628	5139
629	2726
629	5346
629	5511
629	8156
629	9358
630	2844
630	5184
630	7004
632	879
632	7667
632	8431
633	3609
633	4923
634	3626
634	4204
634	5444
635	5063
636	817
636	1002
636	1228
636	1244
636	1595
636	2120
636	2347
636	2441
636	2785
636	3052
636	3053
636	4323
636	4650
636	4737
636	5498
636	6368
636	6417
636	6542
636	6628
636	6735
636	7151
636	7154
636	7339
636	7811
636	9263
636	9265
637	1959
637	3789
637	4263
637	9040
640	641
642	5139
643	762
643	1738
643	1769
643	1867
643	1878
643	1880
643	1881
643	1886
643	1887
643	1888
643	1980
643	4137
643	4764
643	5489
643	5649
643	5891
643	5892
643	6585
643	6890
643	7575
643	7579
645	4204
646	4327
646	9326
647	1636
647	1817
647	2207
647	3166
647	3702
647	4705
647	6454
647	7328
647	8685
648	7950
650	821
650	1002
650	1228
650	1545
650	1595
650	2347
650	2613
650	2785
650	4631
650	4650
650	4711
650	5498
650	5567
650	6203
650	7205
650	8825
650	9190
650	9205
650	9263
650	9265
650	9266
651	6573
652	5139
653	762
653	1418
653	1738
653	1867
653	1878
653	1880
653	1881
653	1886
653	1887
653	1888
653	1980
653	3999
653	4137
653	5489
653	5649
653	5891
653	5892
653	6585
653	6890
653	7575
653	7579
656	8186
657	6573
658	3626
658	4204
658	5444
659	496
659	605
659	720
659	749
659	755
659	834
659	835
659	855
659	1217
659	1265
659	1287
659	1474
659	1548
659	1945
659	2191
659	2514
659	2530
659	3544
659	3691
659	4044
659	4351
659	4988
659	5024
659	5063
659	5139
659	5759
659	6059
659	6068
659	6419
659	6443
659	6880
659	7179
659	7536
659	7623
659	7624
659	7625
659	8085
659	8435
659	8672
659	8685
659	8687
659	8710
659	8942
659	9276
659	9329
659	9331
660	5139
660	5898
661	5876
662	6277
663	2708
663	5190
663	5555
663	5891
663	6625
663	6716
663	6722
663	6728
663	6732
663	7853
663	8825
664	4646
665	1790
665	1905
665	2393
665	3875
665	4707
665	4998
665	5028
665	5133
665	6271
665	7110
665	8881
666	5444
667	1186
668	6481
668	9666
669	6373
669	6470
670	7732
670	8951
673	6573
674	5059
674	5878
674	6104
674	6614
675	1099
675	1155
675	1712
675	2096
675	3443
675	3445
675	3667
675	5103
675	5451
675	5612
675	6115
675	6228
675	6477
675	6798
675	6973
675	7986
675	9671
676	496
676	747
676	791
676	821
676	834
676	878
676	976
676	1036
676	1163
676	1217
676	1354
676	1417
676	1430
676	1480
676	1545
676	1548
676	1790
676	1823
676	1866
676	1868
676	1879
676	1880
676	1886
676	1887
676	1888
676	1908
676	1937
676	1945
676	1959
676	1999
676	2077
676	2190
676	2264
676	2311
676	2328
676	2352
676	2384
676	2389
676	2408
676	2409
676	2440
676	2613
676	2712
676	2746
676	2829
676	3052
676	3160
676	3335
676	3661
676	3691
676	3837
676	3873
676	3875
676	3993
676	4349
676	4561
676	4583
676	4604
676	4611
676	4631
676	4694
676	4707
676	4711
676	4899
676	4900
676	4914
676	4916
676	4928
676	4931
676	4953
676	4963
676	5113
676	5139
676	5169
676	5173
676	5220
676	5376
676	5377
676	5432
676	5528
676	5780
676	5928
676	5980
676	6271
676	6273
676	6368
676	6542
676	6547
676	6658
676	6735
676	7041
676	7062
676	7103
676	7117
676	7151
676	7179
676	7339
676	7623
676	7624
676	7625
676	7646
676	7714
676	7730
676	7811
676	7816
676	7821
676	7824
676	7966
676	7991
676	8049
676	8313
676	8422
676	8436
676	8802
676	8881
676	8908
676	8942
676	9205
676	9263
676	9428
676	9754
677	1217
677	1548
677	1945
677	5756
677	6886
677	7179
677	7623
677	7624
677	7625
677	8463
677	8942
678	1484
678	2536
678	5139
678	7817
678	8443
680	5139
681	8286
682	133
682	712
682	1766
682	1797
682	5139
682	6975
682	7456
683	834
683	5139
684	1722
684	4055
685	791
685	836
685	995
685	1741
685	1890
685	2524
685	2875
685	3266
685	4567
685	6061
685	7918
685	8865
685	8940
686	762
686	1738
686	1867
686	1878
686	1880
686	1881
686	1886
686	1887
686	1888
686	1980
686	4137
686	5489
686	5649
686	5891
686	5892
686	6585
686	6890
686	7575
686	7579
687	2273
688	834
688	2430
688	6957
688	8685
691	6573
693	5659
693	6382
693	6758
693	7360
693	8455
693	8545
695	834
695	8685
698	2018
699	2486
700	9095
701	164
701	1631
701	6189
702	3626
702	5444
702	6771
703	605
704	5139
705	5139
706	2377
706	3071
707	1226
707	4422
707	6873
707	8948
708	3626
708	4204
708	5444
709	762
709	1738
709	1867
709	1878
709	1880
709	1881
709	1886
709	1887
709	1888
709	1980
709	4137
709	5489
709	5649
709	5891
709	5892
709	6585
709	6890
709	7575
709	7579
710	5063
710	5139
711	5139
711	7379
712	133
712	1667
712	2109
712	2352
712	4277
712	4387
712	5139
712	6032
712	7228
712	8620
712	9018
713	1226
713	5139
714	5139
715	8685
716	6601
717	491
717	2913
717	4336
717	4478
717	5063
717	6975
717	8051
717	8702
717	9282
718	3626
718	4204
718	5444
719	726
719	747
719	751
719	834
719	1285
719	1636
719	2352
719	2517
719	2523
719	3939
719	4589
719	5063
719	5139
719	5759
719	6059
719	6550
719	7536
719	8685
720	5139
720	5759
720	6260
721	5063
721	5139
721	5173
721	7817
722	1010
722	7227
724	3626
724	4204
724	5444
726	747
726	749
726	751
726	834
726	1043
726	1050
726	1185
726	1280
726	1293
726	1856
726	2352
726	2523
726	4589
726	4661
726	5063
726	5139
726	5298
726	5759
726	6059
726	6550
726	6586
726	6799
726	8430
726	8685
726	8926
726	9313
727	5139
727	6470
728	2287
728	3357
729	4764
730	5139
734	2791
734	5734
734	7788
735	7732
736	5139
736	8668
737	5139
739	51
739	52
739	544
739	2498
739	2942
739	3020
739	3260
739	4137
739	4277
739	4295
739	4326
739	5489
739	7230
739	7627
739	7749
739	8052
739	8604
739	9350
740	3827
740	7069
741	749
741	1281
741	1583
741	1747
741	2125
741	2640
741	2821
741	4480
741	4567
741	4831
741	5759
741	6283
741	6443
741	6458
741	6589
741	7158
741	7563
741	7705
741	7958
741	8940
742	747
742	1135
742	1293
742	1724
742	2974
742	3481
742	4667
742	5139
742	8137
742	8949
743	848
743	1806
743	1844
743	3419
743	3771
743	4619
743	5610
743	6147
743	6338
743	6346
743	6598
743	7215
743	7389
743	8685
743	8697
745	747
745	1865
745	1866
745	1868
745	1879
745	1880
745	1886
745	1887
745	1888
745	2125
745	3253
745	3266
745	3786
745	4561
745	4577
745	4583
745	4611
745	4769
745	5432
745	6433
745	7730
745	8101
745	8443
745	8854
745	8908
745	9174
746	790
746	835
746	1136
746	1157
746	1605
746	1706
746	1984
746	2419
746	2615
746	2830
746	3483
746	4189
746	4392
746	4546
746	4568
746	4674
746	4726
746	5139
746	5294
746	5299
746	5392
746	5931
746	6058
746	6304
746	6873
746	7996
746	8122
746	8788
746	8827
746	9297
747	122
747	279
747	302
747	749
747	751
747	789
747	790
747	803
747	832
747	834
747	876
747	907
747	1035
747	1043
747	1050
747	1072
747	1135
747	1185
747	1214
747	1280
747	1285
747	1293
747	1558
747	1636
747	1724
747	1821
747	2270
747	2331
747	2397
747	2704
747	2732
747	2812
747	2820
747	2821
747	2822
747	2974
747	3181
747	3343
747	3409
747	3439
747	3472
747	3481
747	3624
747	3829
747	3939
747	4044
747	4083
747	4123
747	4295
747	4408
747	4661
747	4667
747	4855
747	5063
747	5444
747	5759
747	5764
747	5878
747	5888
747	5889
747	5934
747	6059
747	6170
747	6376
747	6550
747	6609
747	6616
747	6618
747	6732
747	6903
747	7025
747	7179
747	7378
747	7536
747	7786
747	7854
747	7918
747	8041
747	8137
747	8236
747	8430
747	8695
747	8907
747	8949
747	8962
747	9276
747	9334
748	5139
749	751
749	755
749	834
749	835
749	836
749	855
749	959
749	1032
749	1043
749	1047
749	1048
749	1226
749	1269
749	1276
749	1293
749	1369
749	1417
749	1474
749	1945
749	2191
749	2200
749	2312
749	2354
749	2504
749	2514
749	2546
749	2822
749	2833
749	3037
749	3201
749	3266
749	3441
749	3446
749	3447
749	3544
749	3548
749	3626
749	3700
749	3753
749	3774
749	3945
749	4204
749	4230
749	4280
749	4351
749	4589
749	4592
749	4661
749	5024
749	5139
749	5224
749	5405
749	5417
749	5444
749	5684
749	5759
749	6059
749	6068
749	6419
749	6443
749	6625
749	7536
749	7559
749	7561
749	7958
749	8013
749	8085
749	8460
749	8610
749	8611
749	8672
749	8685
749	8710
749	8854
749	8940
749	9055
749	9313
750	5139
751	803
751	832
751	1265
751	1276
751	2352
751	2523
751	3492
751	3985
751	4589
751	4600
751	4661
751	4734
751	5024
751	5063
751	5139
751	5444
751	5759
751	6059
751	7749
751	8041
751	9313
752	3049
752	5139
752	7238
752	7816
753	3626
753	4204
753	5444
754	5139
755	791
755	1225
755	1269
755	1474
755	2514
755	3266
755	3447
755	3544
755	3945
755	4280
755	4581
755	5139
755	6062
755	8179
755	8470
755	8672
756	51
756	52
756	2498
756	2942
756	4137
756	4295
756	8052
756	9350
757	834
757	4924
757	5063
757	6173
759	3763
759	7228
760	3564
760	7501
760	8321
761	1713
761	3626
761	5444
762	953
762	956
762	968
762	981
762	983
762	989
762	995
762	997
762	1012
762	1017
762	1035
762	1121
762	1215
762	1310
762	1325
762	1500
762	1508
762	1533
762	1538
762	1540
762	1580
762	1611
762	1685
762	1701
762	1727
762	1746
762	1767
762	1782
762	1797
762	1821
762	1838
762	1839
762	1876
762	1923
762	1969
762	2101
762	2319
762	2356
762	2362
762	2493
762	2552
762	2781
762	2840
762	2861
762	2884
762	2945
762	2951
762	3000
762	3021
762	3064
762	3107
762	3121
762	3195
762	3330
762	3394
762	3503
762	3531
762	3532
762	3720
762	3812
762	3819
762	3825
762	3876
762	3908
762	3927
762	3939
762	3997
762	4027
762	4272
762	4313
762	4374
762	4439
762	4545
762	4591
762	4643
762	4762
762	4858
762	5187
762	5287
762	5289
762	5333
762	5451
762	5508
762	5605
762	5881
762	5882
762	5884
762	5906
762	5966
762	5977
762	6132
762	6161
762	6177
762	6353
762	6376
762	6377
762	6437
762	6452
762	6655
762	6760
762	6772
762	6855
762	6856
762	7048
762	7086
762	7100
762	7103
762	7110
762	7214
762	7234
762	7267
762	7274
762	7356
762	7386
762	7415
762	7422
762	7535
762	7700
762	7757
762	7826
762	7834
762	7859
762	7876
762	7877
762	7944
762	7970
762	7988
762	8159
762	8186
762	8247
762	8274
762	8359
762	8389
762	8440
762	8451
762	8493
762	8627
762	8701
762	8756
762	8788
762	8954
762	8998
762	9033
762	9043
762	9125
762	9292
762	9509
762	9601
762	9742
763	4623
765	3626
765	4204
765	5444
766	5139
767	3151
768	1249
768	1410
768	1654
768	2402
768	2613
768	2829
768	3053
768	4622
768	4919
768	4940
768	5133
768	5169
768	6366
768	7076
768	7078
768	7339
768	8881
768	9266
769	1043
769	4558
769	5024
769	5139
770	5139
771	6573
772	4289
774	876
775	5063
776	5139
777	8304
778	3626
778	4204
778	5139
778	5444
779	3626
779	4204
779	5444
781	876
781	3245
782	4221
783	2621
785	834
785	1276
785	1280
785	1285
785	1374
785	2177
785	2352
785	2530
785	3327
785	3372
785	3396
785	3752
785	3760
785	3765
785	4083
785	4592
785	4684
785	4992
785	5024
785	5063
785	5139
785	5316
785	5759
785	5764
785	6211
785	6238
785	6241
785	6244
785	6253
785	6260
785	6331
785	6720
785	6722
785	6732
785	6852
785	6880
785	7079
785	7179
785	7414
785	7999
785	8611
785	9065
785	9084
785	9296
785	9330
785	9389
786	5139
787	6067
788	2437
788	8764
789	790
789	1226
789	1379
789	2397
789	2812
789	3539
789	5063
789	5139
789	6734
789	9071
789	9338
789	9342
790	835
790	846
790	1136
790	1157
790	1252
790	1706
790	1866
790	1868
790	1879
790	1880
790	1886
790	1887
790	1888
790	1984
790	2397
790	2419
790	2621
790	2730
790	2812
790	2829
790	2830
790	2852
790	3010
790	3824
790	4187
790	4189
790	4204
790	4561
790	4565
790	4568
790	4583
790	4611
790	4674
790	4726
790	4978
790	5031
790	5063
790	5139
790	5294
790	5299
790	5392
790	5432
790	5786
790	5931
790	6058
790	6063
790	6304
790	6567
790	6873
790	7327
790	7730
790	7996
790	8122
790	8175
790	8788
790	8827
790	8908
790	9116
790	9297
791	993
791	997
791	1174
791	1726
791	1945
791	1968
791	2173
791	2225
791	2523
791	2640
791	3626
791	4238
791	4351
791	4543
791	4576
791	4581
791	4584
791	4825
791	5139
791	5405
791	5488
791	6057
791	6221
791	6432
791	6617
791	7180
791	7561
791	8710
791	8829
792	5139
793	834
793	5139
795	5139
796	3777
797	0
797	42
797	43
797	80
797	93
797	111
797	112
797	141
797	150
797	206
797	208
797	219
797	227
797	251
797	257
797	263
797	272
797	274
797	277
797	308
797	318
797	389
797	393
797	394
797	403
797	407
797	424
797	431
797	438
797	447
797	451
797	455
797	463
797	473
797	489
797	549
797	567
797	623
797	650
797	671
797	685
797	692
797	696
797	714
797	733
797	745
797	780
797	784
797	799
797	805
797	823
797	824
797	835
797	836
797	874
797	911
797	937
797	1009
797	1036
797	1059
797	1078
797	1080
797	1093
797	1106
797	1128
797	1148
797	1161
797	1169
797	1182
797	1233
797	1234
797	1239
797	1247
797	1250
797	1278
797	1316
797	1329
797	1454
797	1466
797	1469
797	1476
797	1515
797	1525
797	1530
797	1577
797	1578
797	1629
797	1637
797	1641
797	1644
797	1645
797	1647
797	1652
797	1707
797	1740
797	1743
797	1747
797	1752
797	1758
797	1775
797	1781
797	1809
797	1818
797	1824
797	1826
797	1889
797	1908
797	1925
797	1972
797	1989
797	1999
797	2006
797	2112
797	2139
797	2141
797	2146
797	2151
797	2158
797	2186
797	2203
797	2244
797	2253
797	2300
797	2308
797	2329
797	2334
797	2342
797	2351
797	2352
797	2377
797	2388
797	2395
797	2419
797	2429
797	2467
797	2472
797	2542
797	2561
797	2582
797	2642
797	2726
797	2734
797	2740
797	2792
797	2794
797	2797
797	2817
797	2834
797	2843
797	2912
797	2923
797	2924
797	2941
797	2943
797	2945
797	2948
797	2962
797	2975
797	2998
797	3009
797	3010
797	3038
797	3050
797	3059
797	3062
797	3065
797	3093
797	3180
797	3186
797	3193
797	3197
797	3199
797	3201
797	3232
797	3243
797	3247
797	3264
797	3287
797	3308
797	3317
797	3320
797	3326
797	3327
797	3336
797	3360
797	3362
797	3370
797	3373
797	3377
797	3389
797	3408
797	3434
797	3487
797	3488
797	3496
797	3539
797	3543
797	3559
797	3591
797	3598
797	3612
797	3625
797	3673
797	3677
797	3684
797	3691
797	3695
797	3744
797	3749
797	3859
797	3861
797	3863
797	3914
797	3919
797	3923
797	3934
797	3955
797	3967
797	3970
797	3978
797	3982
797	3988
797	3993
797	4014
797	4026
797	4044
797	4064
797	4082
797	4109
797	4114
797	4119
797	4145
797	4146
797	4150
797	4200
797	4204
797	4208
797	4224
797	4225
797	4245
797	4269
797	4305
797	4387
797	4402
797	4464
797	4527
797	4528
797	4533
797	4597
797	4603
797	4615
797	4641
797	4647
797	4655
797	4663
797	4664
797	4668
797	4671
797	4680
797	4706
797	4732
797	4752
797	4753
797	4763
797	4774
797	4802
797	4844
797	4937
797	4985
797	5020
797	5081
797	5087
797	5128
797	5139
797	5148
797	5150
797	5192
797	5206
797	5212
797	5226
797	5231
797	5238
797	5391
797	5419
797	5438
797	5449
797	5457
797	5482
797	5538
797	5581
797	5582
797	5651
797	5653
797	5677
797	5691
797	5711
797	5751
797	5788
797	5791
797	5792
797	5879
797	5901
797	5903
797	5919
797	5929
797	5940
797	5943
797	5945
797	5953
797	5955
797	5983
797	6022
797	6043
797	6054
797	6058
797	6073
797	6104
797	6121
797	6138
797	6155
797	6181
797	6222
797	6231
797	6242
797	6263
797	6268
797	6269
797	6272
797	6297
797	6302
797	6328
797	6329
797	6333
797	6337
797	6340
797	6351
797	6359
797	6360
797	6361
797	6380
797	6400
797	6407
797	6449
797	6466
797	6469
797	6476
797	6505
797	6507
797	6522
797	6524
797	6534
797	6536
797	6539
797	6541
797	6546
797	6547
797	6548
797	6567
797	6576
797	6596
797	6674
797	6683
797	6695
797	6720
797	6728
797	6749
797	6750
797	6782
797	6789
797	6795
797	6806
797	6818
797	6862
797	6866
797	6902
797	6916
797	6944
797	6949
797	6950
797	7004
797	7046
797	7067
797	7078
797	7080
797	7083
797	7085
797	7089
797	7090
797	7097
797	7098
797	7102
797	7105
797	7106
797	7110
797	7111
797	7115
797	7121
797	7127
797	7132
797	7134
797	7135
797	7137
797	7140
797	7141
797	7149
797	7166
797	7178
797	7189
797	7231
797	7238
797	7259
797	7264
797	7336
797	7362
797	7367
797	7408
797	7428
797	7462
797	7474
797	7476
797	7526
797	7527
797	7538
797	7602
797	7610
797	7613
797	7630
797	7654
797	7679
797	7682
797	7753
797	7758
797	7760
797	7785
797	7789
797	7794
797	7811
797	7832
797	7850
797	7856
797	7860
797	7865
797	7873
797	7928
797	7944
797	7959
797	7971
797	7978
797	7987
797	7989
797	7990
797	7994
797	8003
797	8004
797	8015
797	8029
797	8057
797	8072
797	8075
797	8110
797	8125
797	8149
797	8150
797	8155
797	8163
797	8185
797	8192
797	8198
797	8203
797	8222
797	8223
797	8260
797	8264
797	8380
797	8398
797	8401
797	8422
797	8442
797	8550
797	8569
797	8572
797	8575
797	8616
797	8642
797	8679
797	8683
797	8685
797	8702
797	8712
797	8744
797	8750
797	8784
797	8791
797	8793
797	8803
797	8810
797	8831
797	8857
797	8860
797	8871
797	8889
797	8915
797	8924
797	8931
797	8944
797	8953
797	8960
797	8961
797	8962
797	8987
797	9010
797	9012
797	9078
797	9106
797	9113
797	9135
797	9153
797	9194
797	9218
797	9249
797	9293
797	9306
797	9333
797	9358
797	9384
797	9397
797	9459
797	9510
797	9529
797	9542
797	9595
797	9639
797	9656
797	9677
797	9702
797	9708
798	9333
800	5063
801	4413
801	8005
802	5063
803	832
803	5139
803	5444
803	8041
804	4204
804	7410
806	6573
807	3435
808	1226
808	5274
808	7697
809	1726
810	4023
810	7211
811	6573
812	3626
812	4204
812	5063
812	5444
814	7311
817	1343
817	2264
817	2299
817	2375
817	2385
817	2608
817	2829
817	3159
817	3329
817	3335
817	4718
817	5139
817	5975
817	6271
817	6967
817	7355
817	7912
817	8881
817	9080
817	9263
817	9361
818	5063
818	5139
819	5139
820	5139
821	1338
821	1340
821	1343
821	1636
821	1999
821	2613
821	2746
821	2829
821	3160
821	3177
821	3329
821	3691
821	3993
821	4323
821	4486
821	4604
821	4650
821	4707
821	5063
821	5133
821	5224
821	5498
821	5567
821	5873
821	6254
821	6271
821	6366
821	6388
821	6806
821	7062
821	7314
821	7339
821	7683
821	7887
821	8881
821	9263
821	9265
821	9754
822	5063
822	5139
824	8685
825	5139
826	5139
827	1176
827	3626
827	4204
827	5444
830	3928
830	6674
830	8976
831	1600
831	1997
831	4696
831	5370
831	6013
831	6249
831	6331
831	7107
831	9667
832	835
832	1043
832	1417
832	1418
832	2352
832	2821
832	2852
832	2880
832	3451
832	3626
832	3654
832	3753
832	4562
832	4589
832	4661
832	5063
832	5139
832	5444
832	6059
832	6114
832	7928
832	8016
832	8041
832	8137
832	8695
832	9168
832	9471
833	4607
833	9427
834	835
834	838
834	1048
834	1139
834	1227
834	1252
834	1269
834	1276
834	1280
834	1285
834	1306
834	1374
834	1417
834	1418
834	1971
834	2177
834	2287
834	2352
834	2530
834	2597
834	2791
834	2860
834	2880
834	3327
834	3372
834	3396
834	3451
834	3457
834	3752
834	3760
834	3765
834	4083
834	4592
834	4684
834	4685
834	4977
834	4992
834	5024
834	5139
834	5316
834	5439
834	5759
834	5764
834	5891
834	6204
834	6211
834	6238
834	6241
834	6244
834	6253
834	6260
834	6331
834	6390
834	6443
834	6573
834	6596
834	6720
834	6721
834	6722
834	6725
834	6726
834	6732
834	6799
834	6806
834	6852
834	6880
834	7079
834	7179
834	7221
834	7414
834	7747
834	7999
834	8435
834	8611
834	8672
834	8685
834	8687
834	9065
834	9084
834	9086
834	9159
834	9276
834	9296
834	9310
834	9330
834	9332
834	9389
835	198
835	846
835	855
835	1004
835	1136
835	1157
835	1174
835	1252
835	1265
835	1269
835	1288
835	1417
835	1418
835	1474
835	1477
835	1706
835	1945
835	1971
835	1972
835	1984
835	2113
835	2191
835	2419
835	2514
835	2525
835	2615
835	2621
835	2730
835	2829
835	2830
835	2852
835	2860
835	3010
835	3201
835	3373
835	3447
835	3455
835	3483
835	3544
835	3548
835	3626
835	3753
835	3824
835	3970
835	4078
835	4187
835	4189
835	4295
835	4562
835	4565
835	4568
835	4589
835	4592
835	4674
835	4726
835	4734
835	4808
835	4978
835	5024
835	5031
835	5039
835	5063
835	5139
835	5142
835	5224
835	5294
835	5299
835	5392
835	5444
835	5553
835	5696
835	5759
835	5764
835	5786
835	5931
835	6058
835	6063
835	6068
835	6102
835	6304
835	6390
835	6407
835	6443
835	6567
835	6573
835	6721
835	6722
835	6725
835	6726
835	6728
835	6799
835	6873
835	7087
835	7327
835	7362
835	7536
835	7705
835	7761
835	7919
835	7996
835	8061
835	8085
835	8122
835	8175
835	8685
835	8687
835	8710
835	8788
835	8827
835	8865
835	8940
835	9086
835	9116
835	9276
835	9297
835	9310
835	9330
835	9331
835	9332
835	9333
835	9334
836	855
836	1032
836	1269
836	1281
836	1293
836	1474
836	1747
836	1890
836	1968
836	2365
836	2514
836	2822
836	3266
836	3447
836	3544
836	3548
836	3753
836	4295
836	4566
836	4592
836	4627
836	4831
836	5224
836	5759
836	5787
836	6059
836	6068
836	6443
836	7536
836	8085
836	8710
836	9030
836	9655
837	5139
838	1151
838	2058
838	2822
838	3062
838	4078
838	4188
838	4562
838	4977
838	5063
838	5139
838	5759
838	6438
838	6561
838	6573
838	6799
838	7518
838	8639
838	8685
839	6909
840	3823
841	834
841	3867
842	2165
842	2477
842	5063
842	6342
843	3170
844	8502
845	2292
846	2238
846	2829
846	3033
846	4489
846	5139
846	6235
846	6534
846	8849
847	3626
847	3827
847	5444
847	5980
847	6715
847	8790
848	1008
848	4489
848	6675
849	8397
850	5139
851	836
851	4071
851	7457
854	5139
855	959
855	1043
855	1225
855	1269
855	1474
855	1741
855	2191
855	2514
855	2874
855	3266
855	3447
855	3544
855	3548
855	3753
855	4280
855	4295
855	4351
855	4592
855	4651
855	5224
855	5417
855	6068
855	6443
855	7536
855	8013
855	8085
855	8672
855	8710
856	922
856	2475
856	2634
856	3268
857	5059
858	834
858	5139
860	3626
860	4204
860	5444
861	3626
861	4204
861	5444
862	2171
862	4641
862	5139
863	6250
863	6255
864	3626
864	4204
864	5444
865	1304
866	5059
867	1410
867	1790
867	2385
867	2613
867	3875
867	5028
867	5133
867	6271
867	6539
867	7078
867	8225
868	5139
869	3985
869	4600
869	4983
869	6059
869	6923
869	7413
869	8690
870	1252
870	1417
870	3906
870	5063
870	5139
871	872
872	3626
872	4204
872	5444
873	874
873	3534
875	5139
875	8685
876	1240
876	1603
876	1866
876	1868
876	1879
876	1880
876	1886
876	1887
876	1888
876	2806
876	3081
876	4561
876	4583
876	4611
876	5059
876	5432
876	5930
876	6344
876	7730
876	7770
876	8159
876	8908
876	9565
877	676
877	1336
877	1338
877	1340
877	1417
877	1480
877	1545
877	2225
877	2393
877	4052
877	4195
877	4323
877	4679
877	4707
877	5133
877	5226
877	6366
877	6628
877	7103
877	7205
877	7314
877	7529
877	7536
877	7974
877	9263
877	9336
877	9637
878	1340
878	1343
878	2264
878	2829
878	3329
878	3626
878	4052
878	4114
878	4204
878	4908
878	4955
878	5028
878	5133
878	5291
878	5444
878	5468
878	5532
878	6203
878	6271
878	6388
878	6821
878	7078
878	7887
878	8802
878	9726
878	9754
879	1066
879	1362
879	1984
879	2101
879	2687
879	3507
879	4185
879	4666
879	6397
880	1157
881	1671
881	3166
883	8632
886	1200
887	1103
888	5139
889	4425
890	1132
890	3426
893	4413
894	1997
894	6726
896	5139
897	6771
898	4204
899	3422
901	5139
902	1566
903	7562
904	1226
905	2299
905	3763
905	4204
905	6820
905	7126
905	7439
905	7821
905	9145
906	4923
907	1866
907	1868
907	1879
907	1880
907	1886
907	1887
907	1888
907	4561
907	4583
907	4611
907	5432
907	7730
907	7821
907	8908
908	5139
909	1227
909	1334
909	5139
909	6902
909	7536
909	8679
910	5139
913	5139
914	5774
914	8203
915	1908
915	5235
916	5063
917	2018
918	2796
919	3626
919	4204
919	5444
920	3541
921	5139
923	3626
923	4204
923	5444
924	834
924	3626
924	4204
924	5139
924	5444
925	1368
925	2117
925	6717
927	3571
927	5444
928	8829
929	8671
930	6715
933	2796
933	3626
933	4204
933	5444
934	3626
934	4204
934	5444
936	3626
936	4204
936	5444
938	6711
940	3626
940	4204
940	5444
940	7371
940	7950
942	5232
944	5569
946	5139
947	3626
947	4204
947	5444
948	6246
949	834
949	8650
951	3626
951	4204
951	5444
952	3606
953	1738
953	1867
953	1878
953	1880
953	1881
953	1886
953	1887
953	1888
953	1980
953	4137
953	5489
953	5649
953	5883
953	5891
953	5892
953	6585
953	6890
953	7575
953	7579
954	834
955	1323
955	4023
956	1738
956	1867
956	1878
956	1880
956	1881
956	1886
956	1887
956	1888
956	1980
956	4137
956	5489
956	5649
956	5891
956	5892
956	6585
956	6890
956	7575
956	7579
958	1201
959	1032
959	1269
959	1474
959	3446
959	3447
959	3544
959	3786
959	4295
959	4351
959	4592
959	6062
959	6068
959	6443
959	7536
959	8085
959	8672
959	8710
960	3626
960	4204
960	5444
961	3060
961	5192
961	6120
961	6342
961	6772
962	2846
963	1556
963	2372
964	1532
966	5063
967	5063
967	6573
968	1738
968	1867
968	1878
968	1880
968	1881
968	1886
968	1887
968	1888
968	1980
968	3626
968	4137
968	4204
968	5444
968	5489
968	5649
968	5891
968	5892
968	6585
968	6890
968	7575
968	7579
970	3626
970	4204
970	5444
971	3626
971	4204
971	5444
973	2018
973	5139
974	3626
974	4204
974	5444
975	3626
975	4204
975	5444
976	1908
976	3159
976	3691
976	3875
976	4323
976	5291
976	5928
976	6271
976	6366
976	6896
976	7004
976	7078
976	7999
978	7428
979	8685
980	1103
980	1277
980	6635
980	9415
981	1738
981	1867
981	1878
981	1880
981	1881
981	1886
981	1887
981	1888
981	1980
981	4137
981	5489
981	5649
981	5891
981	5892
981	6585
981	6890
981	7575
981	7579
982	6573
983	1217
983	1548
983	1738
983	1867
983	1878
983	1880
983	1881
983	1886
983	1887
983	1888
983	1945
983	1980
983	4137
983	5489
983	5649
983	5891
983	5892
983	6585
983	6890
983	7179
983	7575
983	7579
983	7623
983	7624
983	7625
983	8942
985	3626
985	4204
985	5444
986	4628
987	834
987	3626
987	4204
987	5444
988	5139
989	1178
989	1202
989	1704
989	2146
989	2602
989	2877
989	4066
989	4255
989	4559
989	5673
989	6178
989	6345
989	6910
989	7177
989	7379
989	8170
989	9423
990	2460
991	1217
991	1548
991	1945
991	7179
991	7623
991	7624
991	7625
991	8942
992	1217
992	1548
992	1945
992	2524
992	3136
992	6061
992	6619
992	7179
992	7623
992	7624
992	7625
992	7958
992	8942
993	3266
993	3544
993	5063
993	6059
993	6061
993	9313
994	1754
994	2125
994	3945
994	4577
994	5684
994	6057
994	6062
994	7705
995	1174
995	1738
995	1867
995	1878
995	1880
995	1881
995	1886
995	1887
995	1888
995	1980
995	2514
995	3266
995	3939
995	4137
995	5365
995	5489
995	5649
995	5891
995	5892
995	6585
995	6890
995	7575
995	7579
996	2142
996	3626
996	5063
996	5444
997	1287
997	1738
997	1747
997	1867
997	1878
997	1880
997	1881
997	1886
997	1887
997	1888
997	1890
997	1980
997	2125
997	2365
997	2523
997	2875
997	3253
997	3544
997	4137
997	4295
997	4480
997	4567
997	4577
997	4581
997	4605
997	4627
997	5063
997	5389
997	5442
997	5489
997	5649
997	5891
997	5892
997	5901
997	6062
997	6102
997	6419
997	6433
997	6505
997	6573
997	6585
997	6617
997	6890
997	7575
997	7579
997	7958
997	8012
997	8443
997	8940
997	9055
998	6618
1000	5139
1001	3626
1001	4204
1001	5444
1002	1352
1002	1545
1002	1595
1002	2829
1002	3177
1002	3875
1002	4323
1002	4650
1002	5498
1002	7974
1002	8881
1002	9263
1002	9265
1003	5139
1003	5274
1004	1186
1004	1973
1004	2419
1004	2852
1004	3970
1004	4187
1004	4189
1004	4568
1004	4674
1004	4726
1004	4978
1004	5294
1004	5299
1004	5392
1004	6304
1004	6567
1004	7327
1004	7996
1005	4603
1005	6364
1006	1391
1006	4256
1006	7223
1008	1768
1008	2358
1008	2359
1008	4570
1008	5138
1008	5669
1008	5694
1008	7158
1010	1054
1010	2621
1010	5442
1011	3626
1011	4204
1011	5139
1011	5444
1012	1738
1012	1867
1012	1878
1012	1880
1012	1881
1012	1886
1012	1887
1012	1888
1012	1980
1012	4137
1012	5489
1012	5649
1012	5891
1012	5892
1012	6585
1012	6890
1012	7575
1012	7579
1013	3385
1013	4465
1013	4977
1013	5292
1013	6080
1013	6232
1013	7978
1014	5382
1015	5529
1016	3071
1016	5767
1016	8935
1017	179
1017	453
1017	688
1017	1005
1017	1157
1017	1480
1017	1738
1017	1817
1017	1867
1017	1878
1017	1880
1017	1881
1017	1886
1017	1887
1017	1888
1017	1980
1017	2103
1017	2829
1017	3117
1017	3123
1017	3124
1017	3275
1017	3276
1017	3327
1017	4137
1017	5292
1017	5489
1017	5649
1017	5891
1017	5892
1017	6353
1017	6408
1017	6516
1017	6580
1017	6585
1017	6890
1017	6957
1017	7575
1017	7579
1017	7978
1017	9040
1017	9341
1017	9465
1017	9714
1018	834
1021	1340
1021	1352
1021	1790
1021	2384
1021	2385
1021	2393
1021	2613
1021	2746
1021	2829
1021	3159
1021	3160
1021	3626
1021	3875
1021	4102
1021	4204
1021	4323
1021	4711
1021	5133
1021	5369
1021	5444
1021	5716
1021	5928
1021	6271
1021	6366
1021	6388
1021	6539
1021	6639
1021	6806
1021	7078
1021	7094
1021	7103
1021	7205
1021	7529
1021	7887
1021	8216
1021	8881
1021	8907
1021	9205
1021	9263
1021	9336
1021	9637
1022	317
1022	2064
1022	3241
1022	5139
1022	8620
1022	8844
1023	5139
1024	5139
1025	5139
1026	5139
1027	5139
1028	5139
1029	5139
1030	1296
1031	3626
1031	4204
1031	5444
1032	1474
1032	1741
1032	2191
1032	2640
1032	3062
1032	3447
1032	3544
1032	3548
1032	3626
1032	4204
1032	4295
1032	4480
1032	4563
1032	4567
1032	4569
1032	4592
1032	5417
1032	5444
1032	6057
1032	6068
1032	6443
1032	7518
1032	7536
1032	8085
1032	8648
1032	8710
1035	1217
1035	1548
1035	1738
1035	1866
1035	1867
1035	1868
1035	1878
1035	1879
1035	1880
1035	1881
1035	1886
1035	1887
1035	1888
1035	1945
1035	1980
1035	2829
1035	3329
1035	4137
1035	4561
1035	4583
1035	4611
1035	5133
1035	5432
1035	5489
1035	5649
1035	5891
1035	5892
1035	6585
1035	6890
1035	7179
1035	7575
1035	7579
1035	7623
1035	7624
1035	7625
1035	7730
1035	8881
1035	8908
1035	8942
1036	2613
1036	3053
1036	3875
1036	4604
1036	5133
1036	5975
1036	6532
1036	8365
1037	5332
1038	5517
1039	6069
1039	6341
1040	5139
1040	6564
1041	5139
1042	834
1042	2621
1042	4485
1042	4669
1042	7609
1042	9530
1042	9554
1043	1047
1043	1048
1043	1050
1043	1185
1043	1293
1043	1856
1043	2354
1043	2621
1043	3037
1043	3181
1043	3700
1043	3774
1043	3985
1043	4204
1043	4558
1043	4589
1043	4600
1043	5024
1043	5139
1043	5573
1043	5759
1043	6059
1043	6204
1043	6304
1043	6550
1043	6799
1043	7161
1043	7958
1043	8430
1043	8435
1043	8603
1043	8610
1043	8611
1043	8685
1043	8926
1043	9149
1043	9150
1043	9313
1044	5139
1045	5139
1045	7706
1046	5139
1047	1048
1047	3774
1047	5139
1047	7958
1047	8610
1047	8611
1048	1222
1048	1252
1048	1280
1048	1288
1048	1294
1048	1392
1048	1417
1048	1418
1048	1475
1048	2083
1048	2642
1048	2721
1048	2880
1048	3438
1048	3774
1048	4204
1048	4589
1048	5024
1048	5063
1048	5139
1048	5347
1048	5759
1048	6304
1048	6530
1048	7030
1048	7958
1048	8603
1048	8610
1048	8611
1048	9159
1048	9168
1048	9313
1049	3451
1049	5139
1049	7381
1050	1856
1050	3181
1050	3985
1050	4589
1050	4600
1050	5139
1050	5759
1050	6799
1050	8685
1050	8926
1050	9149
1050	9150
1051	3626
1051	4204
1051	5444
1051	5592
1052	5190
1053	3626
1053	4204
1053	5444
1054	4257
1054	5932
1054	7230
1055	3626
1055	4204
1055	5444
1055	5612
1058	2668
1058	5056
1058	7439
1058	8058
1058	8685
1059	3848
1059	8725
1060	6573
1061	1391
1061	2215
1061	3545
1061	4259
1061	4825
1061	6686
1064	3757
1064	9071
1065	7439
1065	8346
1066	3626
1066	4204
1066	5444
1067	3583
1067	5072
1067	8005
1068	5063
1069	4485
1069	7609
1070	5139
1071	3626
1071	4204
1071	5444
1072	1866
1072	1868
1072	1879
1072	1880
1072	1886
1072	1887
1072	1888
1072	4561
1072	4583
1072	4611
1072	5432
1072	7730
1072	8908
1073	3626
1073	4204
1073	5444
1074	3626
1074	4204
1074	5444
1074	8084
1075	4489
1076	5139
1077	8902
1080	3416
1080	4023
1080	6719
1080	7441
1080	9717
1081	9286
1082	6958
1082	7430
1082	7431
1082	8679
1082	8685
1082	9576
1083	4204
1083	5444
1084	3269
1084	4418
1084	5139
1084	6282
1084	6564
1084	7408
1085	3626
1085	5444
1086	5139
1087	4979
1088	4808
1088	4953
1088	7997
1088	9596
1089	3626
1089	4204
1089	5444
1090	2712
1091	6573
1092	1173
1092	8369
1093	3626
1093	4204
1093	5444
1094	3626
1094	4204
1094	5444
1096	8269
1097	5139
1098	6389
1099	6573
1100	5139
1101	8685
1102	3626
1102	4204
1102	5444
1103	3206
1103	5139
1103	6341
1105	5139
1106	5139
1107	3626
1107	4204
1107	5444
1109	5139
1110	8685
1111	2487
1111	5899
1111	6834
1114	104
1114	8002
1115	3626
1115	4204
1115	5444
1116	3626
1116	4204
1116	5444
1117	5063
1118	8838
1119	6573
1120	1408
1121	1738
1121	1867
1121	1878
1121	1880
1121	1881
1121	1886
1121	1887
1121	1888
1121	1980
1121	4137
1121	5489
1121	5649
1121	5891
1121	5892
1121	6585
1121	6890
1121	7575
1121	7579
1122	2449
1123	5139
1124	1010
1124	1022
1124	1061
1124	1236
1124	2145
1124	2486
1124	4285
1124	4350
1124	5139
1124	5769
1124	7223
1124	7551
1124	8604
1125	4987
1125	5139
1125	8072
1125	8075
1127	834
1127	8685
1129	5139
1130	1333
1130	3626
1130	4204
1130	4520
1130	4663
1130	5059
1130	5172
1130	5444
1130	6236
1130	8309
1130	8679
1131	1227
1131	1300
1131	5139
1132	5063
1133	2706
1133	5139
1133	5572
1133	6042
1133	9753
1134	327
1134	4916
1134	6957
1134	7315
1134	9440
1135	1293
1135	1724
1135	1806
1135	2974
1135	3481
1135	4667
1135	8137
1135	8949
1136	3626
1136	5444
1137	51
1137	52
1137	2498
1137	2942
1137	3892
1137	4137
1137	4295
1137	4485
1137	5486
1137	5489
1137	5743
1137	6430
1137	6854
1137	6857
1137	6863
1137	7882
1137	8052
1137	8232
1137	8720
1137	8790
1137	9350
1137	9722
1138	8714
1139	5139
1139	6170
1139	8685
1140	2210
1140	2238
1140	2597
1140	3081
1140	3132
1140	4664
1140	5139
1140	6718
1140	8310
1140	8365
1140	8674
1140	8992
1141	1591
1141	2292
1141	2365
1141	4960
1142	1226
1143	693
1143	1667
1143	4278
1143	6059
1144	5139
1144	6565
1144	6775
1144	7838
1144	8225
1146	5139
1147	2385
1147	2613
1147	3875
1147	4323
1147	5063
1148	1575
1148	4643
1148	6835
1148	8280
1150	5464
1151	1570
1151	9212
1154	1197
1156	5139
1157	198
1157	846
1157	1136
1157	1252
1157	1706
1157	1972
1157	1984
1157	2419
1157	2615
1157	2621
1157	2730
1157	2829
1157	2830
1157	2852
1157	2946
1157	3010
1157	3483
1157	3626
1157	3824
1157	3970
1157	4187
1157	4189
1157	4204
1157	4381
1157	4565
1157	4568
1157	4674
1157	4726
1157	4734
1157	4808
1157	4978
1157	5031
1157	5294
1157	5299
1157	5392
1157	5444
1157	5786
1157	5931
1157	6058
1157	6063
1157	6304
1157	6567
1157	6726
1157	6873
1157	7087
1157	7327
1157	7996
1157	8122
1157	8175
1157	8363
1157	8788
1157	8827
1157	9116
1157	9297
1158	3626
1158	5444
1158	9095
1159	6446
1159	7998
1160	3827
1160	4609
1160	4902
1160	6542
1161	3626
1161	4204
1161	5444
1163	2613
1163	3626
1163	3875
1163	4204
1163	5139
1163	5444
1163	6257
1163	8881
1165	3626
1165	4204
1165	5139
1165	5444
1165	8218
1166	1443
1166	1449
1166	1612
1166	1620
1166	2503
1166	3261
1166	3314
1166	3542
1166	4348
1166	4398
1166	4659
1166	4734
1166	4863
1166	4993
1166	5611
1166	5858
1166	5961
1166	6295
1166	6923
1166	7390
1166	7677
1166	8364
1166	8824
1167	3070
1167	7911
1168	415
1170	5759
1170	8049
1171	7537
1172	5139
1174	1754
1174	2640
1174	3971
1174	4295
1174	4351
1174	6419
1174	7561
1174	7705
1174	8085
1174	8710
1174	8940
1175	3626
1175	4204
1175	5444
1175	8406
1176	1953
1176	2401
1176	3627
1176	3680
1176	4806
1176	6353
1176	7019
1176	7248
1176	8218
1177	5139
1178	7410
1179	5139
1180	2623
1181	3626
1181	4204
1181	5444
1181	9682
1184	3626
1184	4204
1184	5444
1185	1293
1185	6550
1185	8430
1185	8685
1186	5859
1186	9103
1187	5139
1187	6573
1189	5139
1190	5139
1191	5139
1192	5139
1194	2417
1194	2949
1194	5005
1194	6419
1194	6588
1194	7978
1195	1217
1195	1548
1195	1945
1195	7179
1195	7623
1195	7624
1195	7625
1195	8942
1196	8608
1197	189
1197	2771
1200	1806
1200	2215
1200	2884
1202	1766
1202	1898
1202	3037
1202	4142
1202	4413
1202	5163
1202	7673
1203	4204
1205	5139
1206	5139
1209	5063
1210	3626
1210	4204
1210	5444
1210	6573
1210	8055
1211	3626
1211	4204
1211	5444
1213	1746
1214	1866
1214	1868
1214	1879
1214	1880
1214	1886
1214	1887
1214	1888
1214	4561
1214	4583
1214	4611
1214	5432
1214	7237
1214	7320
1214	7730
1214	8908
1215	1738
1215	1867
1215	1878
1215	1880
1215	1881
1215	1886
1215	1887
1215	1888
1215	1980
1215	4137
1215	4703
1215	5489
1215	5649
1215	5891
1215	5892
1215	6585
1215	6890
1215	7575
1215	7579
1215	8071
1216	3626
1216	4204
1216	5444
1217	1234
1217	1292
1217	1296
1217	1392
1217	1417
1217	1485
1217	1737
1217	1747
1217	1751
1217	1752
1217	1910
1217	2046
1217	2112
1217	2267
1217	2497
1217	2503
1217	2792
1217	2859
1217	2929
1217	3172
1217	3292
1217	3441
1217	3513
1217	3954
1217	4016
1217	4083
1217	4092
1217	4257
1217	4396
1217	4538
1217	4567
1217	4568
1217	4580
1217	4587
1217	4590
1217	4604
1217	4605
1217	4606
1217	4618
1217	5264
1217	5723
1217	5738
1217	5908
1217	6032
1217	6100
1217	6104
1217	6106
1217	6172
1217	6427
1217	6441
1217	6442
1217	6523
1217	6526
1217	6817
1217	6973
1217	6974
1217	6994
1217	7164
1217	7179
1217	7634
1217	7750
1217	7810
1217	7918
1217	8050
1217	8069
1217	8079
1217	8118
1217	8197
1217	8234
1217	8444
1217	8638
1217	8643
1217	8944
1217	9029
1217	9209
1217	9288
1218	2775
1218	5139
1220	5139
1221	3626
1221	4204
1221	5444
1222	1252
1222	1352
1222	1361
1222	4105
1222	6104
1222	6730
1222	7030
1222	8061
1222	8422
1222	8443
1223	5139
1224	1233
1224	2389
1224	2402
1224	2926
1224	3159
1224	3329
1224	4052
1224	4708
1224	4737
1224	4899
1224	4912
1224	4940
1224	4963
1224	4965
1224	5169
1224	5498
1224	5528
1224	5928
1224	6628
1224	6896
1224	7529
1224	7534
1224	7887
1224	8881
1224	9263
1225	1227
1225	1293
1225	1340
1225	1417
1225	1418
1225	1474
1225	1481
1225	1689
1225	1754
1225	1924
1225	2058
1225	2365
1225	2523
1225	2640
1225	2822
1225	3446
1225	3447
1225	3544
1225	3786
1225	3945
1225	4044
1225	4289
1225	4351
1225	4581
1225	4584
1225	4592
1225	4605
1225	4627
1225	4977
1225	5139
1225	5389
1225	5405
1225	5418
1225	5489
1225	5684
1225	5696
1225	6057
1225	6060
1225	6062
1225	6068
1225	6176
1225	6419
1225	6433
1225	6439
1225	6443
1225	6590
1225	6880
1225	6984
1225	7536
1225	7563
1225	7958
1225	8085
1225	8443
1225	8463
1225	8685
1226	157
1226	1348
1226	1446
1226	1474
1226	1491
1226	1741
1226	1924
1226	1944
1226	1981
1226	2100
1226	2350
1226	2487
1226	2514
1226	2656
1226	3266
1226	3447
1226	3495
1226	3540
1226	3544
1226	3548
1226	3626
1226	3902
1226	4050
1226	4204
1226	4336
1226	4568
1226	5034
1226	5389
1226	5444
1226	5671
1226	5767
1226	5796
1226	5799
1226	5822
1226	5911
1226	5956
1226	6060
1226	6335
1226	6433
1226	6443
1226	6625
1226	7291
1226	7442
1226	7733
1226	7900
1226	7986
1226	8085
1226	8672
1226	8940
1226	9062
1226	9161
1226	9440
1226	9466
1226	9617
1227	1130
1227	1417
1227	1418
1227	2287
1227	3554
1227	4113
1227	4669
1227	4685
1227	5139
1227	5198
1227	5418
1227	6173
1227	6204
1227	6596
1227	8685
1228	1338
1228	1340
1228	1352
1228	1545
1228	1959
1228	2384
1228	2385
1228	2393
1228	2441
1228	2613
1228	2746
1228	3160
1228	3177
1228	3341
1228	3438
1228	3691
1228	3875
1228	4052
1228	4631
1228	4707
1228	4711
1228	4904
1228	5133
1228	5308
1228	5468
1228	5527
1228	5567
1228	5873
1228	6087
1228	6254
1228	6307
1228	6366
1228	6539
1228	6559
1228	6628
1228	6806
1228	6896
1228	7078
1228	7094
1228	7205
1228	8115
1228	8253
1228	8320
1228	8716
1228	8807
1228	8881
1228	8907
1228	8950
1228	9266
1228	9336
1228	9726
1229	1343
1229	2613
1229	2829
1229	3329
1229	3626
1229	3875
1229	4204
1229	5444
1229	6271
1229	6388
1229	6539
1229	7078
1229	7912
1229	9127
1229	9726
1230	4641
1230	4700
1230	4785
1230	5139
1230	6264
1231	2712
1231	3594
1232	3626
1232	3970
1232	4204
1232	5444
1233	2060
1233	2120
1233	2389
1233	4052
1233	4323
1233	4707
1233	4741
1233	4900
1233	4912
1233	4919
1233	4921
1233	4922
1233	4955
1233	4961
1233	4963
1233	4998
1233	5025
1233	5113
1233	5291
1233	5928
1233	6319
1233	6806
1233	7180
1233	7887
1233	8422
1233	9205
1234	1548
1234	1945
1234	7179
1234	7623
1234	7624
1234	7625
1234	8685
1234	8942
1235	3085
1235	9574
1236	225
1236	5139
1236	6496
1236	8467
1237	1492
1237	1953
1237	5139
1238	3571
1240	3081
1240	3083
1240	3084
1240	3517
1240	3626
1240	4204
1240	5059
1240	5139
1240	5444
1240	6255
1240	7768
1240	8236
1240	8790
1240	9065
1241	415
1241	1677
1241	3571
1241	3626
1241	5346
1241	5444
1241	6534
1242	1140
1242	1249
1242	1402
1242	4118
1242	4204
1242	5139
1242	5848
1242	7886
1242	8061
1243	838
1243	1141
1243	1249
1243	1330
1243	1334
1243	1793
1243	2288
1243	3562
1243	3846
1243	3941
1243	5059
1243	6240
1243	6563
1243	6723
1243	6900
1243	7069
1243	7132
1243	7378
1243	8061
1243	8679
1244	2299
1244	2385
1244	2613
1244	2829
1244	3329
1244	3626
1244	4052
1244	4323
1244	4604
1244	4707
1244	4711
1244	5133
1244	5444
1244	5928
1244	6366
1244	6539
1244	6896
1244	7078
1244	7328
1244	8881
1244	9205
1244	9263
1244	9726
1245	3842
1245	7886
1246	3626
1246	4204
1246	5444
1246	6722
1246	8588
1247	2807
1248	472
1248	8463
1248	9380
1249	1507
1249	1663
1249	1949
1249	2645
1249	3626
1249	3941
1249	4707
1249	4998
1249	5291
1249	5444
1249	5498
1249	5501
1249	6070
1249	6104
1249	6255
1249	6321
1249	6542
1249	6560
1249	7062
1249	7974
1249	8320
1249	8422
1249	8573
1250	1766
1250	4318
1251	5139
1252	1288
1252	1395
1252	1699
1252	1706
1252	1984
1252	2562
1252	2614
1252	2830
1252	2880
1252	3010
1252	3970
1252	4189
1252	4392
1252	4513
1252	4562
1252	4568
1252	4726
1252	4734
1252	4893
1252	5031
1252	5063
1252	5294
1252	6196
1252	6304
1252	7030
1252	7058
1252	7327
1252	7468
1252	7868
1252	7996
1252	9116
1253	6194
1254	5139
1254	8685
1256	2210
1257	5139
1259	834
1260	1395
1260	2566
1261	2561
1262	3626
1262	4204
1262	5063
1262	5444
1263	835
1263	6573
1265	1288
1265	1343
1265	1417
1265	1545
1265	2613
1265	2712
1265	2829
1265	3159
1265	3570
1265	4204
1265	4520
1265	4711
1265	4908
1265	5063
1265	5133
1265	5139
1265	5291
1265	5928
1265	6060
1265	6319
1265	7078
1265	7818
1265	8061
1265	8216
1265	9205
1265	9331
1265	9637
1266	5139
1267	5139
1268	5139
1269	1281
1269	1287
1269	1293
1269	1474
1269	1747
1269	1890
1269	1968
1269	2191
1269	2514
1269	2523
1269	2875
1269	3028
1269	3266
1269	3279
1269	3447
1269	3544
1269	3548
1269	3753
1269	4238
1269	4280
1269	4295
1269	4351
1269	4592
1269	4651
1269	4654
1269	5224
1269	5405
1269	5417
1269	5482
1269	5489
1269	5759
1269	5764
1269	6061
1269	6068
1269	6341
1269	6432
1269	6443
1269	6625
1269	7536
1269	7561
1269	7705
1269	8013
1269	8085
1269	8672
1269	8710
1269	8854
1269	8881
1270	3626
1270	5063
1270	5444
1271	1991
1272	4144
1273	7315
1276	1280
1276	1285
1276	1288
1276	1293
1276	1374
1276	1726
1276	1865
1276	2177
1276	2352
1276	2525
1276	2530
1276	3279
1276	3327
1276	3372
1276	3396
1276	3441
1276	3752
1276	3760
1276	3765
1276	4083
1276	4475
1276	4566
1276	4577
1276	4592
1276	4684
1276	4992
1276	5024
1276	5063
1276	5066
1276	5139
1276	5142
1276	5316
1276	5416
1276	5759
1276	6059
1276	6060
1276	6211
1276	6238
1276	6241
1276	6244
1276	6253
1276	6260
1276	6331
1276	6625
1276	6720
1276	6722
1276	6723
1276	6732
1276	6852
1276	6880
1276	7079
1276	7179
1276	7414
1276	7999
1276	8611
1276	8685
1276	9065
1276	9084
1276	9296
1276	9330
1276	9389
1278	4070
1279	5139
1280	1285
1280	1288
1280	1374
1280	1418
1280	2177
1280	2352
1280	2523
1280	2530
1280	3327
1280	3372
1280	3396
1280	3448
1280	3752
1280	3760
1280	4083
1280	4204
1280	4592
1280	4684
1280	4992
1280	5024
1280	5316
1280	5759
1280	5764
1280	6059
1280	6211
1280	6238
1280	6241
1280	6244
1280	6253
1280	6260
1280	6331
1280	6443
1280	6720
1280	6722
1280	6732
1280	6852
1280	6880
1280	7079
1280	7179
1280	7414
1280	7999
1280	8240
1280	8611
1280	8672
1280	8685
1280	9065
1280	9084
1280	9168
1280	9296
1280	9330
1280	9389
1281	834
1281	3544
1281	5759
1281	5764
1281	6341
1281	6625
1281	8435
1281	8443
1283	2075
1285	1374
1285	1636
1285	2177
1285	2352
1285	2530
1285	2822
1285	3327
1285	3372
1285	3396
1285	3752
1285	3760
1285	3765
1285	3939
1285	4083
1285	4562
1285	4592
1285	4684
1285	4992
1285	5024
1285	5063
1285	5316
1285	5759
1285	6059
1285	6211
1285	6238
1285	6241
1285	6244
1285	6253
1285	6260
1285	6331
1285	6550
1285	6720
1285	6722
1285	6732
1285	6852
1285	6880
1285	7079
1285	7179
1285	7414
1285	7536
1285	7694
1285	7999
1285	8611
1285	8685
1285	9065
1285	9084
1285	9168
1285	9296
1285	9330
1285	9389
1286	3034
1286	3927
1286	5139
1286	6775
1286	8225
1286	9332
1287	1474
1287	2498
1287	3279
1287	3829
1287	5405
1287	7037
1287	8085
1287	8443
1287	9324
1288	838
1288	1417
1288	2821
1288	2860
1288	2880
1288	2908
1288	3451
1288	3626
1288	3753
1288	3846
1288	4080
1288	4188
1288	4204
1288	4977
1288	5063
1288	5444
1288	5759
1288	5891
1288	6059
1288	6443
1288	7054
1288	7132
1288	7180
1288	7221
1288	7419
1288	7750
1288	7759
1288	7761
1288	7958
1288	8827
1288	9276
1289	4679
1290	3626
1290	4204
1290	5444
1291	3626
1291	5444
1292	1548
1292	1945
1292	7179
1292	7623
1292	7624
1292	7625
1292	8942
1293	1417
1293	1489
1293	1724
1293	2125
1293	2365
1293	2974
1293	3201
1293	3253
1293	3266
1293	3481
1293	3544
1293	3548
1293	4069
1293	4204
1293	4295
1293	4567
1293	4592
1293	4667
1293	4988
1293	5063
1293	5139
1293	5224
1293	5389
1293	5759
1293	6059
1293	6341
1293	6419
1293	6433
1293	6443
1293	6550
1293	7157
1293	7561
1293	8085
1293	8137
1293	8430
1293	8443
1293	8672
1293	8685
1293	8949
1293	9168
1294	1417
1294	3753
1294	5139
1294	6443
1294	9168
1296	1417
1296	1418
1296	1548
1296	1945
1296	2880
1296	3753
1296	5139
1296	7179
1296	7180
1296	7623
1296	7624
1296	7625
1296	8685
1296	8942
1297	5528
1299	2061
1300	8802
1300	9207
1302	5139
1303	5139
1304	2123
1304	2819
1304	2940
1304	3241
1304	4593
1304	6185
1304	6589
1304	7502
1304	8117
1305	5979
1306	1417
1306	1570
1306	2610
1306	3457
1306	5139
1306	6806
1306	8685
1310	1738
1310	1867
1310	1878
1310	1880
1310	1881
1310	1886
1310	1887
1310	1888
1310	1980
1310	4137
1310	5489
1310	5649
1310	5891
1310	5892
1310	6585
1310	6890
1310	7575
1310	7579
1310	8685
1312	5139
1313	6573
1314	5666
1314	8019
1315	3839
1315	4298
1315	8685
1316	1478
1316	2021
1316	2691
1316	3422
1316	3823
1316	5063
1316	5280
1316	6070
1316	8320
1318	834
1319	3626
1319	4204
1319	5444
1320	5063
1321	4413
1322	3588
1323	3226
1323	4758
1324	1480
1324	5450
1325	1867
1325	1878
1325	1880
1325	1881
1325	1886
1325	1887
1325	1888
1325	1980
1325	4137
1325	5489
1325	5649
1325	5891
1325	5892
1325	6585
1325	6890
1325	7575
1325	7579
1326	1865
1326	3630
1327	3626
1327	4204
1327	5444
1329	6573
1330	1342
1330	2311
1330	2791
1330	4984
1330	5198
1330	6903
1331	1982
1332	2416
1332	4278
1332	4467
1332	4520
1333	2523
1333	2613
1333	3568
1333	3626
1333	4204
1333	4596
1333	5259
1333	5444
1333	5985
1333	6723
1333	8679
1334	4679
1335	5514
1336	5139
1337	3241
1337	6255
1338	1364
1338	1636
1338	2385
1338	2613
1338	2829
1338	3875
1338	4102
1338	4323
1338	5133
1338	6203
1338	6222
1338	6254
1338	6271
1338	6307
1338	6366
1338	6388
1338	7078
1338	7529
1338	7683
1338	7887
1338	7991
1338	8881
1338	8907
1338	9205
1338	9263
1340	1343
1340	1352
1340	1632
1340	1633
1340	1635
1340	1636
1340	1959
1340	2077
1340	2086
1340	2347
1340	2384
1340	2385
1340	2393
1340	2438
1340	2545
1340	2613
1340	2746
1340	2829
1340	3053
1340	3160
1340	3177
1340	3329
1340	3701
1340	3875
1340	4245
1340	4323
1340	4650
1340	4711
1340	4737
1340	4908
1340	4918
1340	4928
1340	4946
1340	5059
1340	5133
1340	5468
1340	5522
1340	5532
1340	5567
1340	5716
1340	5848
1340	5928
1340	6203
1340	6222
1340	6254
1340	6271
1340	6307
1340	6366
1340	6559
1340	6828
1340	7078
1340	7123
1340	7205
1340	7529
1340	7683
1340	7887
1340	7991
1340	8061
1340	8207
1340	8216
1340	8273
1340	8716
1340	8802
1340	8807
1340	8825
1340	8881
1340	8907
1340	9205
1340	9263
1340	9269
1340	9612
1340	9637
1340	9754
1342	2791
1342	3626
1342	4204
1342	5444
1343	1346
1343	1595
1343	1790
1343	1937
1343	1959
1343	1999
1343	2264
1343	2299
1343	2328
1343	2385
1343	2401
1343	2613
1343	2829
1343	3329
1343	3341
1343	3701
1343	3875
1343	4102
1343	4711
1343	4779
1343	4928
1343	4955
1343	5133
1343	5169
1343	5362
1343	5375
1343	5532
1343	5928
1343	6203
1343	6222
1343	6254
1343	6271
1343	6388
1343	6417
1343	6529
1343	7041
1343	7078
1343	7110
1343	7205
1343	7254
1343	7887
1343	7912
1343	8802
1343	8881
1343	9205
1343	9361
1343	9754
1344	8213
1345	1243
1345	4663
1345	7180
1345	7536
1346	1364
1346	2385
1346	2613
1346	2829
1346	5133
1346	6271
1346	6366
1346	7078
1346	7529
1346	8881
1349	4418
1351	1820
1351	5532
1352	1334
1352	1959
1352	2238
1352	2384
1352	2393
1352	2613
1352	2785
1352	2829
1352	3436
1352	3707
1352	3875
1352	4486
1352	4918
1352	5133
1352	5226
1352	5567
1352	5716
1352	6254
1352	6539
1352	6639
1352	6664
1352	6806
1352	6820
1352	7078
1352	7094
1352	7103
1352	7205
1352	7887
1352	7991
1352	8679
1352	8825
1352	9266
1352	9637
1352	9675
1353	1009
1353	3085
1353	7589
1353	8381
1353	9103
1354	2829
1354	4102
1354	4707
1354	4737
1354	4900
1354	4912
1354	4922
1354	5133
1354	5928
1354	7078
1354	7116
1354	8400
1354	8881
1354	9205
1355	5063
1356	5139
1358	6320
1359	4685
1361	2311
1361	4114
1361	7886
1362	1417
1363	7732
1364	2384
1364	2613
1364	4631
1364	4711
1364	5133
1364	6366
1364	7078
1364	8881
1365	5063
1366	4973
1367	1265
1367	1342
1367	4127
1371	6561
1372	2268
1372	2401
1373	8444
1374	2177
1374	2352
1374	2530
1374	3327
1374	3372
1374	3396
1374	3752
1374	3760
1374	3765
1374	4083
1374	4592
1374	4684
1374	4992
1374	5024
1374	5139
1374	5316
1374	5759
1374	5764
1374	6211
1374	6238
1374	6241
1374	6244
1374	6253
1374	6260
1374	6331
1374	6720
1374	6722
1374	6732
1374	6852
1374	6880
1374	7079
1374	7179
1374	7414
1374	7999
1374	8304
1374	8611
1374	9065
1374	9084
1374	9296
1374	9330
1374	9389
1375	1503
1375	8225
1375	9362
1376	1463
1377	6640
1378	2088
1379	7506
1381	8829
1382	5139
1384	5444
1385	5487
1386	2661
1386	5961
1386	7062
1386	7371
1386	8570
1388	2837
1388	4726
1388	5209
1388	5730
1388	6872
1388	7225
1388	8679
1390	2693
1390	3626
1390	4204
1390	5337
1390	5444
1391	6440
1391	6573
1391	6606
1391	7803
1392	1548
1392	1945
1392	2083
1392	2642
1392	4589
1392	5063
1392	5139
1392	7179
1392	7623
1392	7624
1392	7625
1392	8611
1392	8942
1392	9313
1393	5139
1393	6573
1394	5435
1395	2341
1395	2417
1395	2692
1396	5271
1397	5139
1398	6542
1399	5139
1400	1035
1400	9343
1402	332
1402	1689
1402	3574
1402	3626
1402	4204
1402	5139
1402	5444
1402	6071
1402	6245
1402	6723
1402	6819
1402	7679
1402	8802
1403	2791
1403	3842
1403	5139
1403	7768
1403	7770
1403	8714
1403	9240
1404	5139
1405	3657
1406	2289
1407	6517
1407	7062
1408	2667
1408	4252
1408	5425
1408	5781
1408	8609
1409	5139
1410	1474
1410	1481
1410	2125
1410	2191
1410	2640
1410	3266
1410	3548
1410	4480
1410	5029
1410	5063
1410	5954
1410	6062
1410	6069
1410	6283
1410	6388
1410	6439
1410	6589
1410	8443
1410	9055
1410	9249
1411	5139
1412	2146
1414	3433
1414	3626
1414	4032
1414	4204
1414	5444
1414	6507
1415	7311
1415	8671
1415	8924
1416	2495
1417	582
1417	659
1417	797
1417	838
1417	1219
1417	1242
1417	1244
1417	1548
1417	1896
1417	1945
1417	2830
1417	2880
1417	3455
1417	3457
1417	3753
1417	4188
1417	4196
1417	4379
1417	4562
1417	4589
1417	4734
1417	4771
1417	4808
1417	4887
1417	5024
1417	5063
1417	5139
1417	5274
1417	5283
1417	5314
1417	5400
1417	5418
1417	5759
1417	6059
1417	6443
1417	6573
1417	6721
1417	6806
1417	7131
1417	7179
1417	7180
1417	7623
1417	7624
1417	7625
1417	7759
1417	7762
1417	7768
1417	7786
1417	7958
1417	8298
1417	8435
1417	8685
1417	8895
1417	8919
1417	8942
1417	8962
1417	9086
1417	9159
1417	9168
1417	9297
1417	9331
1418	582
1418	659
1418	797
1418	838
1418	1219
1418	1242
1418	1244
1418	1417
1418	1896
1418	2287
1418	2523
1418	2860
1418	3451
1418	3999
1418	4188
1418	4379
1418	4685
1418	4771
1418	5024
1418	5039
1418	5063
1418	5139
1418	5283
1418	5418
1418	5759
1418	5891
1418	6059
1418	6204
1418	6596
1418	7131
1418	7853
1418	8895
1418	9297
1419	1570
1419	2712
1419	3340
1419	8648
1419	9067
1420	7827
1421	2276
1421	3313
1421	6746
1421	8667
1425	5698
1427	2706
1427	8474
1428	1648
1428	5139
1429	8976
1430	1908
1430	2328
1430	2613
1430	2829
1430	3053
1430	3329
1430	3335
1430	4052
1430	4323
1430	4604
1430	4708
1430	4899
1430	4922
1430	4923
1430	4963
1430	5169
1430	5498
1430	5528
1430	5910
1430	6628
1430	6896
1430	7116
1430	7123
1430	7314
1430	8831
1430	9263
1430	9637
1431	3626
1431	4204
1431	5444
1432	5139
1433	6843
1433	8935
1434	2228
1434	3907
1435	5139
1435	5346
1435	7379
1436	1574
1436	2437
1437	3626
1437	4204
1437	5444
1438	3755
1438	7481
1440	5063
1441	834
1443	4214
1445	5139
1446	6573
1447	1746
1447	7519
1447	8685
1448	3408
1448	7053
1448	7765
1451	3626
1451	4204
1451	5444
1452	8029
1453	3594
1454	5063
1457	3626
1457	4204
1457	5444
1458	3626
1458	4204
1458	5444
1459	2899
1459	5698
1460	4570
1460	5139
1460	5298
1460	5759
1462	9199
1463	2446
1466	3903
1466	4621
1466	5139
1467	5139
1468	5139
1469	4204
1469	5444
1471	5759
1471	6596
1471	9565
1472	3626
1472	4204
1472	5444
1474	1545
1474	1741
1474	1747
1474	1890
1474	1924
1474	1981
1474	2191
1474	2389
1474	2514
1474	2525
1474	3201
1474	3266
1474	3447
1474	3544
1474	3548
1474	3626
1474	3945
1474	4044
1474	4052
1474	4280
1474	4295
1474	4351
1474	4576
1474	4592
1474	4605
1474	4651
1474	4779
1474	5169
1474	5175
1474	5224
1474	5405
1474	5417
1474	5444
1474	5498
1474	5759
1474	5928
1474	5956
1474	6059
1474	6062
1474	6068
1474	6366
1474	6368
1474	6417
1474	6443
1474	7536
1474	7563
1474	7974
1474	8013
1474	8085
1474	8672
1474	8710
1474	8820
1474	8854
1474	9205
1474	9637
1474	9726
1475	3438
1475	5347
1475	6304
1475	8603
1477	2021
1477	2113
1478	9565
1479	6960
1480	2389
1480	3046
1480	3626
1480	4052
1480	4204
1480	4323
1480	4349
1480	4486
1480	4604
1480	4650
1480	4665
1480	4693
1480	4737
1480	4741
1480	4916
1480	4961
1480	5444
1480	5498
1480	5528
1480	5928
1480	6203
1480	6319
1480	6366
1480	6566
1480	7074
1480	7824
1480	7999
1480	8320
1480	8950
1480	9190
1480	9754
1481	2498
1481	3266
1481	4567
1481	6062
1481	6619
1481	6880
1481	9313
1482	3626
1482	5444
1483	5446
1484	834
1484	5262
1485	1548
1485	1945
1485	4105
1485	7179
1485	7623
1485	7624
1485	7625
1485	8942
1486	5139
1487	526
1487	1689
1488	5063
1489	6550
1489	8685
1491	1765
1491	6573
1493	3626
1493	4127
1493	4204
1493	5444
1494	5139
1494	7033
1494	9608
1495	3093
1495	3942
1495	6618
1496	3626
1496	4204
1496	5444
1497	834
1497	1949
1497	2299
1497	2342
1497	5209
1497	5567
1497	8685
1498	834
1499	5139
1500	1501
1500	1738
1500	1867
1500	1878
1500	1880
1500	1881
1500	1886
1500	1887
1500	1888
1500	1980
1500	4137
1500	5489
1500	5649
1500	5891
1500	5892
1500	6585
1500	6890
1500	7559
1500	7575
1500	7579
1501	77
1501	2794
1501	2824
1501	3301
1501	4513
1501	6482
1501	6676
1501	7744
1501	8846
1502	7697
1503	2105
1503	5139
1503	7650
1505	2410
1506	7731
1507	5556
1507	7126
1507	7986
1508	1738
1508	1867
1508	1878
1508	1880
1508	1881
1508	1886
1508	1887
1508	1888
1508	1980
1508	4137
1508	5489
1508	5649
1508	5891
1508	5892
1508	6585
1508	6890
1508	7575
1508	7579
1509	5139
1511	3626
1511	4142
1511	4204
1511	5444
1512	2401
1513	3633
1513	6579
1513	7232
1514	3626
1514	4204
1514	5444
1514	8210
1515	2602
1515	5507
1515	7015
1515	9354
1516	4418
1516	8923
1517	834
1517	7126
1518	2342
1518	5663
1518	6128
1518	6996
1520	834
1520	3626
1520	5444
1520	5885
1520	6566
1521	4295
1522	2666
1523	3626
1523	4204
1523	5444
1530	1754
1530	4093
1530	6264
1531	5139
1532	5470
1533	1738
1533	1867
1533	1878
1533	1880
1533	1881
1533	1886
1533	1887
1533	1888
1533	1980
1533	3626
1533	4137
1533	4204
1533	5444
1533	5489
1533	5649
1533	5891
1533	5892
1533	6585
1533	6890
1533	7109
1533	7575
1533	7579
1534	3319
1535	5139
1535	7768
1536	834
1537	3626
1537	4204
1537	5444
1538	1738
1538	1867
1538	1878
1538	1880
1538	1881
1538	1886
1538	1887
1538	1888
1538	1980
1538	4137
1538	5139
1538	5489
1538	5649
1538	5891
1538	5892
1538	6585
1538	6890
1538	7575
1538	7579
1539	5139
1540	1738
1540	1867
1540	1878
1540	1880
1540	1881
1540	1886
1540	1887
1540	1888
1540	1980
1540	4137
1540	5489
1540	5649
1540	5891
1540	5892
1540	6585
1540	6890
1540	7575
1540	7579
1541	3626
1541	4204
1541	5139
1541	5444
1542	1009
1542	4791
1542	7018
1542	7589
1542	8730
1542	9103
1543	605
1544	7045
1545	1999
1545	2170
1545	2347
1545	2545
1545	2746
1545	3080
1545	3160
1545	3177
1545	3691
1545	3699
1545	3701
1545	3993
1545	4105
1545	4323
1545	4486
1545	4609
1545	4638
1545	4650
1545	4705
1545	4707
1545	5139
1545	5220
1545	5226
1545	5291
1545	5498
1545	5567
1545	5716
1545	6245
1545	6254
1545	6309
1545	6366
1545	6548
1545	6559
1545	6806
1545	6896
1545	7070
1545	7529
1545	7683
1545	7821
1545	8216
1545	8280
1545	8487
1545	8716
1545	9190
1545	9265
1545	9738
1546	1341
1548	1737
1548	1747
1548	1751
1548	1752
1548	1910
1548	2046
1548	2112
1548	2267
1548	2497
1548	2503
1548	2792
1548	2859
1548	2929
1548	3192
1548	3292
1548	3441
1548	3513
1548	3954
1548	4016
1548	4083
1548	4092
1548	4396
1548	4538
1548	4567
1548	4568
1548	4580
1548	4587
1548	4590
1548	4604
1548	4605
1548	4606
1548	4618
1548	5264
1548	5723
1548	5738
1548	5908
1548	6032
1548	6100
1548	6104
1548	6106
1548	6172
1548	6427
1548	6441
1548	6442
1548	6523
1548	6526
1548	6817
1548	6973
1548	6974
1548	6994
1548	7164
1548	7179
1548	7634
1548	7750
1548	7810
1548	7918
1548	8050
1548	8069
1548	8079
1548	8118
1548	8197
1548	8234
1548	8444
1548	8638
1548	8643
1548	8944
1548	9029
1548	9209
1548	9288
1549	5295
1551	2222
1551	2223
1551	2424
1551	2614
1551	8515
1552	834
1552	4204
1552	5444
1553	6561
1555	1943
1556	707
1556	3807
1556	4589
1556	4619
1556	4979
1556	6232
1556	6542
1556	7772
1556	7838
1556	8755
1556	8841
1556	9040
1557	3626
1557	4204
1557	5444
1558	1866
1558	1868
1558	1879
1558	1880
1558	1886
1558	1887
1558	1888
1558	4561
1558	4583
1558	4611
1558	5432
1558	7730
1558	8908
1560	6561
1561	2829
1562	4204
1562	5063
1563	8790
1564	381
1564	5890
1564	9289
1566	4624
1567	3159
1567	3626
1567	4052
1567	4856
1567	5444
1567	5498
1567	6896
1567	7529
1567	9637
1568	4465
1568	7080
1568	7997
1568	9596
1569	5139
1569	6382
1570	2009
1570	2839
1570	3905
1570	6215
1570	6366
1570	7761
1570	8759
1570	9637
1571	4485
1571	4802
1571	9007
1571	9530
1572	5139
1573	4979
1574	1083
1574	2437
1574	4674
1574	6368
1574	6663
1574	8685
1574	9297
1575	5029
1575	6674
1576	4204
1578	4142
1579	1552
1579	2517
1579	3626
1579	4204
1579	5444
1580	1738
1580	1867
1580	1878
1580	1880
1580	1881
1580	1886
1580	1887
1580	1888
1580	1980
1580	4137
1580	5489
1580	5649
1580	5891
1580	5892
1580	6585
1580	6890
1580	7575
1580	7579
1581	3516
1581	6582
1582	5139
1583	2640
1583	6062
1583	7158
1584	835
1585	3626
1585	4204
1585	5444
1586	5139
1588	2352
1588	3626
1588	4204
1588	5444
1589	5139
1590	1790
1590	1937
1590	4711
1590	5133
1590	8881
1590	9754
1591	2674
1591	3784
1591	3933
1591	4699
1591	4828
1591	7931
1591	9147
1591	9721
1591	9753
1592	3626
1592	4204
1592	5444
1593	5063
1594	9677
1595	526
1595	1632
1595	2393
1595	2410
1595	2613
1595	2785
1595	3159
1595	3177
1595	3875
1595	4323
1595	4604
1595	4631
1595	4707
1595	4711
1595	4737
1595	5133
1595	5291
1595	5375
1595	5498
1595	6366
1595	6561
1595	6628
1595	6674
1595	6675
1595	6806
1595	6809
1595	7062
1595	7205
1595	7314
1595	7339
1595	7646
1595	7887
1595	8216
1595	8820
1595	8825
1595	9263
1595	9265
1595	9485
1595	9637
1596	2410
1596	6561
1596	6674
1597	526
1597	6561
1598	526
1598	6561
1598	6674
1598	6675
1599	526
1599	6674
1600	3872
1600	4693
1600	5370
1600	6249
1600	6817
1600	8456
1600	8913
1601	3626
1601	4204
1601	5444
1602	2922
1603	2165
1603	7927
1603	8352
1603	8685
1603	9539
1605	3626
1605	4204
1605	5444
1605	7501
1605	8685
1606	4298
1606	6618
1606	7461
1607	834
1608	3626
1608	4204
1608	5444
1611	1738
1611	1867
1611	1878
1611	1880
1611	1881
1611	1886
1611	1887
1611	1888
1611	1980
1611	4137
1611	5489
1611	5649
1611	5891
1611	5892
1611	6585
1611	6890
1611	7575
1611	7579
1612	375
1612	4134
1612	7755
1613	5063
1614	5139
1615	3626
1615	4204
1615	5063
1615	5444
1616	3269
1617	834
1617	3166
1617	9496
1619	834
1619	8685
1620	7657
1622	3080
1622	4603
1622	4637
1622	6775
1622	9028
1623	5139
1624	5139
1625	834
1625	9688
1626	5799
1626	5802
1627	4819
1627	7848
1629	5063
1631	834
1631	3056
1631	4204
1631	7379
1632	834
1632	2384
1632	2385
1632	2613
1632	2829
1632	3329
1632	3875
1632	4102
1632	4746
1632	4955
1632	5113
1632	5133
1632	5175
1632	5468
1632	6222
1632	6271
1632	6307
1632	6366
1632	6539
1632	7041
1632	7078
1632	7123
1632	7314
1632	7328
1632	7646
1632	7887
1632	8313
1632	8802
1632	8820
1632	8881
1632	8950
1632	9205
1632	9230
1632	9265
1632	9726
1633	2613
1633	3626
1633	4052
1633	4204
1633	4323
1633	4604
1633	4711
1633	5219
1633	5444
1633	5928
1633	6366
1633	7529
1633	8280
1633	8825
1634	3626
1634	4204
1634	5444
1635	2385
1635	2613
1635	2712
1635	3159
1635	3626
1635	3691
1635	3875
1635	4052
1635	4204
1635	4604
1635	4693
1635	4711
1635	4907
1635	4918
1635	4928
1635	5063
1635	5219
1635	5291
1635	5444
1635	5928
1635	6222
1635	6366
1635	6628
1635	7078
1635	7094
1635	7103
1635	7529
1635	8216
1635	8825
1635	8881
1635	9190
1635	9336
1636	830
1636	2384
1636	2393
1636	2545
1636	3053
1636	3626
1636	3691
1636	3939
1636	4204
1636	4609
1636	4869
1636	4904
1636	5063
1636	5444
1636	5928
1636	6271
1636	6366
1636	6550
1636	6674
1636	6806
1636	6957
1636	7094
1636	7529
1636	7536
1636	7683
1636	8361
1636	8685
1636	8807
1636	8825
1636	9263
1636	9326
1636	9336
1639	1640
1639	2054
1639	3626
1639	4269
1639	5444
1639	6442
1639	7028
1641	3626
1641	4204
1641	5444
1642	7968
1643	2385
1643	2393
1643	2613
1643	3329
1643	3341
1643	3875
1643	5133
1643	5532
1643	6271
1643	6366
1643	6628
1643	7052
1643	7887
1643	8802
1643	8881
1643	9754
1644	5063
1644	6622
1646	3626
1646	4204
1646	5444
1647	5725
1648	6675
1649	2623
1650	6835
1651	5063
1653	5186
1654	2926
1654	4604
1654	4707
1654	5133
1654	5567
1654	6628
1654	8825
1654	8881
1654	8887
1656	8735
1657	3626
1657	4204
1657	5444
1658	2613
1658	4707
1658	4931
1658	5133
1658	5291
1658	6366
1658	7078
1658	7100
1658	8881
1659	5139
1661	1790
1661	2393
1661	2613
1661	2712
1661	3875
1661	4604
1661	4707
1661	4711
1661	5133
1661	5291
1661	5567
1661	5975
1661	6271
1661	6628
1661	7078
1661	7912
1661	8427
1661	8685
1661	8825
1661	8881
1661	9075
1662	3626
1662	4204
1662	5444
1663	2829
1663	6539
1663	6821
1663	8422
1665	4662
1665	6820
1665	7977
1665	8009
1665	8361
1666	3570
1667	1969
1667	3995
1667	4814
1667	5763
1667	5914
1667	7195
1667	7427
1667	8300
1667	9536
1669	3319
1669	9642
1670	6661
1671	2178
1671	3539
1671	3757
1671	8106
1673	5899
1674	9264
1675	7197
1676	4891
1676	8202
1677	3626
1677	3655
1677	4336
1677	4597
1677	4609
1677	5444
1677	6754
1678	3600
1678	3606
1678	3755
1678	9307
1679	3626
1679	4204
1679	5444
1680	3626
1680	4204
1680	5444
1681	6573
1684	5063
1685	1738
1685	1867
1685	1878
1685	1880
1685	1881
1685	1886
1685	1887
1685	1888
1685	1980
1685	3969
1685	4137
1685	4311
1685	4362
1685	4526
1685	5489
1685	5491
1685	5649
1685	5891
1685	5892
1685	6585
1685	6890
1685	7575
1685	7579
1685	8453
1685	8685
1686	3626
1686	4204
1686	5444
1687	6321
1688	5139
1689	1243
1689	2930
1689	3575
1689	4252
1689	6730
1690	1971
1690	4726
1690	5125
1690	6466
1690	6819
1690	6928
1690	7431
1693	3626
1693	4204
1693	5444
1696	5063
1696	5139
1697	5139
1697	9118
1698	5139
1699	2592
1699	8005
1700	8675
1700	9259
1701	1738
1701	1867
1701	1878
1701	1880
1701	1881
1701	1886
1701	1887
1701	1888
1701	1980
1701	4137
1701	5489
1701	5649
1701	5891
1701	5892
1701	6585
1701	6890
1701	7575
1701	7579
1702	1706
1702	3335
1702	4973
1702	5024
1702	7948
1702	8455
1703	1124
1703	8701
1704	2121
1705	2644
1705	7522
1706	198
1706	846
1706	1136
1706	1788
1706	1984
1706	2063
1706	2419
1706	2484
1706	2615
1706	2730
1706	2829
1706	2830
1706	2852
1706	3010
1706	3483
1706	3970
1706	4187
1706	4189
1706	4204
1706	4565
1706	4568
1706	4674
1706	4726
1706	5031
1706	5294
1706	5299
1706	5392
1706	5931
1706	6058
1706	6063
1706	6304
1706	6873
1706	7327
1706	7996
1706	8122
1706	8685
1706	8788
1706	8827
1706	9116
1706	9297
1707	3887
1707	4204
1707	6295
1707	6633
1707	7910
1708	3626
1708	4204
1708	5444
1709	3626
1709	4204
1709	5139
1709	5444
1710	2337
1710	8912
1711	4989
1711	5193
1712	3565
1714	51
1714	52
1714	2498
1714	2942
1714	4137
1714	4295
1714	7118
1714	8052
1714	9350
1716	3951
1717	3626
1717	4204
1717	5444
1718	3626
1718	4204
1718	5444
1719	2165
1719	6952
1719	9015
1720	3069
1720	5063
1720	5915
1721	1061
1721	4986
1723	3626
1723	4204
1723	5444
1724	2974
1724	3481
1724	3626
1724	4204
1724	4667
1724	5444
1724	6250
1724	7763
1724	8137
1724	8949
1726	1871
1726	1980
1726	2506
1726	2796
1726	4238
1726	4295
1726	4351
1726	4480
1726	5417
1726	6068
1726	6118
1726	6589
1726	8012
1727	1738
1727	1867
1727	1878
1727	1880
1727	1881
1727	1886
1727	1887
1727	1888
1727	1980
1727	4137
1727	5489
1727	5649
1727	5891
1727	5892
1727	6585
1727	6890
1727	7575
1727	7579
1728	2475
1728	3443
1728	3988
1728	6489
1729	8685
1730	3626
1730	4204
1730	5444
1731	3626
1731	4204
1731	5444
1734	3626
1734	4204
1734	5444
1736	5518
1737	1945
1737	3626
1737	4204
1737	5139
1737	5444
1737	6171
1737	7179
1737	7623
1737	7624
1737	7625
1737	8942
1738	1325
1738	1746
1738	1767
1738	1782
1738	1797
1738	1821
1738	1838
1738	1839
1738	1876
1738	1923
1738	1969
1738	2101
1738	2319
1738	2356
1738	2362
1738	2493
1738	2552
1738	2781
1738	2840
1738	2861
1738	2884
1738	2945
1738	2951
1738	3000
1738	3021
1738	3064
1738	3107
1738	3121
1738	3195
1738	3330
1738	3394
1738	3503
1738	3531
1738	3532
1738	3720
1738	3753
1738	3812
1738	3819
1738	3825
1738	3876
1738	3908
1738	3927
1738	3939
1738	3997
1738	4027
1738	4272
1738	4374
1738	4439
1738	4545
1738	4591
1738	4643
1738	4762
1738	4858
1738	5187
1738	5287
1738	5289
1738	5333
1738	5451
1738	5508
1738	5605
1738	5881
1738	5882
1738	5884
1738	5906
1738	5966
1738	5977
1738	6061
1738	6132
1738	6161
1738	6177
1738	6353
1738	6376
1738	6377
1738	6437
1738	6452
1738	6655
1738	6760
1738	6772
1738	6855
1738	6856
1738	7048
1738	7086
1738	7100
1738	7103
1738	7110
1738	7214
1738	7234
1738	7267
1738	7274
1738	7356
1738	7386
1738	7415
1738	7422
1738	7535
1738	7700
1738	7757
1738	7826
1738	7834
1738	7859
1738	7876
1738	7877
1738	7944
1738	7970
1738	7988
1738	8159
1738	8186
1738	8247
1738	8274
1738	8359
1738	8389
1738	8440
1738	8451
1738	8493
1738	8627
1738	8701
1738	8756
1738	8788
1738	8954
1738	8998
1738	9033
1738	9043
1738	9125
1738	9292
1738	9509
1738	9601
1738	9742
1739	5139
1740	6573
1741	2125
1741	2986
1741	3028
1741	3136
1741	3266
1741	3447
1741	3544
1741	3548
1741	4592
1741	4605
1741	6057
1741	6433
1741	6443
1741	6625
1741	7536
1741	8085
1741	8710
1742	8080
1743	5063
1744	4023
1744	7448
1744	8028
1745	7540
1745	8202
1746	1867
1746	1878
1746	1880
1746	1881
1746	1886
1746	1887
1746	1888
1746	1980
1746	2503
1746	2775
1746	2776
1746	4137
1746	4495
1746	4597
1746	5489
1746	5649
1746	5891
1746	5892
1746	6585
1746	6890
1746	7540
1746	7575
1746	7579
1747	24
1747	41
1747	50
1747	56
1747	61
1747	71
1747	75
1747	88
1747	123
1747	130
1747	140
1747	155
1747	170
1747	177
1747	195
1747	200
1747	203
1747	229
1747	249
1747	260
1747	264
1747	280
1747	290
1747	303
1747	319
1747	322
1747	340
1747	346
1747	352
1747	359
1747	361
1747	368
1747	369
1747	404
1747	416
1747	421
1747	423
1747	455
1747	462
1747	468
1747	475
1747	485
1747	489
1747	505
1747	517
1747	527
1747	541
1747	548
1747	578
1747	581
1747	587
1747	611
1747	612
1747	618
1747	631
1747	638
1747	655
1747	666
1747	681
1747	714
1747	729
1747	731
1747	732
1747	751
1747	783
1747	828
1747	874
1747	882
1747	884
1747	885
1747	912
1747	913
1747	929
1747	939
1747	946
1747	950
1747	972
1747	977
1747	991
1747	1010
1747	1011
1747	1031
1747	1034
1747	1045
1747	1046
1747	1051
1747	1054
1747	1056
1747	1095
1747	1104
1747	1108
1747	1112
1747	1183
1747	1188
1747	1209
1747	1219
1747	1255
1747	1267
1747	1349
1747	1357
1747	1360
1747	1367
1747	1374
1747	1389
1747	1393
1747	1412
1747	1422
1747	1423
1747	1434
1747	1437
1747	1445
1747	1450
1747	1478
1747	1506
1747	1510
1747	1524
1747	1527
1747	1533
1747	1550
1747	1554
1747	1559
1747	1587
1747	1589
1747	1601
1747	1609
1747	1619
1747	1621
1747	1655
1747	1672
1747	1676
1747	1729
1747	1732
1747	1757
1747	1782
1747	1800
1747	1802
1747	1803
1747	1818
1747	1830
1747	1862
1747	1870
1747	1882
1747	1892
1747	1893
1747	1906
1747	1935
1747	1945
1747	1952
1747	1973
1747	2010
1747	2025
1747	2029
1747	2030
1747	2047
1747	2049
1747	2071
1747	2094
1747	2101
1747	2105
1747	2106
1747	2131
1747	2199
1747	2211
1747	2214
1747	2227
1747	2232
1747	2284
1747	2294
1747	2325
1747	2336
1747	2348
1747	2355
1747	2414
1747	2422
1747	2426
1747	2433
1747	2479
1747	2490
1747	2504
1747	2514
1747	2520
1747	2523
1747	2526
1747	2543
1747	2547
1747	2549
1747	2551
1747	2554
1747	2575
1747	2576
1747	2586
1747	2589
1747	2596
1747	2638
1747	2668
1747	2707
1747	2709
1747	2737
1747	2742
1747	2747
1747	2751
1747	2760
1747	2761
1747	2765
1747	2779
1747	2796
1747	2804
1747	2808
1747	2809
1747	2817
1747	2851
1747	2877
1747	2921
1747	2934
1747	2939
1747	2943
1747	2961
1747	2968
1747	2969
1747	2986
1747	3005
1747	3007
1747	3008
1747	3010
1747	3012
1747	3016
1747	3025
1747	3050
1747	3058
1747	3086
1747	3103
1747	3122
1747	3131
1747	3149
1747	3160
1747	3163
1747	3168
1747	3175
1747	3176
1747	3207
1747	3215
1747	3242
1747	3266
1747	3269
1747	3272
1747	3274
1747	3277
1747	3280
1747	3300
1747	3321
1747	3349
1747	3365
1747	3383
1747	3412
1747	3443
1747	3447
1747	3474
1747	3482
1747	3492
1747	3497
1747	3518
1747	3544
1747	3545
1747	3548
1747	3554
1747	3578
1747	3579
1747	3582
1747	3585
1747	3627
1747	3629
1747	3650
1747	3680
1747	3697
1747	3700
1747	3704
1747	3705
1747	3713
1747	3720
1747	3721
1747	3745
1747	3747
1747	3749
1747	3767
1747	3770
1747	3789
1747	3795
1747	3802
1747	3808
1747	3823
1747	3840
1747	3861
1747	3895
1747	3914
1747	3916
1747	3925
1747	3928
1747	3948
1747	3957
1747	3961
1747	3970
1747	4022
1747	4049
1747	4062
1747	4077
1747	4080
1747	4098
1747	4170
1747	4184
1747	4216
1747	4239
1747	4242
1747	4252
1747	4257
1747	4288
1747	4326
1747	4338
1747	4365
1747	4377
1747	4386
1747	4417
1747	4431
1747	4444
1747	4448
1747	4450
1747	4488
1747	4490
1747	4501
1747	4533
1747	4544
1747	4557
1747	4563
1747	4592
1747	4600
1747	4607
1747	4626
1747	4629
1747	4660
1747	4670
1747	4672
1747	4673
1747	4724
1747	4736
1747	4744
1747	4750
1747	4780
1747	4782
1747	4792
1747	4813
1747	4819
1747	4823
1747	4834
1747	4881
1747	4965
1747	4967
1747	4969
1747	4974
1747	4975
1747	5003
1747	5013
1747	5017
1747	5030
1747	5070
1747	5140
1747	5185
1747	5194
1747	5201
1747	5218
1747	5241
1747	5242
1747	5263
1747	5265
1747	5344
1747	5351
1747	5352
1747	5360
1747	5373
1747	5390
1747	5398
1747	5403
1747	5407
1747	5415
1747	5448
1747	5502
1747	5503
1747	5516
1747	5529
1747	5559
1747	5571
1747	5579
1747	5644
1747	5666
1747	5713
1747	5721
1747	5723
1747	5725
1747	5732
1747	5733
1747	5736
1747	5738
1747	5795
1747	5853
1747	5875
1747	5886
1747	5920
1747	5955
1747	5991
1747	6004
1747	6032
1747	6039
1747	6044
1747	6056
1747	6061
1747	6062
1747	6093
1747	6099
1747	6131
1747	6134
1747	6140
1747	6141
1747	6145
1747	6156
1747	6183
1747	6186
1747	6192
1747	6229
1747	6237
1747	6254
1747	6283
1747	6294
1747	6295
1747	6301
1747	6317
1747	6325
1747	6348
1747	6355
1747	6367
1747	6371
1747	6372
1747	6409
1747	6412
1747	6420
1747	6425
1747	6443
1747	6456
1747	6492
1747	6563
1747	6587
1747	6606
1747	6625
1747	6636
1747	6643
1747	6645
1747	6652
1747	6656
1747	6664
1747	6677
1747	6689
1747	6704
1747	6733
1747	6738
1747	6742
1747	6744
1747	6745
1747	6753
1747	6761
1747	6794
1747	6801
1747	6815
1747	6824
1747	6843
1747	6870
1747	6872
1747	6875
1747	6878
1747	6930
1747	6932
1747	6933
1747	7002
1747	7003
1747	7007
1747	7014
1747	7048
1747	7068
1747	7109
1747	7157
1747	7179
1747	7200
1747	7248
1747	7250
1747	7260
1747	7289
1747	7293
1747	7294
1747	7301
1747	7305
1747	7338
1747	7350
1747	7365
1747	7366
1747	7374
1747	7405
1747	7451
1747	7488
1747	7493
1747	7497
1747	7523
1747	7563
1747	7579
1747	7580
1747	7591
1747	7592
1747	7594
1747	7599
1747	7614
1747	7622
1747	7623
1747	7624
1747	7625
1747	7631
1747	7637
1747	7638
1747	7642
1747	7653
1747	7660
1747	7668
1747	7684
1747	7685
1747	7702
1747	7712
1747	7717
1747	7723
1747	7727
1747	7729
1747	7736
1747	7740
1747	7834
1747	7837
1747	7838
1747	7841
1747	7848
1747	7849
1747	7884
1747	7897
1747	7903
1747	7911
1747	8017
1747	8024
1747	8036
1747	8046
1747	8079
1747	8085
1747	8088
1747	8109
1747	8111
1747	8116
1747	8122
1747	8124
1747	8130
1747	8138
1747	8142
1747	8164
1747	8166
1747	8169
1747	8173
1747	8176
1747	8183
1747	8187
1747	8227
1747	8238
1747	8239
1747	8258
1747	8269
1747	8289
1747	8293
1747	8294
1747	8305
1747	8315
1747	8323
1747	8325
1747	8327
1747	8331
1747	8337
1747	8345
1747	8353
1747	8393
1747	8396
1747	8397
1747	8420
1747	8421
1747	8443
1747	8450
1747	8451
1747	8457
1747	8466
1747	8467
1747	8485
1747	8496
1747	8497
1747	8500
1747	8517
1747	8530
1747	8546
1747	8547
1747	8548
1747	8568
1747	8578
1747	8579
1747	8596
1747	8601
1747	8602
1747	8606
1747	8637
1747	8662
1747	8665
1747	8682
1747	8703
1747	8723
1747	8765
1747	8780
1747	8788
1747	8797
1747	8812
1747	8813
1747	8829
1747	8853
1747	8868
1747	8877
1747	8921
1747	8942
1747	8964
1747	9005
1747	9009
1747	9017
1747	9020
1747	9024
1747	9040
1747	9072
1747	9117
1747	9133
1747	9174
1747	9181
1747	9187
1747	9192
1747	9200
1747	9208
1747	9217
1747	9219
1747	9285
1747	9317
1747	9322
1747	9324
1747	9337
1747	9339
1747	9368
1747	9369
1747	9409
1747	9416
1747	9434
1747	9472
1747	9477
1747	9488
1747	9492
1747	9517
1747	9520
1747	9527
1747	9532
1747	9534
1747	9535
1747	9537
1747	9583
1747	9598
1747	9599
1747	9611
1747	9631
1747	9651
1747	9664
1747	9697
1747	9712
1747	9751
1748	834
1748	835
1748	8685
1749	3626
1749	4204
1749	5444
1751	1945
1751	7179
1751	7623
1751	7624
1751	7625
1751	8942
1752	1788
1752	1945
1752	5063
1752	5139
1752	7179
1752	7623
1752	7624
1752	7625
1752	8405
1752	8942
1753	3626
1753	4204
1753	5444
1754	966
1754	1685
1754	2640
1754	3326
1754	3548
1754	4093
1754	4238
1754	4569
1754	4602
1754	4605
1754	4641
1754	6038
1754	6062
1754	6081
1754	6281
1754	6819
1754	7004
1754	7679
1754	7763
1754	7919
1754	8443
1754	8672
1754	8710
1754	8759
1754	8940
1755	3080
1755	6364
1755	7838
1756	51
1756	52
1756	409
1756	582
1756	2498
1756	2942
1756	3626
1756	4137
1756	4204
1756	4295
1756	5139
1756	5444
1756	5489
1756	8052
1756	8067
1756	9350
1756	9424
1757	5139
1757	8685
1760	6818
1761	3626
1761	5444
1762	5139
1763	6573
1765	3731
1765	3736
1765	4925
1765	6228
1766	2816
1766	3731
1766	4824
1766	8782
1767	1867
1767	1878
1767	1880
1767	1881
1767	1886
1767	1887
1767	1888
1767	1980
1767	4137
1767	5489
1767	5649
1767	5891
1767	5892
1767	6585
1767	6890
1767	7575
1767	7579
1768	5601
1768	6948
1769	1854
1770	3626
1770	4204
1770	5444
1771	5063
1772	2385
1772	2613
1772	2829
1772	3329
1772	3875
1772	5928
1772	6271
1772	6388
1772	7887
1772	8802
1772	8881
1772	9205
1773	834
1774	3626
1774	4204
1774	5444
1775	8317
1777	3626
1777	4204
1777	5444
1778	2410
1778	3546
1778	4204
1778	4485
1778	4637
1778	5063
1778	5154
1778	8346
1779	3626
1779	4204
1779	5444
1780	8829
1782	1867
1782	1878
1782	1880
1782	1881
1782	1886
1782	1887
1782	1888
1782	1980
1782	4137
1782	5489
1782	5649
1782	5891
1782	5892
1782	6585
1782	6890
1782	7575
1782	7579
1783	4663
1783	6561
1783	7439
1784	834
1784	3855
1784	7663
1784	8685
1786	3166
1786	3626
1786	4204
1786	4764
1786	5444
1786	6171
1787	3626
1787	5139
1787	5444
1788	2484
1788	6305
1789	5063
1790	2075
1790	2253
1790	2384
1790	2385
1790	2393
1790	2609
1790	2613
1790	2697
1790	2829
1790	3045
1790	3160
1790	3177
1790	3324
1790	3341
1790	3875
1790	4102
1790	4401
1790	4650
1790	4711
1790	4737
1790	4929
1790	4935
1790	5133
1790	5369
1790	5495
1790	5498
1790	5567
1790	5928
1790	6244
1790	6271
1790	6309
1790	6450
1790	6465
1790	6532
1790	6548
1790	6628
1790	6896
1790	7041
1790	7052
1790	7078
1790	7113
1790	7803
1790	7821
1790	7887
1790	7991
1790	8273
1790	8361
1790	8436
1790	8807
1790	8825
1790	8881
1790	8907
1790	9205
1790	9230
1790	9263
1790	9336
1790	9726
1792	3626
1792	4204
1792	5444
1793	5063
1794	5063
1795	6516
1796	3166
1796	5063
1796	5277
1797	1058
1797	1867
1797	1878
1797	1880
1797	1881
1797	1886
1797	1887
1797	1888
1797	1980
1797	3626
1797	3763
1797	4137
1797	4204
1797	4387
1797	5444
1797	5489
1797	5649
1797	5891
1797	5892
1797	6585
1797	6603
1797	6890
1797	7228
1797	7410
1797	7575
1797	7579
1798	5063
1798	5402
1798	6688
1799	2508
1799	5063
1799	8620
1801	4458
1801	5861
1801	6178
1801	7045
1805	834
1806	2352
1806	2718
1806	3331
1806	3443
1806	4425
1806	4898
1806	6312
1806	6496
1806	6622
1806	7053
1806	8923
1806	9034
1807	3626
1807	4204
1807	5444
1808	378
1808	3626
1808	4204
1808	4277
1808	5444
1811	2807
1813	834
1813	1959
1813	5139
1813	6679
1813	8280
1814	5139
1815	5063
1815	5139
1815	5183
1815	9160
1816	1964
1816	5139
1816	5553
1816	5839
1817	5139
1818	3626
1818	4204
1818	5139
1818	5444
1819	5139
1820	2365
1820	5139
1821	1867
1821	1878
1821	1880
1821	1881
1821	1886
1821	1887
1821	1888
1821	1980
1821	3626
1821	4137
1821	4204
1821	5444
1821	5489
1821	5649
1821	5759
1821	5891
1821	5892
1821	6059
1821	6585
1821	6890
1821	7575
1821	7579
1822	2542
1822	3166
1822	6599
1823	2613
1823	3335
1825	4117
1825	5029
1825	6388
1825	8225
1826	1157
1826	1184
1826	2605
1826	3117
1826	5468
1826	6263
1827	5302
1827	8397
1827	9528
1828	3757
1828	5139
1829	4479
1830	5063
1832	2124
1832	7512
1833	3626
1833	4204
1833	5444
1833	6680
1834	2311
1834	7320
1835	4204
1835	5139
1835	5444
1836	9012
1837	835
1837	6573
1838	1867
1838	1878
1838	1880
1838	1881
1838	1886
1838	1887
1838	1888
1838	1980
1838	4137
1838	5489
1838	5649
1838	5891
1838	5892
1838	6585
1838	6890
1838	7575
1838	7579
1839	1867
1839	1878
1839	1880
1839	1881
1839	1886
1839	1887
1839	1888
1839	1980
1839	4137
1839	5139
1839	5489
1839	5649
1839	5891
1839	5892
1839	6585
1839	6890
1839	7575
1839	7579
1840	5687
1841	2165
1841	2315
1841	5063
1841	6234
1841	7763
1841	8829
1842	3626
1842	4204
1842	5444
1844	2341
1844	2886
1844	6477
1845	6601
1845	8512
1846	8714
1847	4650
1849	6205
1850	8197
1850	8280
1851	3443
1851	5139
1853	2867
1853	3129
1853	3626
1853	4204
1853	5444
1854	4924
1854	6771
1854	7819
1854	8703
1855	213
1855	4902
1856	5759
1856	6204
1856	6799
1856	7836
1856	8926
1857	3626
1857	4204
1857	5444
1858	5139
1860	5139
1861	3626
1861	4204
1861	5139
1861	5444
1862	3626
1862	5444
1863	4938
1864	834
1864	3626
1864	4204
1864	5444
1864	8685
1865	834
1865	2498
1865	2640
1865	3266
1865	3544
1865	3829
1865	5442
1865	6428
1865	8013
1865	8685
1866	302
1866	2331
1866	2704
1866	2732
1866	3343
1866	3409
1866	3439
1866	3472
1866	3481
1866	3624
1866	3829
1866	4044
1866	4123
1866	4408
1866	4855
1866	5878
1866	5934
1866	6376
1866	6609
1866	6616
1866	6618
1866	6732
1866	6903
1866	7378
1866	7786
1866	7854
1866	8236
1866	9334
1867	1876
1867	1923
1867	1969
1867	2101
1867	2319
1867	2356
1867	2362
1867	2371
1867	2493
1867	2552
1867	2781
1867	2840
1867	2861
1867	2884
1867	2945
1867	2951
1867	3000
1867	3021
1867	3064
1867	3107
1867	3121
1867	3195
1867	3330
1867	3394
1867	3503
1867	3531
1867	3532
1867	3720
1867	3812
1867	3819
1867	3825
1867	3876
1867	3908
1867	3927
1867	3939
1867	3997
1867	4027
1867	4272
1867	4374
1867	4439
1867	4545
1867	4591
1867	4643
1867	4762
1867	4858
1867	5187
1867	5287
1867	5289
1867	5333
1867	5451
1867	5508
1867	5605
1867	5881
1867	5882
1867	5884
1867	5906
1867	5966
1867	5977
1867	6132
1867	6161
1867	6177
1867	6353
1867	6376
1867	6377
1867	6437
1867	6452
1867	6655
1867	6760
1867	6772
1867	6855
1867	6856
1867	7048
1867	7086
1867	7100
1867	7103
1867	7110
1867	7214
1867	7234
1867	7267
1867	7274
1867	7356
1867	7386
1867	7415
1867	7422
1867	7535
1867	7700
1867	7757
1867	7826
1867	7834
1867	7859
1867	7876
1867	7877
1867	7944
1867	7970
1867	7988
1867	8159
1867	8186
1867	8247
1867	8274
1867	8359
1867	8389
1867	8440
1867	8451
1867	8493
1867	8627
1867	8701
1867	8756
1867	8788
1867	8954
1867	8998
1867	9033
1867	9043
1867	9125
1867	9292
1867	9509
1867	9601
1867	9742
1868	302
1868	2331
1868	2704
1868	2732
1868	3343
1868	3409
1868	3439
1868	3472
1868	3481
1868	3624
1868	3829
1868	4044
1868	4123
1868	4204
1868	4408
1868	4855
1868	5878
1868	5934
1868	6376
1868	6609
1868	6616
1868	6618
1868	6732
1868	6903
1868	7378
1868	7786
1868	7854
1868	8236
1868	9334
1870	5139
1871	3201
1873	3626
1873	4204
1873	5444
1874	3626
1874	4204
1874	5063
1874	5444
1875	4363
1875	6305
1875	6830
1876	1878
1876	1880
1876	1881
1876	1886
1876	1887
1876	1888
1876	1980
1876	4137
1876	5489
1876	5649
1876	5891
1876	5892
1876	6585
1876	6890
1876	7575
1876	7579
1877	4820
1878	1923
1878	1969
1878	2101
1878	2319
1878	2356
1878	2362
1878	2493
1878	2552
1878	2781
1878	2840
1878	2861
1878	2884
1878	2945
1878	2951
1878	3000
1878	3021
1878	3064
1878	3107
1878	3121
1878	3195
1878	3330
1878	3394
1878	3503
1878	3531
1878	3532
1878	3720
1878	3812
1878	3819
1878	3825
1878	3876
1878	3908
1878	3927
1878	3939
1878	3997
1878	4027
1878	4272
1878	4374
1878	4439
1878	4545
1878	4591
1878	4643
1878	4762
1878	4858
1878	5187
1878	5287
1878	5289
1878	5333
1878	5451
1878	5508
1878	5605
1878	5881
1878	5882
1878	5884
1878	5906
1878	5966
1878	5977
1878	6132
1878	6161
1878	6177
1878	6353
1878	6376
1878	6377
1878	6437
1878	6452
1878	6655
1878	6760
1878	6772
1878	6855
1878	6856
1878	7048
1878	7086
1878	7100
1878	7103
1878	7110
1878	7214
1878	7234
1878	7267
1878	7274
1878	7356
1878	7386
1878	7415
1878	7422
1878	7535
1878	7700
1878	7757
1878	7826
1878	7834
1878	7859
1878	7876
1878	7877
1878	7944
1878	7970
1878	7988
1878	8159
1878	8186
1878	8247
1878	8274
1878	8359
1878	8389
1878	8440
1878	8451
1878	8493
1878	8627
1878	8701
1878	8756
1878	8788
1878	8954
1878	8998
1878	9033
1878	9043
1878	9125
1878	9292
1878	9509
1878	9601
1878	9742
1879	302
1879	2331
1879	2704
1879	2732
1879	3343
1879	3409
1879	3439
1879	3472
1879	3481
1879	3624
1879	3829
1879	4044
1879	4123
1879	4408
1879	4855
1879	5139
1879	5878
1879	5934
1879	6376
1879	6609
1879	6616
1879	6618
1879	6732
1879	6903
1879	7378
1879	7786
1879	7854
1879	8236
1879	9334
1880	302
1880	1923
1880	1969
1880	2101
1880	2319
1880	2331
1880	2356
1880	2362
1880	2493
1880	2552
1880	2704
1880	2732
1880	2781
1880	2840
1880	2861
1880	2884
1880	2945
1880	2951
1880	3000
1880	3021
1880	3064
1880	3107
1880	3121
1880	3195
1880	3330
1880	3343
1880	3394
1880	3409
1880	3439
1880	3472
1880	3481
1880	3503
1880	3531
1880	3532
1880	3624
1880	3720
1880	3812
1880	3819
1880	3825
1880	3829
1880	3876
1880	3908
1880	3927
1880	3939
1880	3997
1880	4027
1880	4044
1880	4123
1880	4272
1880	4374
1880	4408
1880	4439
1880	4545
1880	4591
1880	4643
1880	4762
1880	4855
1880	4858
1880	5139
1880	5187
1880	5287
1880	5289
1880	5333
1880	5451
1880	5508
1880	5605
1880	5878
1880	5881
1880	5882
1880	5884
1880	5906
1880	5934
1880	5966
1880	5977
1880	6132
1880	6161
1880	6177
1880	6353
1880	6376
1880	6377
1880	6437
1880	6452
1880	6609
1880	6616
1880	6618
1880	6655
1880	6732
1880	6760
1880	6772
1880	6855
1880	6856
1880	6903
1880	7048
1880	7086
1880	7100
1880	7103
1880	7110
1880	7214
1880	7234
1880	7267
1880	7274
1880	7356
1880	7378
1880	7386
1880	7415
1880	7422
1880	7535
1880	7700
1880	7757
1880	7786
1880	7826
1880	7834
1880	7854
1880	7859
1880	7876
1880	7877
1880	7944
1880	7970
1880	7988
1880	8159
1880	8186
1880	8236
1880	8247
1880	8274
1880	8359
1880	8389
1880	8440
1880	8451
1880	8493
1880	8627
1880	8701
1880	8756
1880	8788
1880	8954
1880	8998
1880	9033
1880	9043
1880	9125
1880	9292
1880	9334
1880	9509
1880	9601
1880	9742
1881	1923
1881	1969
1881	2101
1881	2319
1881	2356
1881	2362
1881	2493
1881	2552
1881	2781
1881	2840
1881	2861
1881	2884
1881	2945
1881	2951
1881	3000
1881	3021
1881	3064
1881	3107
1881	3121
1881	3195
1881	3330
1881	3394
1881	3503
1881	3531
1881	3532
1881	3720
1881	3812
1881	3819
1881	3825
1881	3876
1881	3908
1881	3927
1881	3939
1881	3997
1881	4027
1881	4272
1881	4374
1881	4439
1881	4545
1881	4591
1881	4643
1881	4762
1881	4858
1881	5063
1881	5187
1881	5287
1881	5289
1881	5333
1881	5451
1881	5508
1881	5605
1881	5881
1881	5882
1881	5884
1881	5906
1881	5966
1881	5977
1881	6132
1881	6161
1881	6177
1881	6353
1881	6376
1881	6377
1881	6437
1881	6452
1881	6655
1881	6760
1881	6772
1881	6855
1881	6856
1881	7048
1881	7086
1881	7100
1881	7103
1881	7110
1881	7214
1881	7234
1881	7267
1881	7274
1881	7356
1881	7386
1881	7415
1881	7422
1881	7535
1881	7700
1881	7757
1881	7826
1881	7834
1881	7859
1881	7876
1881	7877
1881	7944
1881	7970
1881	7988
1881	8159
1881	8186
1881	8247
1881	8274
1881	8359
1881	8389
1881	8440
1881	8451
1881	8493
1881	8627
1881	8701
1881	8756
1881	8788
1881	8954
1881	8998
1881	9033
1881	9043
1881	9125
1881	9292
1881	9509
1881	9601
1881	9742
1882	2847
1882	5139
1883	3796
1886	302
1886	1923
1886	1969
1886	2101
1886	2319
1886	2331
1886	2356
1886	2362
1886	2493
1886	2552
1886	2704
1886	2732
1886	2781
1886	2840
1886	2861
1886	2884
1886	2945
1886	2951
1886	3000
1886	3021
1886	3064
1886	3107
1886	3121
1886	3195
1886	3330
1886	3343
1886	3394
1886	3409
1886	3439
1886	3472
1886	3481
1886	3503
1886	3531
1886	3532
1886	3624
1886	3720
1886	3812
1886	3819
1886	3825
1886	3829
1886	3876
1886	3908
1886	3927
1886	3939
1886	3997
1886	4027
1886	4044
1886	4123
1886	4272
1886	4374
1886	4408
1886	4439
1886	4545
1886	4591
1886	4643
1886	4762
1886	4855
1886	4858
1886	5187
1886	5287
1886	5289
1886	5333
1886	5451
1886	5508
1886	5605
1886	5878
1886	5881
1886	5882
1886	5884
1886	5906
1886	5934
1886	5966
1886	5977
1886	6132
1886	6161
1886	6177
1886	6353
1886	6376
1886	6377
1886	6437
1886	6452
1886	6609
1886	6616
1886	6618
1886	6655
1886	6732
1886	6760
1886	6772
1886	6855
1886	6856
1886	6903
1886	7048
1886	7086
1886	7100
1886	7103
1886	7110
1886	7214
1886	7234
1886	7267
1886	7274
1886	7356
1886	7378
1886	7386
1886	7415
1886	7422
1886	7535
1886	7700
1886	7757
1886	7786
1886	7826
1886	7834
1886	7854
1886	7859
1886	7876
1886	7877
1886	7944
1886	7970
1886	7988
1886	8159
1886	8186
1886	8236
1886	8247
1886	8274
1886	8359
1886	8389
1886	8440
1886	8451
1886	8493
1886	8627
1886	8701
1886	8756
1886	8788
1886	8954
1886	8998
1886	9033
1886	9043
1886	9125
1886	9292
1886	9334
1886	9509
1886	9601
1886	9742
1887	302
1887	1923
1887	1969
1887	2101
1887	2319
1887	2331
1887	2356
1887	2362
1887	2493
1887	2552
1887	2704
1887	2732
1887	2781
1887	2840
1887	2861
1887	2884
1887	2945
1887	2951
1887	3000
1887	3021
1887	3064
1887	3107
1887	3121
1887	3195
1887	3330
1887	3343
1887	3394
1887	3409
1887	3439
1887	3472
1887	3481
1887	3503
1887	3531
1887	3532
1887	3624
1887	3720
1887	3812
1887	3819
1887	3825
1887	3829
1887	3876
1887	3908
1887	3927
1887	3939
1887	3997
1887	4027
1887	4044
1887	4123
1887	4272
1887	4374
1887	4408
1887	4439
1887	4545
1887	4591
1887	4643
1887	4762
1887	4855
1887	4858
1887	5187
1887	5287
1887	5289
1887	5333
1887	5451
1887	5508
1887	5605
1887	5878
1887	5881
1887	5882
1887	5884
1887	5906
1887	5934
1887	5966
1887	5977
1887	6132
1887	6161
1887	6177
1887	6353
1887	6376
1887	6377
1887	6437
1887	6452
1887	6609
1887	6616
1887	6618
1887	6655
1887	6732
1887	6760
1887	6772
1887	6855
1887	6856
1887	6903
1887	7048
1887	7086
1887	7100
1887	7103
1887	7110
1887	7214
1887	7234
1887	7267
1887	7274
1887	7356
1887	7378
1887	7386
1887	7415
1887	7422
1887	7535
1887	7700
1887	7757
1887	7786
1887	7826
1887	7834
1887	7854
1887	7859
1887	7876
1887	7877
1887	7944
1887	7970
1887	7988
1887	8159
1887	8186
1887	8236
1887	8247
1887	8274
1887	8359
1887	8389
1887	8440
1887	8451
1887	8493
1887	8627
1887	8701
1887	8756
1887	8788
1887	8954
1887	8998
1887	9033
1887	9043
1887	9125
1887	9292
1887	9334
1887	9509
1887	9601
1887	9742
1888	302
1888	1923
1888	1969
1888	2101
1888	2319
1888	2331
1888	2356
1888	2362
1888	2493
1888	2552
1888	2704
1888	2732
1888	2781
1888	2840
1888	2861
1888	2884
1888	2945
1888	2951
1888	3000
1888	3021
1888	3064
1888	3107
1888	3121
1888	3195
1888	3330
1888	3343
1888	3394
1888	3409
1888	3439
1888	3472
1888	3481
1888	3503
1888	3531
1888	3532
1888	3624
1888	3720
1888	3812
1888	3819
1888	3825
1888	3829
1888	3876
1888	3908
1888	3927
1888	3939
1888	3997
1888	4027
1888	4044
1888	4123
1888	4272
1888	4374
1888	4408
1888	4439
1888	4545
1888	4591
1888	4643
1888	4762
1888	4855
1888	4858
1888	5187
1888	5287
1888	5289
1888	5333
1888	5451
1888	5508
1888	5605
1888	5878
1888	5881
1888	5882
1888	5884
1888	5906
1888	5934
1888	5966
1888	5977
1888	6132
1888	6161
1888	6177
1888	6353
1888	6376
1888	6377
1888	6437
1888	6452
1888	6609
1888	6616
1888	6618
1888	6655
1888	6732
1888	6760
1888	6772
1888	6855
1888	6856
1888	6903
1888	7048
1888	7086
1888	7100
1888	7103
1888	7110
1888	7214
1888	7234
1888	7267
1888	7274
1888	7356
1888	7378
1888	7386
1888	7415
1888	7422
1888	7535
1888	7700
1888	7757
1888	7786
1888	7826
1888	7834
1888	7854
1888	7859
1888	7876
1888	7877
1888	7944
1888	7970
1888	7988
1888	8159
1888	8186
1888	8236
1888	8247
1888	8274
1888	8359
1888	8389
1888	8440
1888	8451
1888	8493
1888	8627
1888	8701
1888	8756
1888	8788
1888	8954
1888	8998
1888	9033
1888	9043
1888	9125
1888	9292
1888	9334
1888	9509
1888	9601
1888	9742
1890	2640
1890	2875
1890	3028
1890	3253
1890	3447
1890	3544
1890	4044
1890	4238
1890	4569
1890	4578
1890	4592
1890	4605
1890	4831
1890	6061
1890	6064
1890	6443
1890	6589
1890	7158
1890	7958
1890	8013
1890	8085
1890	8443
1890	8672
1890	8710
1891	3606
1893	8396
1894	49
1894	8608
1895	3626
1895	4204
1895	5139
1895	5444
1897	5139
1898	3166
1898	3489
1898	8377
1898	9012
1899	4559
1899	5024
1899	7161
1900	3626
1900	4204
1900	5444
1900	8685
1901	5139
1901	6573
1902	5937
1902	6564
1903	5139
1903	8486
1904	51
1904	52
1904	2498
1904	2942
1904	3626
1904	4067
1904	4137
1904	4204
1904	4295
1904	4764
1904	5139
1904	5444
1904	5489
1904	7936
1904	8052
1904	8202
1904	9350
1905	5799
1905	7489
1907	5139
1908	3762
1908	4052
1908	4604
1908	4938
1908	4998
1908	5133
1908	5139
1908	5291
1908	5975
1908	6203
1908	7116
1908	7824
1908	8881
1909	5139
1909	5530
1909	5759
1909	8685
1910	1945
1910	5139
1910	7179
1910	7623
1910	7624
1910	7625
1910	8942
1911	5139
1911	8672
1912	5139
1913	7368
1914	2299
1914	2613
1914	3329
1914	3335
1914	6271
1914	9726
1915	4902
1915	5229
1915	6957
1915	7379
1915	9451
1916	2289
1916	5139
1917	5139
1918	5139
1919	5139
1920	4075
1920	4289
1920	5184
1920	5698
1920	5913
1920	6984
1920	7004
1921	703
1921	2105
1922	5139
1923	1980
1923	2621
1923	4137
1923	5489
1923	5649
1923	5891
1923	5892
1923	6289
1923	6585
1923	6890
1923	7575
1923	7579
1923	7609
1923	9084
1923	9451
1924	2514
1924	2822
1924	3447
1924	3544
1924	3786
1924	4044
1924	4480
1924	4592
1924	6061
1924	6283
1924	6432
1924	6443
1924	6573
1924	8013
1924	8085
1924	8443
1924	8672
1924	8710
1927	1965
1927	3939
1927	7193
1927	7305
1927	7465
1927	9356
1928	3626
1928	4204
1928	5444
1928	6573
1929	2007
1929	4204
1930	4243
1930	6826
1931	1689
1931	6984
1932	8685
1933	2287
1933	2712
1933	3292
1933	3828
1933	6257
1933	6797
1933	9067
1933	9717
1936	9357
1937	1997
1937	2613
1937	2746
1937	2829
1937	3329
1937	3875
1937	4486
1937	4604
1937	4696
1937	4707
1937	4737
1937	5019
1937	5133
1937	5468
1937	5528
1937	5928
1937	6249
1937	6366
1937	6388
1937	7764
1937	7887
1937	8825
1937	8881
1937	9263
1937	9637
1937	9726
1940	2922
1940	3626
1940	4204
1940	5090
1940	5444
1940	6020
1941	5063
1941	5139
1941	6573
1942	3626
1942	4204
1942	5444
1944	7228
1945	2046
1945	2112
1945	2267
1945	2365
1945	2416
1945	2497
1945	2503
1945	2561
1945	2792
1945	2859
1945	2929
1945	3253
1945	3292
1945	3441
1945	3513
1945	3544
1945	3954
1945	4016
1945	4083
1945	4092
1945	4396
1945	4538
1945	4567
1945	4568
1945	4580
1945	4587
1945	4590
1945	4604
1945	4605
1945	4606
1945	4618
1945	5264
1945	5450
1945	5723
1945	5738
1945	5908
1945	5954
1945	6032
1945	6100
1945	6104
1945	6106
1945	6172
1945	6427
1945	6441
1945	6442
1945	6443
1945	6523
1945	6526
1945	6817
1945	6973
1945	6974
1945	6994
1945	7164
1945	7179
1945	7634
1945	7750
1945	7769
1945	7810
1945	7918
1945	8050
1945	8069
1945	8079
1945	8118
1945	8197
1945	8220
1945	8234
1945	8444
1945	8638
1945	8643
1945	8672
1945	8944
1945	9029
1945	9209
1945	9288
1946	3626
1946	4204
1946	5444
1947	3626
1947	4204
1947	5444
1948	3626
1948	4204
1948	5139
1948	5444
1949	2796
1949	5139
1949	7713
1950	4812
1950	5139
1950	9568
1953	8498
1954	8685
1955	3757
1955	4835
1955	6202
1958	3626
1958	4204
1958	5444
1959	2393
1959	2613
1959	2829
1959	3626
1959	3875
1959	4204
1959	4323
1959	4631
1959	4711
1959	5133
1959	5308
1959	5444
1959	5468
1959	5716
1959	6271
1959	6366
1959	6539
1959	6969
1959	7103
1959	7529
1959	7887
1959	8807
1959	8825
1959	8881
1959	9205
1959	9263
1959	9341
1959	9637
1961	8545
1962	8531
1963	834
1963	4750
1967	3626
1967	4204
1967	5444
1968	1981
1968	2822
1968	3266
1968	3544
1968	3626
1968	3934
1968	4204
1968	5444
1968	6057
1968	6116
1968	6421
1968	7919
1968	8443
1968	8672
1968	8854
1969	1980
1969	3610
1969	3757
1969	4137
1969	4212
1969	5489
1969	5649
1969	5891
1969	5892
1969	6193
1969	6585
1969	6890
1969	7575
1969	7579
1969	7799
1971	4726
1971	5139
1971	5759
1971	9310
1972	5063
1972	5139
1974	5139
1976	7262
1976	9327
1977	3495
1979	5700
1979	7390
1980	1033
1980	2101
1980	2319
1980	2356
1980	2362
1980	2493
1980	2525
1980	2552
1980	2781
1980	2840
1980	2861
1980	2884
1980	2945
1980	2951
1980	3000
1980	3021
1980	3064
1980	3107
1980	3121
1980	3195
1980	3266
1980	3330
1980	3394
1980	3503
1980	3531
1980	3532
1980	3544
1980	3720
1980	3812
1980	3819
1980	3825
1980	3876
1980	3908
1980	3927
1980	3934
1980	3939
1980	3997
1980	4027
1980	4272
1980	4374
1980	4439
1980	4545
1980	4566
1980	4591
1980	4643
1980	4762
1980	4858
1980	5187
1980	5287
1980	5289
1980	5333
1980	5451
1980	5508
1980	5605
1980	5881
1980	5882
1980	5884
1980	5906
1980	5932
1980	5966
1980	5977
1980	6132
1980	6147
1980	6161
1980	6177
1980	6353
1980	6376
1980	6377
1980	6437
1980	6452
1980	6620
1980	6655
1980	6760
1980	6772
1980	6855
1980	6856
1980	7048
1980	7086
1980	7100
1980	7103
1980	7110
1980	7214
1980	7234
1980	7267
1980	7274
1980	7356
1980	7386
1980	7415
1980	7422
1980	7535
1980	7700
1980	7757
1980	7826
1980	7834
1980	7859
1980	7876
1980	7877
1980	7944
1980	7970
1980	7988
1980	8159
1980	8186
1980	8247
1980	8274
1980	8359
1980	8389
1980	8440
1980	8443
1980	8451
1980	8493
1980	8627
1980	8696
1980	8701
1980	8756
1980	8788
1980	8954
1980	8998
1980	9033
1980	9043
1980	9125
1980	9292
1980	9509
1980	9601
1980	9742
1981	2820
1981	3294
1981	5791
1981	6062
1981	7118
1981	7758
1981	7759
1981	8443
1981	8865
1983	5175
1983	6542
1984	198
1984	846
1984	1136
1984	1972
1984	2063
1984	2419
1984	2615
1984	2730
1984	2829
1984	2830
1984	2852
1984	3010
1984	3824
1984	3970
1984	4187
1984	4189
1984	4204
1984	4565
1984	4568
1984	4674
1984	4726
1984	4734
1984	4799
1984	4808
1984	4978
1984	5031
1984	5294
1984	5299
1984	5392
1984	5786
1984	5931
1984	6058
1984	6063
1984	6304
1984	6567
1984	6799
1984	6873
1984	7087
1984	7327
1984	7996
1984	8122
1984	8175
1984	8788
1984	8827
1984	9116
1984	9297
1985	6416
1985	6814
1985	6873
1985	8422
1986	3671
1986	4052
1986	4737
1986	4922
1986	4940
1986	4961
1986	5169
1986	5291
1986	5528
1986	7998
1986	9333
1986	9336
1988	3626
1988	4204
1988	4944
1988	5197
1988	5444
1989	8809
1990	3118
1992	3061
1992	8242
1992	9085
1992	9552
1994	3626
1994	4204
1994	5444
1995	6720
1995	9714
1996	5139
1996	8320
1997	3626
1997	4204
1997	4693
1997	5444
1998	3626
1998	4204
1998	5444
1999	2264
1999	2328
1999	2613
1999	2829
1999	3160
1999	3329
1999	3626
1999	3875
1999	4204
1999	4323
1999	4665
1999	4737
1999	5444
1999	5468
1999	5928
1999	6271
1999	6539
1999	6628
1999	7041
1999	7205
1999	8802
1999	8881
1999	9205
1999	9263
1999	9637
1999	9726
1999	9754
2000	9344
2001	834
2001	5139
2001	8948
2001	9067
2002	460
2002	1556
2003	3572
2003	5468
2004	6635
2004	8507
2005	3626
2005	4204
2005	5444
2006	5383
2006	5568
2007	6903
2008	2383
2008	4945
2008	5500
2009	1956
2009	7779
2009	9414
2010	3526
2011	5762
2012	834
2012	3606
2013	5139
2013	9095
2014	5139
2016	3626
2016	4204
2016	5444
2018	3114
2018	3596
2018	3626
2018	4204
2018	5444
2019	2796
2021	3550
2021	7556
2021	7770
2024	9149
2025	4259
2025	8433
2026	834
2026	8685
2027	7109
2028	2289
2030	5444
2032	678
2032	1133
2032	4723
2032	6723
2032	6730
2035	9064
2036	2441
2036	7010
2036	7379
2037	5139
2038	5139
2039	3626
2039	4204
2039	5444
2041	3626
2041	4204
2041	5139
2041	5444
2042	3606
2042	5139
2042	8463
2043	5139
2044	5139
2045	330
2046	7179
2046	7623
2046	7624
2046	7625
2046	8942
2048	8667
2048	8833
2050	834
2050	3626
2050	4204
2050	5444
2052	5139
2053	3626
2053	4204
2053	5444
2055	5139
2057	9344
2058	1244
2058	1417
2058	3451
2058	4973
2058	4977
2058	5139
2058	9276
2060	4204
2061	239
2063	198
2063	846
2063	1136
2063	2419
2063	3970
2063	4189
2063	4565
2063	5294
2063	5299
2063	6058
2063	6873
2063	8788
2063	9297
2065	2602
2065	5063
2066	4142
2067	3626
2067	4204
2067	5444
2068	9330
2069	3626
2069	4204
2069	4916
2069	5139
2069	5222
2069	5444
2069	6059
2069	6720
2071	4851
2071	5063
2071	5237
2071	8225
2072	1638
2072	3626
2072	4204
2072	5444
2072	9674
2073	739
2073	3789
2073	7228
2074	2610
2074	8098
2074	9637
2075	6127
2076	834
2077	2190
2077	2902
2077	3474
2077	3831
2077	3875
2077	5567
2077	6062
2077	6628
2077	7529
2077	7887
2077	9336
2078	3626
2078	4204
2078	5444
2078	7432
2080	5063
2081	4204
2082	582
2082	3626
2082	4204
2082	5347
2082	5444
2082	6404
2082	6779
2083	5063
2083	5139
2083	9313
2084	5063
2085	3631
2086	2393
2086	3626
2086	4204
2086	4707
2086	5444
2086	6254
2086	6548
2086	8685
2086	8881
2087	3626
2087	5139
2087	5444
2088	1724
2088	1956
2088	4576
2088	6573
2088	7441
2088	7806
2088	9709
2089	5063
2090	5139
2092	3626
2092	4204
2092	5444
2093	5763
2095	5063
2096	3626
2096	4204
2096	5444
2097	3626
2097	4204
2097	5444
2099	1059
2099	1125
2099	7677
2101	644
2101	1194
2101	1575
2101	1959
2101	3671
2101	4137
2101	4902
2101	5139
2101	5153
2101	5489
2101	5649
2101	5891
2101	5892
2101	6271
2101	6585
2101	6890
2101	7575
2101	7579
2101	7999
2101	8511
2102	4418
2103	2390
2103	3702
2103	4485
2103	4956
2103	4961
2103	6413
2103	6449
2104	3114
2105	2949
2105	3117
2105	6454
2105	9022
2108	2371
2108	3626
2108	3757
2108	4204
2108	5444
2109	1694
2109	7458
2110	5139
2111	834
2112	7179
2112	7623
2112	7624
2112	7625
2112	8816
2112	8942
2113	1334
2113	4668
2113	5059
2113	5501
2113	5764
2113	8325
2113	8905
2114	6573
2115	2922
2115	6601
2116	2613
2116	3875
2116	4323
2116	4707
2116	5133
2116	5567
2116	6628
2116	7811
2116	7887
2117	8463
2119	744
2120	2609
2120	4707
2120	7205
2121	3106
2121	8091
2122	5139
2123	834
2123	6346
2124	1744
2124	4186
2124	4188
2124	5063
2124	6250
2124	6255
2124	7058
2124	9339
2125	3266
2125	3446
2125	4238
2125	4295
2125	4567
2125	5405
2125	6061
2125	6341
2125	6443
2125	6573
2125	6589
2125	7158
2125	8085
2125	8443
2125	8865
2127	8799
2128	5139
2129	605
2130	2621
2130	3828
2130	4052
2130	4800
2130	5139
2130	5848
2130	5928
2130	7254
2130	9497
2132	8244
2133	5181
2135	5063
2136	7559
2137	834
2138	5139
2140	1194
2140	2103
2140	3566
2140	4649
2140	5139
2141	834
2141	2355
2141	3660
2141	3985
2141	5428
2141	6443
2141	8685
2142	834
2143	2615
2143	2741
2143	2841
2143	2856
2143	3138
2143	6601
2143	7312
2143	7364
2144	3626
2144	4204
2144	5444
2145	1061
2145	8790
2146	834
2146	2105
2146	3123
2146	3927
2146	4609
2146	4701
2146	8280
2147	3626
2147	4204
2147	5444
2149	4750
2149	5292
2149	9022
2149	9281
2150	3626
2150	4204
2150	5444
2151	2847
2153	834
2154	2540
2154	4829
2155	6715
2156	4418
2157	2717
2159	3626
2159	4204
2159	5444
2160	3626
2160	4204
2160	5444
2161	6552
2162	2618
2162	5498
2162	6363
2162	8543
2162	8557
2162	8807
2162	8928
2162	9111
2162	9381
2163	5139
2164	3626
2164	4204
2164	5444
2165	2292
2165	4484
2165	4769
2165	5908
2165	9006
2166	5139
2167	5139
2168	5063
2170	4916
2170	6518
2170	7379
2170	8280
2171	2666
2171	4641
2172	3626
2172	4204
2172	5444
2173	3340
2173	3679
2173	4569
2173	5139
2173	5290
2173	6116
2173	6439
2173	6755
2173	7761
2174	2302
2174	5139
2174	5802
2174	6577
2175	6669
2176	3626
2176	4204
2176	5444
2177	2352
2177	2530
2177	3327
2177	3372
2177	3396
2177	3752
2177	3760
2177	3765
2177	4083
2177	4592
2177	4684
2177	4992
2177	5024
2177	5139
2177	5316
2177	5759
2177	5764
2177	6211
2177	6238
2177	6241
2177	6244
2177	6253
2177	6260
2177	6331
2177	6720
2177	6722
2177	6732
2177	6852
2177	6880
2177	7079
2177	7179
2177	7414
2177	7999
2177	8611
2177	9065
2177	9084
2177	9296
2177	9330
2177	9389
2178	3626
2178	3629
2178	5127
2178	5444
2178	5800
2178	5802
2178	5805
2178	5807
2178	8705
2178	8965
2178	9750
2179	133
2179	1125
2179	4418
2179	5139
2179	7839
2180	3626
2180	4204
2180	5444
2181	7706
2181	8358
2184	3626
2184	4204
2184	5444
2185	2896
2187	5139
2187	6564
2188	1531
2189	3337
2190	2926
2190	4323
2190	4741
2190	4912
2190	5139
2190	5498
2190	6902
2190	7091
2190	7556
2190	8714
2191	2514
2191	3266
2191	3447
2191	3544
2191	3548
2191	3753
2191	4238
2191	4280
2191	4351
2191	4592
2191	4627
2191	4661
2191	4988
2191	5224
2191	5417
2191	6068
2191	6102
2191	6443
2191	6819
2191	7536
2191	8013
2191	8085
2191	8672
2191	8710
2192	3626
2192	4204
2192	5444
2192	7029
2192	7667
2194	5139
2195	3626
2195	4204
2195	5444
2196	6321
2198	4852
2203	5139
2204	3626
2204	4204
2204	5444
2205	6661
2206	8244
2207	834
2207	6588
2208	834
2208	835
2208	5139
2208	6573
2208	8685
2209	6220
2209	8790
2210	5059
2210	5791
2213	3626
2213	4204
2213	5444
2216	835
2216	6573
2217	4973
2218	5139
2218	8829
2219	4245
2219	7427
2220	9370
2221	3626
2221	4204
2221	5444
2222	2424
2224	3626
2224	4204
2224	5444
2225	834
2225	3623
2225	4664
2225	4902
2225	4998
2225	5232
2225	5499
2225	5848
2225	6718
2225	8216
2225	8685
2225	8716
2225	9128
2227	5016
2228	4223
2228	4231
2229	835
2229	6573
2230	8422
2231	2623
2231	5932
2231	6439
2233	4418
2234	4066
2234	6588
2234	6942
2234	8377
2236	5063
2237	6734
2237	7227
2237	8542
2238	2287
2238	3576
2238	5139
2238	6240
2238	6902
2238	8679
2238	9451
2238	9677
2239	5519
2240	5139
2241	5909
2241	6461
2241	9382
2241	9619
2242	5139
2243	3626
2243	4204
2243	5444
2244	8685
2245	6573
2246	4937
2247	5063
2248	880
2248	3574
2248	7004
2250	5139
2251	1061
2251	4922
2252	3626
2252	4204
2252	5444
2254	3626
2254	4204
2254	5444
2255	3626
2255	4204
2255	5139
2255	5444
2257	6573
2258	1806
2260	5139
2261	832
2261	5139
2263	5139
2264	2409
2264	2613
2264	4701
2264	4779
2264	5468
2264	6209
2264	6271
2264	6542
2264	7912
2264	8942
2264	9080
2264	9268
2265	3443
2267	5139
2267	7179
2267	7623
2267	7624
2267	7625
2267	8942
2268	1461
2268	3626
2268	4204
2268	5444
2268	6211
2269	5139
2270	8936
2271	2613
2271	2829
2271	3875
2271	4912
2271	5133
2273	4744
2273	4804
2273	4808
2273	6717
2274	51
2274	52
2274	2498
2274	2942
2274	4137
2274	4295
2274	8052
2274	8424
2274	8685
2274	9350
2275	3626
2275	4204
2275	5444
2276	3626
2276	4204
2276	5444
2277	3626
2277	4204
2277	5444
2279	3166
2280	3514
2280	4684
2280	4685
2280	8685
2285	1391
2286	5139
2287	2225
2287	2289
2287	2896
2287	3357
2287	4204
2287	4669
2287	4685
2287	5139
2287	5759
2287	5862
2287	6204
2287	6596
2287	6799
2287	6814
2287	8207
2287	8584
2287	8685
2287	8903
2287	8965
2288	2287
2288	3166
2288	5698
2288	5862
2289	4127
2289	5139
2289	5519
2289	6669
2289	6799
2289	8685
2290	834
2292	1009
2292	3334
2292	4639
2292	4960
2292	5139
2292	5908
2292	5983
2292	6093
2292	7047
2292	7943
2292	8339
2292	8828
2292	9006
2292	9118
2292	9608
2293	3626
2293	4204
2293	5063
2293	5444
2293	8675
2293	9259
2294	6127
2294	6802
2295	2750
2296	5063
2296	5139
2297	8055
2299	2609
2299	2613
2299	2807
2299	2829
2299	3028
2299	3159
2299	3660
2299	3875
2299	4955
2299	5133
2299	5375
2299	5928
2299	5949
2299	6203
2299	6222
2299	6271
2299	6628
2299	6705
2299	6821
2299	6896
2299	7074
2299	7355
2299	7887
2299	9263
2299	9361
2301	3117
2301	5063
2303	834
2303	2891
2303	5063
2303	6921
2304	3626
2304	4204
2304	5444
2304	6827
2304	8935
2305	7388
2305	7999
2306	4751
2307	5139
2309	6564
2310	9271
2311	834
2311	6713
2311	6799
2311	8635
2311	8685
2311	8714
2311	8965
2312	2514
2312	3266
2312	3447
2312	3544
2312	3548
2312	4280
2312	4592
2312	5215
2312	6443
2312	8013
2312	8085
2313	3626
2313	4204
2313	5444
2314	5139
2315	3993
2315	8346
2315	9566
2319	2767
2319	4137
2319	5489
2319	5649
2319	5891
2319	5892
2319	6585
2319	6890
2319	7575
2319	7579
2320	4646
2320	8714
2320	8812
2320	8917
2321	8220
2322	7330
2323	3626
2323	4204
2323	5145
2323	5444
2323	8685
2323	8904
2326	5139
2326	6649
2326	8685
2327	1017
2327	3671
2327	5346
2327	8709
2328	2613
2328	3335
2328	4746
2328	5468
2328	5532
2328	6222
2328	6271
2328	7052
2328	7205
2328	8802
2328	8881
2328	9205
2328	9263
2328	9361
2328	9726
2328	9754
2331	4204
2331	4561
2331	4583
2331	4611
2331	5432
2331	5444
2331	7730
2331	8908
2332	4619
2332	7458
2332	8358
2333	3626
2333	5444
2337	2615
2337	4946
2337	5663
2337	6020
2340	3626
2340	4204
2340	5063
2340	5444
2342	3237
2342	4489
2342	8060
2343	834
2343	3166
2344	5063
2345	3222
2345	3626
2345	4149
2345	4204
2345	5444
2345	6573
2346	4204
2347	2384
2347	2613
2347	3159
2347	3329
2347	4052
2347	4279
2347	4323
2347	4604
2347	4693
2347	4707
2347	4905
2347	5122
2347	5169
2347	5291
2347	5498
2347	5528
2347	5532
2347	5928
2347	6628
2347	6806
2347	6896
2347	7078
2347	7123
2347	7339
2347	7887
2347	8216
2347	8685
2347	8820
2347	8825
2347	8881
2347	9205
2347	9263
2347	9336
2350	51
2350	52
2350	2352
2350	2498
2350	2942
2350	4137
2350	4295
2350	4418
2350	4589
2350	5489
2350	7157
2350	8052
2350	9350
2352	51
2352	266
2352	382
2352	454
2352	455
2352	561
2352	738
2352	983
2352	1067
2352	1135
2352	1200
2352	1260
2352	1471
2352	1752
2352	1831
2352	1951
2352	1981
2352	2096
2352	2108
2352	2259
2352	2261
2352	2262
2352	2500
2352	2504
2352	2523
2352	2524
2352	2530
2352	2631
2352	2714
2352	2792
2352	2820
2352	2821
2352	2854
2352	3020
2352	3262
2352	3267
2352	3327
2352	3372
2352	3396
2352	3457
2352	3492
2352	3626
2352	3663
2352	3752
2352	3760
2352	3765
2352	3858
2352	4083
2352	4100
2352	4137
2352	4142
2352	4295
2352	4326
2352	4481
2352	4568
2352	4589
2352	4592
2352	4634
2352	4661
2352	4684
2352	4734
2352	4982
2352	4992
2352	5024
2352	5063
2352	5142
2352	5254
2352	5316
2352	5392
2352	5663
2352	5759
2352	5764
2352	5891
2352	6059
2352	6063
2352	6064
2352	6071
2352	6106
2352	6146
2352	6187
2352	6211
2352	6238
2352	6241
2352	6244
2352	6253
2352	6260
2352	6316
2352	6331
2352	6423
2352	6432
2352	6433
2352	6434
2352	6439
2352	6582
2352	6596
2352	6618
2352	6711
2352	6720
2352	6722
2352	6732
2352	6764
2352	6779
2352	6799
2352	6852
2352	6880
2352	6890
2352	6940
2352	7079
2352	7157
2352	7159
2352	7179
2352	7180
2352	7218
2352	7320
2352	7414
2352	7438
2352	7469
2352	7487
2352	7748
2352	7749
2352	7758
2352	7759
2352	7865
2352	7958
2352	7984
2352	7999
2352	8049
2352	8281
2352	8467
2352	8611
2352	8640
2352	8685
2352	8710
2352	9065
2352	9084
2352	9150
2352	9296
2352	9330
2352	9389
2353	5139
2354	1235
2354	2883
2354	3037
2354	3700
2354	5063
2354	8685
2355	3660
2355	3985
2355	5428
2355	6443
2356	4137
2356	5489
2356	5649
2356	5891
2356	5892
2356	6585
2356	6890
2356	7575
2356	7579
2357	6018
2357	8525
2360	5096
2361	5139
2362	2417
2362	3268
2362	4137
2362	4257
2362	5489
2362	5649
2362	5891
2362	5892
2362	6585
2362	6890
2362	6948
2362	7575
2362	7579
2363	834
2363	6573
2364	3337
2364	8885
2364	9260
2365	1351
2365	2821
2365	3253
2365	3446
2365	4490
2365	5142
2365	5389
2365	6458
2365	8710
2365	8758
2365	8809
2366	5139
2366	6928
2370	5139
2371	4044
2371	4347
2371	8379
2371	9061
2372	483
2372	3435
2372	3626
2372	4204
2372	5139
2372	5444
2372	5550
2372	5947
2374	3206
2375	4204
2375	4694
2376	7567
2377	2546
2378	834
2378	4963
2378	6271
2379	5139
2380	3626
2380	4204
2380	5444
2380	6061
2381	2456
2381	4650
2381	7838
2382	3626
2382	5444
2383	2132
2383	7992
2383	8286
2384	2385
2384	2389
2384	2443
2384	2609
2384	2611
2384	2613
2384	2712
2384	2746
2384	2785
2384	2829
2384	3160
2384	3177
2384	3324
2384	3329
2384	3341
2384	3438
2384	3626
2384	3691
2384	3701
2384	3875
2384	4604
2384	4631
2384	4707
2384	4947
2384	5126
2384	5133
2384	5220
2384	5224
2384	5444
2384	5468
2384	5532
2384	5567
2384	6212
2384	6222
2384	6238
2384	6307
2384	6366
2384	6465
2384	6539
2384	6628
2384	6806
2384	7041
2384	7052
2384	7078
2384	7103
2384	7529
2384	7821
2384	7887
2384	7991
2384	7998
2384	8320
2384	8802
2384	8807
2384	8825
2384	8881
2384	9265
2384	9266
2384	9336
2384	9738
2385	2393
2385	2394
2385	2401
2385	2443
2385	2609
2385	2613
2385	2712
2385	2829
2385	3160
2385	3324
2385	3329
2385	3341
2385	3661
2385	3875
2385	3993
2385	4102
2385	4401
2385	4622
2385	4638
2385	4650
2385	4693
2385	4707
2385	4711
2385	4737
2385	4779
2385	4914
2385	4915
2385	4931
2385	4935
2385	4940
2385	4946
2385	4947
2385	4955
2385	4956
2385	5113
2385	5133
2385	5224
2385	5386
2385	5468
2385	5498
2385	5527
2385	5528
2385	5532
2385	5567
2385	5780
2385	5873
2385	5910
2385	6087
2385	6222
2385	6244
2385	6271
2385	6307
2385	6309
2385	6366
2385	6388
2385	6417
2385	6450
2385	6532
2385	6539
2385	6542
2385	6548
2385	6628
2385	6722
2385	6806
2385	7041
2385	7078
2385	7110
2385	7116
2385	7205
2385	7430
2385	7529
2385	7887
2385	8212
2385	8216
2385	8273
2385	8361
2385	8427
2385	8802
2385	8820
2385	8825
2385	8881
2385	9205
2385	9230
2385	9263
2385	9266
2385	9269
2385	9361
2385	9612
2385	9726
2385	9754
2386	3626
2386	4204
2386	5444
2386	7138
2387	5444
2388	3626
2388	5139
2388	5444
2389	2401
2389	3084
2389	4486
2389	4741
2389	4779
2389	4919
2389	4922
2389	4939
2389	4963
2389	5528
2389	6203
2389	6271
2389	6273
2389	6368
2389	6542
2389	6628
2389	6821
2389	6896
2389	7091
2389	7110
2389	7154
2389	7529
2389	7534
2389	8207
2389	8685
2389	9016
2389	9323
2391	9078
2392	2610
2392	7132
2393	2394
2393	2545
2393	2609
2393	2613
2393	2746
2393	2829
2393	3053
2393	3159
2393	3160
2393	3177
2393	3436
2393	3699
2393	3701
2393	3873
2393	3875
2393	3993
2393	4631
2393	4707
2393	4711
2393	4737
2393	4869
2393	4946
2393	5169
2393	5228
2393	5567
2393	5914
2393	5928
2393	6222
2393	6254
2393	6309
2393	6450
2393	6529
2393	6628
2393	6639
2393	6806
2393	7116
2393	7529
2393	7683
2393	7821
2393	7887
2393	8313
2393	8361
2393	8432
2393	8436
2393	8802
2393	8807
2393	8825
2393	8881
2393	9075
2393	9205
2393	9263
2393	9612
2394	2613
2394	3875
2394	4707
2394	4711
2394	5133
2394	5139
2394	6539
2394	8881
2395	5139
2396	3626
2396	5444
2397	2812
2397	3664
2397	5024
2397	5063
2398	5063
2400	3623
2400	5063
2400	5139
2401	2609
2401	3067
2401	3310
2401	3626
2401	4204
2401	4650
2401	4746
2401	4810
2401	5133
2401	5169
2401	5178
2401	5444
2401	5468
2401	5859
2401	6203
2401	6271
2401	6628
2401	6921
2401	7078
2401	8308
2401	9361
2401	9726
2402	1702
2402	3408
2402	3626
2402	4204
2402	4922
2402	4952
2402	5219
2402	5444
2402	5928
2402	6542
2402	7154
2402	8881
2402	9726
2403	6967
2404	6518
2404	9465
2405	5139
2405	6674
2406	3626
2406	4204
2406	5444
2406	8685
2407	5139
2408	2613
2408	2829
2408	4693
2408	4707
2408	4711
2408	5133
2408	5386
2408	5468
2408	7887
2408	8881
2408	9205
2408	9637
2409	6271
2410	526
2410	6674
2410	8734
2412	6564
2412	7882
2412	9145
2413	639
2413	1638
2413	3574
2413	6817
2415	3898
2416	9361
2417	4542
2417	6149
2417	6505
2417	7228
2417	8866
2417	8917
2418	5139
2420	834
2420	3626
2420	4204
2420	5444
2422	5139
2423	5139
2424	494
2424	1395
2424	2223
2424	5139
2424	5249
2424	7438
2425	5063
2425	5139
2430	9440
2431	2712
2432	3560
2432	6146
2433	3626
2433	4204
2433	5444
2434	3228
2434	4418
2435	3626
2435	4204
2435	5444
2436	4204
2436	5444
2436	6471
2437	6368
2437	8764
2438	2613
2438	2697
2438	2829
2438	3875
2438	5063
2438	5133
2438	5468
2438	6254
2438	6271
2438	7078
2438	7205
2438	8881
2438	9485
2439	3422
2439	3626
2439	4204
2439	5444
2440	2613
2440	2829
2440	3875
2440	8881
2441	834
2441	2613
2441	2829
2441	3875
2441	4631
2441	4650
2441	4698
2441	4707
2441	5133
2441	8881
2441	9726
2443	2613
2443	2785
2443	2829
2443	3875
2443	4711
2443	5133
2443	7887
2443	8881
2444	5133
2444	8881
2445	2613
2445	2829
2445	5139
2445	7078
2445	8881
2446	1810
2446	6262
2448	3429
2448	3716
2449	5139
2451	3626
2451	4204
2451	5444
2452	3626
2452	4204
2452	5444
2454	2795
2455	4570
2456	9399
2457	2831
2457	3468
2457	4413
2457	6669
2457	8620
2458	4329
2459	834
2463	5139
2463	5219
2464	703
2464	1194
2464	3000
2464	3522
2464	4308
2464	4309
2464	5896
2464	6103
2464	6957
2464	8489
2464	9341
2465	2960
2465	5894
2465	5958
2465	5976
2465	6103
2465	8108
2466	3000
2466	3001
2467	179
2467	1157
2467	2602
2467	3568
2468	7045
2469	3257
2469	3259
2469	3260
2469	4418
2469	5139
2470	7998
2470	8685
2471	3626
2471	4204
2471	5444
2472	2495
2472	3626
2472	4204
2472	5444
2473	6573
2476	7045
2478	4221
2481	834
2481	6957
2481	7603
2482	6564
2483	3626
2483	5444
2484	5139
2484	8685
2485	5139
2486	4271
2487	5791
2487	6661
2487	6669
2487	6925
2487	7239
2487	9071
2488	51
2488	52
2488	2498
2488	2942
2488	4137
2488	4295
2488	5489
2488	6149
2488	7320
2488	8052
2488	9350
2489	51
2489	52
2489	2498
2489	2942
2489	4137
2489	4295
2489	8052
2489	9350
2491	3626
2491	4204
2491	5444
2492	7675
2493	4137
2493	5139
2493	5489
2493	5649
2493	5891
2493	5892
2493	6585
2493	6890
2493	7575
2493	7579
2494	5139
2495	4260
2495	4380
2497	7179
2497	7623
2497	7624
2497	7625
2497	8060
2497	8434
2497	8942
2498	33
2498	1061
2498	1135
2498	2640
2498	3544
2498	4295
2498	5416
2498	6057
2498	6102
2498	6135
2498	6576
2498	7796
2498	8005
2498	8443
2498	8917
2500	605
2500	835
2500	6573
2501	5697
2501	7279
2501	8001
2502	7847
2502	8463
2503	3626
2503	4204
2503	5444
2503	7179
2503	7623
2503	7624
2503	7625
2503	8942
2504	3266
2504	3544
2504	3945
2504	4295
2504	5684
2504	6102
2504	6439
2505	834
2506	3266
2506	3544
2506	3945
2506	4295
2506	5489
2506	6057
2506	6060
2506	6069
2506	6439
2506	6443
2506	6619
2509	5139
2510	4254
2513	834
2513	8685
2514	3108
2514	3544
2514	3548
2514	3626
2514	3934
2514	4044
2514	4204
2514	4280
2514	4351
2514	4577
2514	4596
2514	4627
2514	4651
2514	5405
2514	5416
2514	5417
2514	5444
2514	5482
2514	6068
2514	6443
2514	7536
2514	8085
2514	8672
2514	8710
2515	4418
2516	8648
2517	3626
2517	3789
2517	4204
2517	5444
2517	8923
2518	1833
2518	2940
2518	3626
2518	4178
2518	4204
2518	5444
2518	6489
2518	7928
2519	4257
2519	4588
2521	2082
2522	1048
2523	51
2523	747
2523	2563
2523	2640
2523	2716
2523	2820
2523	2821
2523	2822
2523	3253
2523	3266
2523	3267
2523	3544
2523	4083
2523	4295
2523	4589
2523	4725
2523	5063
2523	5482
2523	5759
2523	5764
2523	5888
2523	5889
2523	5956
2523	5967
2523	5985
2523	6057
2523	6059
2523	6060
2523	6137
2523	6439
2523	6443
2523	7180
2523	7561
2523	7918
2523	7958
2523	8443
2523	8672
2523	8685
2523	8696
2523	9030
2523	9159
2524	3266
2524	3544
2524	3548
2524	3583
2524	4605
2524	5063
2524	6102
2524	6341
2524	6443
2524	6458
2524	6505
2524	7559
2524	8085
2524	8865
2524	8940
2525	4069
2525	4351
2525	5389
2525	5442
2525	7705
2525	8940
2526	3626
2526	4204
2526	5444
2526	7371
2528	225
2528	1010
2528	4257
2528	7230
2530	1293
2530	3327
2530	3372
2530	3396
2530	3752
2530	3760
2530	3765
2530	4083
2530	4592
2530	4684
2530	4992
2530	5024
2530	5139
2530	5316
2530	5759
2530	5764
2530	6211
2530	6238
2530	6241
2530	6244
2530	6253
2530	6260
2530	6331
2530	6720
2530	6722
2530	6732
2530	6852
2530	6880
2530	7079
2530	7179
2530	7414
2530	7999
2530	8611
2530	9065
2530	9084
2530	9296
2530	9330
2530	9389
2531	5139
2532	5139
2533	2852
2533	5031
2533	5139
2533	5294
2533	6063
2533	6799
2533	8175
2534	5039
2534	5139
2535	5039
2535	5139
2536	3626
2536	4204
2536	5139
2536	5444
2537	5444
2538	5029
2538	5139
2539	4808
2539	5063
2539	6059
2539	6060
2539	7316
2539	8435
2539	9418
2540	7697
2541	8891
2543	3626
2543	4204
2543	5444
2543	8095
2544	6050
2545	3626
2545	3875
2545	4204
2545	4650
2545	4707
2545	5444
2545	6366
2545	7683
2545	7832
2545	8881
2545	9637
2546	5402
2546	7689
2547	6898
2548	8685
2550	2103
2550	2146
2550	3702
2550	4612
2550	5139
2550	6408
2550	9186
2552	4137
2552	5489
2552	5649
2552	5891
2552	5892
2552	6585
2552	6890
2552	7575
2552	7579
2553	5139
2554	3626
2554	4204
2554	5444
2555	4260
2555	5139
2556	5139
2557	3649
2557	5082
2557	5139
2558	2884
2559	2082
2559	5848
2561	4196
2561	4325
2561	5139
2561	6713
2561	7378
2561	8463
2562	2953
2563	1744
2563	1745
2563	4204
2563	5074
2563	6059
2563	8685
2564	3626
2564	4204
2564	5444
2565	4034
2565	4542
2565	7231
2566	6589
2567	6003
2568	3626
2568	4204
2568	5139
2568	5444
2569	3626
2569	4204
2569	5139
2569	5444
2569	9414
2570	6661
2572	7126
2573	65
2573	119
2573	384
2573	428
2573	452
2573	511
2573	851
2573	859
2573	891
2573	972
2573	1020
2573	1110
2573	1138
2573	1176
2573	1225
2573	1277
2573	1380
2573	1439
2573	1473
2573	1643
2573	2118
2573	2134
2573	2335
2573	2582
2573	2679
2573	2745
2573	2757
2573	2940
2573	2945
2573	3041
2573	3058
2573	3395
2573	3505
2573	3761
2573	3891
2573	4118
2573	4120
2573	4169
2573	4191
2573	4235
2573	4237
2573	4323
2573	4325
2573	4443
2573	4444
2573	4462
2573	4581
2573	4653
2573	4662
2573	4727
2573	5292
2573	5550
2573	5738
2573	5774
2573	5845
2573	5942
2573	6060
2573	6072
2573	6136
2573	6246
2573	6247
2573	6315
2573	6330
2573	6386
2573	6488
2573	6618
2573	6693
2573	6800
2573	6917
2573	7064
2573	7095
2573	7276
2573	7351
2573	7539
2573	7572
2573	7605
2573	7703
2573	7704
2573	7888
2573	8081
2573	8153
2573	8243
2573	8255
2573	8307
2573	8613
2573	8873
2573	8968
2573	9049
2573	9100
2573	9163
2573	9207
2573	9622
2573	9653
2573	9729
2576	5444
2580	8685
2581	4388
2581	6573
2583	834
2586	5677
2586	7649
2587	6873
2588	3626
2588	4204
2588	5444
2592	2702
2592	4416
2592	5249
2593	605
2593	2844
2594	605
2594	835
2594	6573
2595	1269
2595	5772
2595	8685
2596	6055
2597	4105
2597	4799
2597	5139
2599	6561
2601	6561
2602	3200
2602	3566
2602	4688
2602	5743
2602	7182
2602	7459
2602	7852
2602	9240
2602	9377
2603	4628
2604	6839
2604	9259
2605	3626
2605	4204
2605	5444
2606	3626
2606	5444
2607	1689
2607	3564
2608	6203
2608	8273
2608	9263
2609	834
2609	2613
2609	2746
2609	2926
2609	3159
2609	3335
2609	3626
2609	3691
2609	4204
2609	4707
2609	4708
2609	4711
2609	4718
2609	4746
2609	4869
2609	4955
2609	5133
2609	5169
2609	5324
2609	5362
2609	5444
2609	5532
2609	5971
2609	5975
2609	6203
2609	6214
2609	6244
2609	6271
2609	6388
2609	6806
2609	6967
2609	7078
2609	7205
2609	7821
2609	7887
2609	7966
2609	7999
2609	8802
2609	8881
2609	8907
2609	9336
2609	9361
2609	9726
2609	9754
2610	3166
2610	6068
2611	2829
2611	3160
2611	4631
2611	4711
2611	5928
2611	6539
2611	7991
2611	8807
2611	8881
2611	9336
2612	3626
2612	4204
2612	5444
2612	5553
2612	6829
2612	8706
2613	1923
2613	2697
2613	2712
2613	2746
2613	2785
2613	2829
2613	3053
2613	3160
2613	3324
2613	3327
2613	3329
2613	3341
2613	3436
2613	3438
2613	3641
2613	3691
2613	3699
2613	3701
2613	3873
2613	3875
2613	3991
2613	4069
2613	4102
2613	4280
2613	4401
2613	4520
2613	4631
2613	4638
2613	4707
2613	4711
2613	4737
2613	4869
2613	4928
2613	4931
2613	4935
2613	4939
2613	4944
2613	4946
2613	4947
2613	4955
2613	4956
2613	4961
2613	4998
2613	5009
2613	5113
2613	5133
2613	5156
2613	5172
2613	5175
2613	5224
2613	5228
2613	5273
2613	5362
2613	5369
2613	5376
2613	5377
2613	5465
2613	5468
2613	5498
2613	5528
2613	5532
2613	5567
2613	5578
2613	5716
2613	5780
2613	5914
2613	5949
2613	6222
2613	6244
2613	6271
2613	6273
2613	6307
2613	6309
2613	6366
2613	6388
2613	6417
2613	6450
2613	6465
2613	6529
2613	6532
2613	6548
2613	6559
2613	6564
2613	6566
2613	6628
2613	6639
2613	6723
2613	6809
2613	6828
2613	6902
2613	6903
2613	7041
2613	7052
2613	7062
2613	7094
2613	7098
2613	7100
2613	7110
2613	7113
2613	7116
2613	7117
2613	7123
2613	7124
2613	7205
2613	7306
2613	7328
2613	7339
2613	7529
2613	7683
2613	7714
2613	7722
2613	7768
2613	7803
2613	7809
2613	7816
2613	7887
2613	7974
2613	7998
2613	8195
2613	8212
2613	8253
2613	8273
2613	8313
2613	8361
2613	8427
2613	8432
2613	8436
2613	8679
2613	8802
2613	8807
2613	8820
2613	8825
2613	8881
2613	9075
2613	9205
2613	9230
2613	9266
2613	9269
2613	9336
2613	9361
2613	9485
2613	9637
2613	9649
2613	9726
2613	9738
2613	9754
2615	6572
2615	7218
2615	8685
2616	6669
2617	4381
2619	3269
2619	3626
2619	4204
2619	5444
2619	7697
2620	4602
2620	8182
2621	496
2621	2922
2621	3892
2621	4187
2621	4485
2621	4602
2621	5024
2621	5330
2621	5781
2621	6236
2621	6832
2621	7161
2621	7191
2621	7446
2621	7987
2621	8685
2621	8991
2621	9497
2621	9530
2621	9550
2621	9580
2621	9694
2621	9716
2623	2692
2623	3269
2623	4260
2623	5905
2623	8702
2624	7697
2626	4142
2627	5139
2628	133
2628	505
2628	1008
2628	2228
2628	2231
2628	3710
2628	3796
2628	3841
2628	4254
2628	4257
2628	6181
2628	8467
2629	5139
2630	3626
2630	4204
2630	5444
2631	3020
2631	3152
2631	7206
2631	8218
2631	8396
2632	605
2633	6661
2634	1501
2634	3626
2634	4204
2634	5444
2635	5063
2636	4576
2636	8257
2636	9381
2636	9566
2637	5139
2637	8172
2639	3626
2639	4204
2639	5444
2639	6573
2640	2986
2640	3548
2640	3626
2640	4012
2640	4204
2640	4567
2640	4578
2640	4661
2640	4988
2640	5215
2640	5444
2640	5489
2640	5684
2640	6057
2640	6062
2640	6428
2640	6582
2640	7561
2640	7563
2640	8443
2640	9313
2640	9323
2641	8361
2642	4589
2642	5139
2642	8611
2643	3626
2643	4204
2643	5444
2644	8349
2645	3941
2645	4118
2645	4418
2645	5139
2645	6321
2645	6848
2645	7660
2647	5139
2648	5139
2649	5139
2649	7861
2651	5139
2652	5139
2653	378
2653	2234
2653	2914
2653	3626
2653	4204
2653	4329
2653	5444
2653	6925
2653	6965
2653	7177
2653	8376
2653	8529
2653	8580
2654	5556
2655	7684
2657	834
2658	8685
2662	6573
2663	3626
2663	4204
2663	5444
2664	7004
2665	834
2666	4602
2666	4769
2666	9608
2672	4886
2673	7559
2675	1226
2678	3776
2680	3626
2680	4204
2680	5139
2680	5444
2681	3039
2681	4693
2681	4900
2681	4912
2681	4923
2681	4940
2681	5528
2681	5928
2681	6319
2681	6542
2681	7091
2683	8829
2685	4799
2686	3626
2686	4204
2686	5444
2686	7644
2687	3507
2687	3626
2687	4204
2687	5444
2689	3417
2689	5139
2689	5441
2690	4624
2693	4570
2694	5139
2695	7010
2697	5133
2697	5716
2697	6628
2697	7998
2697	8881
2698	3626
2698	4204
2698	5444
2699	5139
2700	834
2700	1243
2700	3626
2700	3655
2700	4204
2700	5139
2700	5444
2701	3626
2701	4204
2701	5139
2701	5444
2702	2291
2702	2704
2702	3626
2702	4204
2702	5139
2702	5444
2702	5759
2702	5764
2702	8588
2703	5139
2704	4561
2704	4583
2704	4600
2704	4611
2704	5139
2704	5432
2704	7730
2704	8908
2705	5139
2705	9153
2706	876
2706	2238
2706	4351
2706	5139
2706	6622
2706	6902
2706	7522
2706	7536
2706	8679
2707	4973
2707	5139
2708	4243
2708	4743
2708	5044
2708	5139
2708	5310
2708	6716
2708	6722
2708	6728
2708	6732
2709	5139
2710	5139
2711	3626
2711	4204
2711	5444
2712	332
2712	834
2712	2785
2712	3160
2712	3828
2712	3875
2712	4105
2712	4323
2712	4926
2712	5231
2712	5468
2712	5567
2712	6071
2712	6366
2712	6417
2712	6628
2712	6719
2712	6755
2712	6806
2712	7078
2712	7529
2712	7887
2712	8102
2712	8313
2712	8521
2712	8648
2712	8881
2712	9067
2712	9205
2712	9263
2713	3875
2713	4323
2713	4711
2713	8881
2714	5139
2715	5139
2716	5063
2716	8685
2717	1531
2717	3148
2717	5139
2717	6290
2717	7279
2718	1575
2718	3626
2718	3672
2718	4204
2718	4609
2718	5444
2718	7948
2719	5032
2720	3951
2721	7477
2722	5063
2723	834
2724	5139
2724	5384
2726	2791
2726	4130
2726	4276
2726	5139
2726	6722
2726	8055
2727	3626
2727	4204
2727	4663
2727	5444
2727	6449
2727	7225
2727	8314
2728	3878
2729	5059
2731	3000
2731	6762
2732	4561
2732	4583
2732	4611
2732	5432
2732	7730
2732	8908
2735	5139
2735	5566
2735	6711
2736	2930
2736	3106
2737	3626
2737	4204
2737	5444
2738	3626
2738	4204
2738	5444
2740	6873
2740	8231
2741	834
2741	3626
2741	4204
2741	5444
2741	5791
2741	8833
2743	3626
2743	4204
2743	5139
2743	5444
2746	1013
2746	3160
2746	3177
2746	3626
2746	3875
2746	4204
2746	4707
2746	5133
2746	5308
2746	5444
2746	5567
2746	6222
2746	6254
2746	6366
2746	6559
2746	6957
2746	7052
2746	7078
2746	7113
2746	7444
2746	7683
2746	8436
2746	8807
2746	8825
2746	8881
2746	9266
2746	9637
2747	5557
2748	9608
2748	9637
2749	8685
2752	3626
2752	4204
2752	5444
2752	6573
2753	6115
2755	3626
2755	4204
2755	5063
2755	5139
2755	5444
2756	1032
2756	1754
2756	5698
2756	8311
2756	9209
2758	791
2758	1342
2758	4117
2758	4907
2758	5063
2758	5139
2758	8321
2758	8902
2759	5139
2761	6561
2762	3626
2762	4204
2762	5063
2762	5444
2763	3626
2763	4204
2763	5444
2764	3626
2764	4204
2764	5444
2768	111
2768	295
2768	394
2768	690
2768	723
2768	877
2768	931
2768	1255
2768	1274
2768	1302
2768	1470
2768	1547
2768	1602
2768	1606
2768	1634
2768	1637
2768	1685
2768	1780
2768	1785
2768	1852
2768	1862
2768	1978
2768	2087
2768	2102
2768	2155
2768	2252
2768	2298
2768	2339
2768	2396
2768	2399
2768	2511
2768	2609
2768	2677
2768	2702
2768	2791
2768	2803
2768	3063
2768	3126
2768	3278
2768	3295
2768	3626
2768	3937
2768	4001
2768	4204
2768	4292
2768	4328
2768	4406
2768	4453
2768	4518
2768	4631
2768	4706
2768	4729
2768	4817
2768	4850
2768	4879
2768	4968
2768	4979
2768	5004
2768	5063
2768	5150
2768	5159
2768	5191
2768	5232
2768	5248
2768	5271
2768	5444
2768	5510
2768	5630
2768	5661
2768	6004
2768	6271
2768	6478
2768	6575
2768	6622
2768	6631
2768	6694
2768	6737
2768	6747
2768	6844
2768	6887
2768	6888
2768	6909
2768	7044
2768	7191
2768	7198
2768	7382
2768	7503
2768	7564
2768	7646
2768	7816
2768	7820
2768	7873
2768	7885
2768	7912
2768	7937
2768	7945
2768	7957
2768	7999
2768	8004
2768	8150
2768	8273
2768	8291
2768	8441
2768	8506
2768	8569
2768	8619
2768	8739
2768	8776
2768	8903
2768	8956
2768	9184
2768	9411
2768	9424
2768	9461
2768	9630
2769	3626
2769	4204
2769	5444
2770	3416
2770	4176
2770	4358
2771	1692
2771	4186
2771	4188
2771	5139
2771	6067
2771	6614
2773	3626
2773	4204
2773	5444
2774	3626
2774	4204
2774	5444
2777	3626
2777	4204
2777	5444
2778	133
2780	5139
2781	4137
2781	5489
2781	5649
2781	5891
2781	5892
2781	6585
2781	6890
2781	7575
2781	7579
2782	3626
2782	4204
2782	5444
2783	5139
2784	5139
2785	2829
2785	3329
2785	3691
2785	3875
2785	4323
2785	4604
2785	4707
2785	5133
2785	6222
2785	6238
2785	6254
2785	6366
2785	6388
2785	6417
2785	6539
2785	7078
2785	7179
2785	7821
2785	7887
2785	8802
2785	8807
2785	8881
2785	8950
2785	9265
2786	3034
2786	6841
2788	3541
2790	5139
2791	835
2791	3476
2791	4102
2791	4105
2791	5139
2791	5734
2791	5759
2791	5764
2791	6722
2791	6729
2791	6873
2791	7788
2792	5063
2792	6059
2792	7179
2792	7623
2792	7624
2792	7625
2792	8942
2793	3319
2794	3093
2794	4149
2796	834
2796	4891
2796	5139
2796	5267
2796	5408
2796	5584
2796	5628
2796	7061
2796	8685
2796	9179
2798	3626
2798	3763
2798	4204
2798	4387
2798	5063
2798	5444
2798	6168
2798	6369
2798	7211
2799	1167
2799	8252
2801	834
2803	5556
2805	777
2805	2807
2805	3626
2805	4204
2805	5444
2807	3617
2807	4995
2807	6334
2807	8331
2807	8787
2807	9331
2808	5063
2810	5184
2810	8098
2811	834
2812	5063
2813	4142
2815	8791
2816	5139
2817	5357
2818	6178
2819	2592
2819	4212
2819	4254
2819	5601
2819	5606
2819	5612
2819	6489
2819	7303
2819	7369
2819	9517
2820	51
2820	2795
2820	5478
2820	5791
2820	7758
2820	7759
2820	8528
2820	8703
2820	8790
2820	8907
2821	3266
2821	4568
2822	279
2822	2880
2822	3266
2822	3447
2822	3544
2822	3940
2822	3945
2822	4562
2822	4592
2822	5684
2822	6283
2822	6428
2822	6439
2822	6443
2822	7918
2822	8085
2822	8907
2822	9168
2823	3266
2823	3441
2823	3548
2823	4581
2823	5417
2824	3626
2824	4204
2824	5444
2825	1955
2826	6573
2827	3626
2827	4204
2827	5444
2828	1196
2828	8790
2829	3160
2829	3206
2829	3324
2829	3327
2829	3329
2829	3335
2829	3341
2829	3436
2829	3661
2829	3691
2829	3702
2829	3873
2829	3875
2829	4052
2829	4069
2829	4102
2829	4280
2829	4323
2829	4349
2829	4401
2829	4631
2829	4665
2829	4693
2829	4698
2829	4707
2829	4737
2829	4746
2829	4947
2829	5113
2829	5122
2829	5133
2829	5169
2829	5175
2829	5377
2829	5468
2829	5527
2829	5528
2829	5532
2829	5567
2829	5716
2829	5971
2829	6087
2829	6203
2829	6222
2829	6254
2829	6261
2829	6271
2829	6388
2829	6450
2829	6529
2829	6539
2829	6559
2829	6628
2829	6639
2829	6735
2829	6903
2829	6957
2829	7041
2829	7052
2829	7103
2829	7110
2829	7116
2829	7117
2829	7123
2829	7254
2829	7534
2829	7646
2829	7722
2829	7811
2829	7887
2829	7974
2829	8195
2829	8273
2829	8276
2829	8313
2829	8424
2829	8436
2829	8802
2829	8820
2829	8881
2829	9075
2829	9205
2829	9230
2829	9263
2829	9269
2829	9361
2829	9726
2829	9738
2829	9754
2830	1136
2830	2419
2830	2852
2830	4189
2830	4204
2830	4565
2830	4978
2830	5294
2831	3571
2831	5063
2831	6740
2831	9012
2832	3070
2832	5583
2832	7555
2836	3626
2836	4204
2836	5444
2837	2954
2837	3626
2837	4052
2837	4204
2837	4998
2837	5444
2837	7052
2837	8436
2837	9483
2838	4959
2839	6468
2839	8759
2840	4137
2840	5489
2840	5649
2840	5891
2840	5892
2840	6585
2840	6890
2840	7575
2840	7579
2841	381
2841	3134
2841	8098
2842	6573
2843	5139
2844	5139
2845	3116
2845	4381
2845	7522
2845	7819
2845	8833
2846	514
2846	6438
2846	6592
2847	6771
2848	5139
2849	3166
2849	5235
2850	8003
2850	8004
2850	8005
2852	198
2852	846
2852	1136
2852	1972
2852	2419
2852	2615
2852	2621
2852	2730
2852	2829
2852	3442
2852	3970
2852	4187
2852	4189
2852	4204
2852	4565
2852	4568
2852	4674
2852	4726
2852	4808
2852	4978
2852	5294
2852	5299
2852	5392
2852	5931
2852	6058
2852	6063
2852	6304
2852	6567
2852	6873
2852	7087
2852	7327
2852	7928
2852	7996
2852	8016
2852	8122
2852	8137
2852	8175
2852	8788
2852	8827
2852	9297
2853	3442
2853	6146
2854	1193
2854	3823
2854	4547
2854	6573
2854	8685
2855	6618
2856	5552
2856	6551
2856	7522
2856	9591
2857	5139
2858	3626
2858	4204
2858	5444
2859	1788
2859	7179
2859	7623
2859	7624
2859	7625
2859	8942
2860	4137
2860	4600
2860	9168
2861	4137
2861	5489
2861	5649
2861	5891
2861	5892
2861	6585
2861	6890
2861	7575
2861	7579
2862	9502
2863	3626
2863	4204
2863	5444
2864	3626
2864	4204
2864	5444
2865	3626
2865	4204
2865	5444
2866	6564
2869	7541
2870	3606
2871	6572
2873	3626
2873	4204
2873	5444
2874	8685
2875	3266
2875	3446
2875	3945
2875	4295
2875	5416
2875	6428
2875	6432
2875	7561
2875	7705
2875	8085
2875	8940
2877	3800
2877	5663
2877	5698
2877	8620
2877	8685
2878	9591
2879	3626
2879	4204
2879	5139
2879	5444
2880	536
2880	582
2880	797
2880	3170
2880	3566
2880	4080
2880	5024
2880	5759
2880	6443
2880	7141
2880	7180
2880	7786
2880	8389
2880	8487
2880	8672
2880	8827
2880	8995
2880	9157
2880	9331
2882	4204
2882	4589
2882	7227
2882	7416
2884	4137
2884	5489
2884	5649
2884	5891
2884	5892
2884	6573
2884	6585
2884	6890
2884	7328
2884	7575
2884	7579
2885	5139
2886	1395
2886	3254
2886	3475
2886	3586
2886	3590
2886	5366
2886	5698
2886	7312
2886	8040
2886	8294
2886	8846
2887	3626
2887	4204
2887	5444
2888	4376
2889	6573
2889	8685
2890	5287
2890	8685
2891	3649
2891	4662
2891	5059
2891	8671
2892	3192
2893	7920
2894	3068
2895	7986
2896	3856
2896	4870
2896	5304
2896	5671
2896	5947
2896	5948
2896	6228
2896	6561
2896	6935
2896	8132
2896	8586
2896	8965
2897	3630
2898	5139
2899	89
2899	536
2899	3408
2899	3894
2899	5139
2899	6271
2899	6957
2899	7315
2900	4204
2900	5139
2901	6564
2903	8685
2904	3626
2904	4204
2904	5444
2906	4245
2907	5671
2908	8259
2909	7178
2910	3626
2910	4204
2910	5444
2911	5139
2913	7732
2915	3626
2915	4204
2915	5444
2916	605
2916	835
2916	6573
2917	6573
2920	5063
2922	3573
2922	3988
2922	4703
2922	5209
2922	6739
2922	6771
2922	7239
2922	7439
2923	219
2923	4704
2923	5663
2923	8170
2925	5139
2926	4279
2926	4741
2926	4922
2926	4925
2926	6538
2926	6628
2926	6735
2926	7116
2926	7205
2927	6563
2927	6820
2927	7439
2928	3594
2928	8053
2929	7179
2929	7623
2929	7624
2929	7625
2929	8942
2930	3566
2931	6896
2931	7438
2932	3626
2932	4204
2932	5444
2932	5677
2933	5139
2934	5139
2936	5139
2936	8685
2937	7018
2938	834
2940	1395
2940	4376
2940	8105
2942	8685
2943	834
2944	7126
2945	4137
2945	5489
2945	5649
2945	5891
2945	5892
2945	6585
2945	6890
2945	7575
2945	7579
2946	3671
2949	834
2949	3855
2949	8451
2949	8685
2951	3626
2951	4137
2951	4204
2951	5444
2951	5489
2951	5649
2951	5891
2951	5892
2951	6585
2951	6890
2951	7575
2951	7579
2952	1157
2952	3671
2953	1395
2953	1417
2953	1418
2953	1699
2953	1956
2953	2614
2953	5139
2953	6196
2953	7004
2953	7468
2953	7868
2955	7732
2956	3351
2956	3626
2956	4204
2956	5444
2957	415
2957	703
2957	4278
2957	6861
2957	9083
2958	3626
2958	4204
2958	5444
2959	5143
2960	5841
2960	5896
2960	5957
2960	5958
2960	5963
2960	5975
2961	51
2961	52
2961	2498
2961	2942
2961	4137
2961	4295
2961	5489
2961	8052
2961	9350
2963	5139
2964	7382
2964	7978
2965	3626
2965	4204
2965	5444
2965	6913
2966	4204
2967	6573
2970	3626
2970	4204
2970	5444
2971	3757
2972	6573
2973	5139
2974	3481
2974	4667
2974	8137
2974	8949
2975	5139
2976	5139
2977	5210
2977	5231
2978	3313
2979	5139
2980	5139
2981	2768
2982	4630
2982	5612
2983	5520
2984	3626
2984	4204
2984	5444
2986	4295
2986	4480
2986	6439
2986	6443
2986	6458
2986	7705
2986	8672
2987	5139
2988	3584
2988	3997
2989	7732
2990	834
2991	3626
2991	4204
2991	5444
2992	3626
2992	4204
2992	5444
2992	6564
2994	4410
2994	8107
2995	6178
2996	3626
2996	4204
2996	5444
2997	6573
2999	4204
3000	3001
3000	3184
3000	3523
3000	4137
3000	4310
3000	4682
3000	5489
3000	5649
3000	5891
3000	5892
3000	5896
3000	5957
3000	5958
3000	5959
3000	5963
3000	5964
3000	5975
3000	6103
3000	6585
3000	6890
3000	7067
3000	7575
3000	7579
3000	8446
3000	8699
3001	4308
3002	6384
3002	6672
3003	5139
3004	847
3004	5336
3004	6534
3004	9267
3005	5139
3006	1235
3006	8620
3007	5139
3009	4204
3010	846
3010	1136
3010	1972
3010	2419
3010	2730
3010	3824
3010	3970
3010	4187
3010	4189
3010	4204
3010	4565
3010	4726
3010	5031
3010	5294
3010	5786
3010	5931
3010	6058
3010	6063
3010	6304
3010	6407
3010	6443
3010	6567
3010	7180
3010	7327
3010	7996
3010	8122
3010	8175
3010	8788
3010	8827
3010	9116
3010	9276
3010	9297
3011	3537
3011	3626
3011	5444
3012	4210
3013	3626
3013	4204
3013	5444
3013	8007
3014	834
3014	4685
3015	6903
3017	2846
3017	4700
3018	3626
3018	4204
3018	5444
3019	1061
3019	8754
3020	378
3020	4360
3021	4137
3021	5489
3021	5649
3021	5891
3021	5892
3021	6585
3021	6890
3021	7575
3021	7579
3022	3626
3022	4204
3022	5063
3022	5444
3023	5139
3024	5139
3025	835
3026	2004
3026	3340
3028	3945
3028	4238
3028	4596
3028	4825
3028	6432
3028	7958
3028	8009
3028	8443
3028	8948
3030	5139
3031	8829
3032	6573
3032	7371
3034	637
3034	1995
3034	2441
3034	3702
3034	4650
3034	5974
3034	6716
3034	8114
3034	8483
3034	8755
3034	8841
3034	9040
3034	9354
3035	5139
3036	3626
3036	4204
3036	5444
3037	3700
3037	4479
3037	8685
3038	605
3038	3626
3038	4204
3038	5444
3040	415
3040	1560
3040	3570
3040	4762
3040	6679
3040	6943
3040	6970
3040	7120
3040	7978
3041	834
3041	5139
3042	835
3043	834
3043	3626
3043	4204
3043	5444
3045	3046
3045	3329
3045	3875
3045	7078
3046	3329
3046	4707
3046	6366
3046	6539
3046	7078
3046	7570
3046	8881
3047	3626
3047	4204
3047	5444
3048	4964
3048	5011
3050	5139
3051	636
3051	1002
3051	1228
3051	1352
3051	1545
3051	1595
3051	2393
3051	2431
3051	2613
3051	2787
3051	2829
3051	3177
3051	3691
3051	4105
3051	4323
3051	4631
3051	4650
3051	4711
3051	5028
3051	6274
3051	6366
3051	7339
3051	7887
3051	7974
3051	8216
3051	8825
3051	8881
3051	9199
3051	9263
3051	9265
3052	3159
3052	3160
3052	3875
3052	4604
3052	4707
3052	4816
3052	4900
3052	5169
3052	5291
3052	7529
3052	8216
3052	9336
3053	3436
3053	3661
3053	3875
3053	4052
3053	4323
3053	4349
3053	4486
3053	4604
3053	4693
3053	4694
3053	4698
3053	4708
3053	4779
3053	5133
3053	5219
3053	5220
3053	5226
3053	5291
3053	5567
3053	5780
3053	5928
3053	6254
3053	6366
3053	6532
3053	6539
3053	6896
3053	7098
3053	7110
3053	7113
3053	7179
3053	7314
3053	7529
3053	7819
3053	7824
3053	7887
3053	7974
3053	8207
3053	8216
3053	8422
3053	8436
3053	8881
3053	9612
3053	9637
3054	8225
3055	3606
3055	8685
3057	3626
3057	4204
3057	5444
3057	5663
3060	4245
3060	5063
3060	5139
3060	7463
3060	8801
3060	9094
3060	9310
3062	3494
3062	7596
3062	7986
3062	8150
3062	8232
3062	9103
3064	4137
3064	4745
3064	5489
3064	5649
3064	5891
3064	5892
3064	6585
3064	6890
3064	7575
3064	7579
3064	8827
3065	3855
3065	5807
3065	5905
3068	408
3068	3596
3070	5778
3071	3266
3071	3539
3071	4238
3071	5684
3071	7732
3071	8697
3071	9174
3072	3626
3072	4204
3072	5444
3073	4979
3073	8789
3074	834
3074	9373
3075	3626
3075	4204
3075	5444
3076	834
3077	834
3078	834
3079	834
3080	2101
3080	3662
3080	3927
3080	5974
3080	6364
3080	6419
3080	6674
3080	6777
3080	6969
3080	7637
3080	7838
3080	8225
3080	8362
3080	9341
3080	9362
3080	9370
3081	3083
3081	3084
3081	5059
3081	8236
3081	8965
3082	5139
3082	5154
3083	3084
3083	8236
3084	4698
3084	4737
3084	4741
3084	4922
3084	4940
3084	5498
3084	6628
3084	8236
3084	9637
3085	4231
3085	4254
3085	5438
3087	8297
3087	9103
3089	6396
3091	5139
3092	2362
3092	2623
3092	3944
3093	7369
3094	6573
3095	3269
3096	5139
3099	834
3099	835
3100	5139
3101	643
3101	1202
3101	3626
3101	4204
3101	5444
3102	1194
3102	3124
3102	3276
3102	6246
3102	7948
3102	8280
3102	8487
3104	5024
3104	5063
3104	6059
3104	9145
3105	3116
3105	5024
3105	6059
3106	3319
3106	3486
3106	3573
3106	3626
3106	4204
3106	4703
3106	5209
3106	5444
3106	5466
3106	7047
3106	7126
3106	7522
3106	8668
3107	1616
3107	4137
3107	5489
3107	5649
3107	5891
3107	5892
3107	6585
3107	6890
3107	7126
3107	7575
3107	7579
3107	9145
3111	3166
3111	7065
3111	7069
3113	4565
3114	7584
3116	4720
3117	3662
3117	6957
3117	7999
3118	5139
3118	5743
3119	8827
3120	2931
3121	4137
3121	5489
3121	5649
3121	5891
3121	5892
3121	6585
3121	6890
3121	7575
3121	7579
3121	8499
3122	3260
3122	3626
3122	4204
3122	5444
3123	5139
3123	6302
3123	7329
3123	8506
3124	3327
3124	3408
3124	4278
3124	4902
3124	5029
3124	7345
3124	8755
3125	5444
3129	3653
3130	3626
3130	4204
3130	5139
3130	5444
3130	8685
3132	834
3132	1131
3132	4662
3132	4679
3132	4799
3132	5139
3132	5759
3132	9240
3133	3626
3133	4204
3133	5444
3134	5063
3136	834
3136	4596
3136	4988
3136	5901
3136	6432
3136	6443
3136	7918
3137	9574
3138	3562
3138	5063
3138	6465
3138	7146
3139	5346
3140	5063
3142	3827
3144	834
3144	5750
3145	1204
3145	5454
3145	6650
3146	6000
3147	5139
3147	8836
3149	834
3149	3448
3149	8685
3150	6573
3152	804
3152	1061
3152	1812
3152	2099
3152	4326
3152	5392
3152	7230
3152	7796
3153	5139
3155	5139
3156	3626
3156	4204
3156	5444
3157	4909
3158	6321
3159	3626
3159	3661
3159	3993
3159	4204
3159	4665
3159	4737
3159	4741
3159	5175
3159	5444
3159	5527
3159	5532
3159	6244
3159	6245
3159	6366
3159	6417
3159	6628
3159	6735
3159	6821
3159	6903
3159	7094
3159	7096
3159	7116
3159	7140
3159	7529
3159	7974
3159	8212
3159	9323
3159	9485
3159	9726
3160	3177
3160	3329
3160	3875
3160	4102
3160	4323
3160	4486
3160	4631
3160	4693
3160	4711
3160	5133
3160	5369
3160	5567
3160	6222
3160	6238
3160	6254
3160	6271
3160	6309
3160	6388
3160	7110
3160	7887
3160	8802
3160	8807
3160	8825
3160	8881
3160	8907
3160	9205
3160	9451
3161	3626
3161	4204
3161	4764
3161	5444
3162	5063
3163	5063
3164	8829
3165	5063
3166	3573
3166	3621
3166	3626
3166	3928
3166	4204
3166	4332
3166	4662
3166	5063
3166	5444
3166	6194
3166	7011
3166	7126
3166	7311
3166	7673
3166	7732
3166	7955
3166	7981
3166	8098
3172	3626
3172	4204
3172	5444
3173	834
3173	8685
3174	605
3177	3329
3177	4323
3177	4631
3177	4650
3177	4711
3177	5133
3177	5528
3177	6254
3177	6309
3177	6366
3177	6628
3177	7094
3177	7103
3177	7339
3177	7887
3177	8807
3177	8825
3177	8881
3177	8907
3177	9080
3177	9205
3177	9263
3177	9637
3178	3626
3178	4204
3178	5444
3179	9017
3180	6564
3181	5759
3182	3626
3182	4204
3182	5444
3182	8734
3183	4418
3184	3626
3184	4204
3184	5444
3185	8685
3186	3626
3186	4204
3186	5444
3189	570
3189	5444
3190	3626
3190	4204
3190	5444
3190	8098
3190	8149
3190	8759
3191	3626
3191	4204
3191	5444
3192	3606
3192	5471
3192	7026
3192	9665
3195	4137
3195	5489
3195	5649
3195	5891
3195	5892
3195	6585
3195	6890
3195	7575
3195	7579
3196	4418
3197	3626
3197	4204
3197	5444
3200	5139
3201	3544
3201	3854
3201	4295
3201	4563
3201	4592
3201	5215
3201	5224
3201	6062
3201	6068
3201	6439
3201	6443
3201	6589
3201	6625
3201	7536
3201	7958
3201	8085
3201	8940
3202	8425
3203	8204
3204	5139
3205	5313
3206	3329
3206	3626
3206	4204
3206	5133
3206	5444
3207	4418
3207	7228
3207	7732
3208	5139
3208	6923
3209	5139
3210	9280
3210	9570
3212	8215
3213	7227
3213	7732
3214	3626
3214	4204
3214	5444
3215	834
3215	8685
3217	834
3218	230
3220	3626
3220	4204
3220	5444
3221	4527
3221	4842
3221	8671
3223	6573
3225	8202
3227	3626
3227	4204
3227	5444
3229	5139
3230	7320
3231	3626
3231	4204
3231	5139
3231	5444
3234	5139
3235	6394
3236	6713
3237	834
3239	5063
3240	7379
3240	8483
3241	2228
3241	4471
3241	4479
3241	4679
3241	4734
3241	8117
3241	8467
3241	9002
3241	9112
3242	5063
3244	6573
3245	8369
3246	5139
3247	4964
3247	7301
3248	6007
3250	5063
3252	8685
3253	2469
3253	3446
3253	3548
3253	4280
3253	5142
3253	5684
3253	6439
3253	6505
3253	7561
3253	8443
3253	8854
3253	8940
3254	2469
3255	2469
3256	2469
3256	3626
3256	4204
3256	5139
3256	5444
3257	5063
3258	2469
3260	685
3260	1010
3260	1059
3260	1061
3260	2743
3260	4825
3260	5205
3260	5492
3260	5697
3260	5733
3260	6369
3260	6965
3260	6996
3260	7796
3260	7841
3260	7890
3260	8377
3260	8383
3260	8620
3263	3626
3263	4204
3263	5444
3263	8406
3265	5601
3266	51
3266	52
3266	2498
3266	2942
3266	3279
3266	3544
3266	3548
3266	3786
3266	3934
3266	3945
3266	4044
3266	4137
3266	4238
3266	4295
3266	4351
3266	4480
3266	4563
3266	4567
3266	4569
3266	4577
3266	4584
3266	4596
3266	4605
3266	4651
3266	4831
3266	4988
3266	5142
3266	5216
3266	5389
3266	5405
3266	5416
3266	5417
3266	5482
3266	5684
3266	5696
3266	6068
3266	6421
3266	6443
3266	6505
3266	6582
3266	6589
3266	6595
3266	6880
3266	7536
3266	7561
3266	7705
3266	8013
3266	8052
3266	8085
3266	8710
3266	8940
3266	9030
3266	9350
3267	43
3267	307
3267	3093
3267	3269
3267	3942
3267	3988
3268	3626
3268	4204
3268	5444
3269	3626
3269	3942
3269	4204
3269	4404
3269	4449
3269	5249
3269	5444
3269	5488
3269	5892
3269	5905
3269	6233
3269	7231
3269	8105
3269	8108
3269	8685
3269	8702
3270	5139
3270	5677
3270	8005
3275	2146
3275	7329
3275	8506
3277	8406
3278	9071
3279	7918
3279	8940
3282	693
3282	1639
3282	3570
3282	3807
3282	4378
3282	4792
3282	4908
3282	6446
3282	6538
3282	6716
3282	7794
3282	9076
3284	605
3285	8685
3286	3626
3286	4204
3286	5444
3287	5063
3288	5063
3289	269
3289	749
3289	1690
3289	4627
3289	6619
3290	5063
3292	7179
3292	7623
3292	7624
3292	7625
3292	8942
3293	834
3294	3934
3294	4280
3294	4569
3294	5142
3294	6061
3294	6582
3298	3626
3298	4204
3298	5422
3298	5444
3298	6356
3301	1395
3301	2341
3301	3269
3301	3626
3301	4149
3301	4204
3301	5444
3302	3577
3302	6819
3303	4464
3303	5063
3303	6009
3305	5444
3305	8685
3306	7408
3306	8711
3307	5759
3308	8685
3309	3169
3310	1061
3310	4387
3310	5139
3311	3626
3311	4204
3311	5444
3311	9118
3312	8938
3313	6171
3314	3626
3314	4204
3314	5444
3316	7554
3317	5139
3318	8203
3319	4636
3319	5318
3319	5601
3319	6644
3319	6734
3319	6788
3319	6848
3319	6946
3319	9698
3321	3626
3321	4204
3321	5444
3322	3626
3322	3827
3322	4204
3322	5444
3322	6517
3322	6540
3323	2880
3323	3626
3323	4204
3323	5063
3323	5444
3323	5526
3324	3875
3324	4707
3324	4711
3324	5133
3324	6539
3324	7078
3324	8881
3325	5063
3326	4093
3326	6264
3327	3276
3327	3329
3327	3372
3327	3396
3327	3661
3327	3752
3327	3760
3327	3765
3327	4083
3327	4592
3327	4684
3327	4693
3327	4992
3327	5024
3327	5133
3327	5139
3327	5291
3327	5316
3327	5759
3327	5764
3327	6211
3327	6238
3327	6241
3327	6244
3327	6253
3327	6260
3327	6331
3327	6534
3327	6720
3327	6722
3327	6732
3327	6852
3327	6880
3327	7041
3327	7079
3327	7179
3327	7414
3327	7999
3327	8611
3327	8881
3327	9065
3327	9084
3327	9205
3327	9296
3327	9330
3327	9389
3329	3335
3329	3341
3329	3641
3329	3873
3329	3875
3329	4052
3329	4069
3329	4102
3329	4401
3329	4622
3329	4650
3329	4665
3329	4701
3329	4707
3329	4708
3329	4711
3329	4737
3329	4741
3329	4746
3329	4915
3329	4923
3329	4928
3329	4929
3329	4935
3329	4942
3329	4947
3329	4955
3329	4961
3329	4963
3329	4998
3329	5063
3329	5113
3329	5126
3329	5133
3329	5139
3329	5169
3329	5224
3329	5376
3329	5468
3329	5528
3329	5532
3329	5780
3329	6203
3329	6222
3329	6254
3329	6261
3329	6271
3329	6309
3329	6366
3329	6388
3329	6529
3329	6532
3329	6542
3329	6628
3329	6735
3329	6821
3329	6896
3329	7041
3329	7078
3329	7110
3329	7113
3329	7116
3329	7117
3329	7123
3329	7124
3329	7205
3329	7529
3329	7534
3329	7809
3329	7811
3329	7887
3329	7974
3329	7998
3329	8273
3329	8313
3329	8320
3329	8361
3329	8802
3329	8807
3329	8825
3329	8881
3329	9205
3329	9230
3329	9263
3329	9269
3329	9361
3329	9726
3329	9754
3330	4137
3330	5139
3330	5489
3330	5649
3330	5891
3330	5892
3330	6585
3330	6890
3330	7575
3330	7579
3331	3375
3331	3604
3331	4764
3331	6495
3331	6561
3331	7375
3332	3939
3333	3546
3333	5120
3334	9608
3335	4955
3335	5024
3335	5362
3335	5532
3335	6203
3335	6210
3335	6222
3335	6254
3335	6271
3335	6274
3335	6674
3335	6735
3335	6967
3335	7041
3335	7205
3335	7379
3335	7809
3335	7821
3335	8038
3335	8802
3335	8881
3335	9263
3335	9361
3335	9754
3336	1194
3336	2480
3336	3335
3336	4949
3336	5063
3336	6223
3336	6720
3336	7067
3336	8137
3336	8152
3336	8154
3337	8006
3337	8536
3337	8719
3337	9493
3338	4602
3338	5174
3338	6243
3338	7963
3338	8801
3338	9375
3339	3626
3339	4204
3339	5444
3340	3828
3340	4710
3340	4920
3340	4926
3340	6303
3340	6755
3340	8521
3341	4323
3341	4631
3341	4707
3341	4711
3341	5063
3341	5133
3341	5308
3341	5567
3341	6271
3341	6309
3341	6388
3341	7078
3341	7887
3341	8156
3341	8802
3341	8825
3341	8881
3341	9068
3341	9205
3341	9336
3341	9726
3341	9754
3342	7045
3343	1471
3343	4561
3343	4583
3343	4611
3343	5059
3343	5139
3343	5432
3343	6713
3343	7730
3343	7761
3343	8908
3345	3595
3345	8319
3346	6573
3347	8829
3348	5139
3350	5583
3350	6934
3351	4381
3351	5059
3351	7126
3352	4227
3352	8251
3353	5139
3354	5139
3355	5139
3356	5139
3358	3376
3358	3378
3358	3379
3358	3380
3358	3381
3358	3382
3358	3404
3359	834
3360	9728
3364	3626
3364	4204
3364	5444
3367	3396
3368	5063
3372	3368
3372	3369
3372	3396
3372	3752
3372	3760
3372	3765
3372	4083
3372	4592
3372	4684
3372	4992
3372	5024
3372	5316
3372	5759
3372	5764
3372	6211
3372	6238
3372	6241
3372	6244
3372	6253
3372	6260
3372	6331
3372	6720
3372	6722
3372	6732
3372	6852
3372	6880
3372	7079
3372	7179
3372	7414
3372	7999
3372	8611
3372	9065
3372	9084
3372	9296
3372	9330
3372	9389
3373	1141
3373	4185
3373	5139
3373	5759
3373	6244
3373	6407
3373	6722
3373	8422
3373	8435
3373	8685
3373	9333
3374	6723
3374	8992
3375	5523
3375	6517
3377	5139
3379	3393
3380	3393
3381	3626
3381	4204
3381	5444
3384	5139
3384	8414
3385	834
3386	5139
3387	3396
3388	3396
3390	3402
3391	5139
3392	3393
3393	3396
3393	3401
3393	3404
3394	4137
3394	5489
3394	5649
3394	5891
3394	5892
3394	6585
3394	6890
3394	7575
3394	7579
3396	3398
3396	3399
3396	3400
3396	3402
3396	3405
3396	3752
3396	3760
3396	3765
3396	4083
3396	4592
3396	4684
3396	4992
3396	5024
3396	5316
3396	5759
3396	6211
3396	6238
3396	6241
3396	6244
3396	6253
3396	6260
3396	6331
3396	6720
3396	6722
3396	6732
3396	6852
3396	6880
3396	7079
3396	7179
3396	7414
3396	7999
3396	8611
3396	9065
3396	9084
3396	9296
3396	9330
3396	9389
3401	3402
3403	834
3403	5063
3407	1061
3408	2101
3408	3276
3408	6862
3408	7066
3409	3626
3409	4204
3409	4561
3409	4583
3409	4611
3409	5432
3409	5444
3409	7730
3409	8908
3410	5681
3411	4663
3413	5139
3415	3626
3415	4204
3415	5444
3416	3498
3417	4410
3417	5402
3417	6051
3417	6746
3417	8055
3417	8697
3417	8886
3417	9566
3418	5139
3421	8685
3422	3626
3422	4204
3422	5063
3422	5444
3422	5533
3422	6475
3423	4977
3423	6223
3424	2481
3424	6844
3424	8936
3426	3626
3426	4204
3426	5444
3427	4351
3427	4584
3427	4664
3427	6255
3428	6514
3430	4710
3431	3848
3431	7980
3432	6573
3434	8976
3436	3626
3436	3691
3436	4204
3436	5133
3436	5444
3436	6539
3436	6628
3436	7978
3436	9263
3437	3626
3437	5444
3438	4650
3438	5347
3438	6304
3438	8603
3438	8825
3438	8881
3439	4561
3439	4583
3439	4611
3439	5432
3439	7730
3439	8685
3439	8908
3440	3539
3441	3566
3441	3626
3441	4204
3441	5063
3441	5444
3441	7179
3441	7623
3441	7624
3441	7625
3441	8942
3443	3674
3443	3983
3443	4810
3443	5139
3443	5184
3443	6110
3443	6346
3443	6589
3444	3626
3444	4204
3444	5444
3446	3544
3446	3548
3446	4044
3446	4584
3446	4592
3446	5442
3446	6061
3446	6582
3446	7158
3446	8710
3447	3544
3447	3548
3447	3753
3447	3786
3447	3945
3447	4280
3447	4295
3447	4351
3447	4592
3447	4651
3447	5215
3447	5224
3447	5405
3447	5416
3447	5759
3447	6057
3447	6061
3447	6062
3447	6068
3447	6443
3447	6458
3447	6505
3447	7536
3447	8013
3447	8085
3447	8233
3447	8443
3447	8710
3447	8854
3447	9030
3448	3455
3448	5139
3448	6443
3448	8685
3449	5139
3450	5139
3451	3413
3451	4161
3451	4562
3451	4637
3451	5139
3451	6013
3451	7041
3451	7759
3451	8797
3451	9168
3452	5139
3453	5139
3455	3753
3455	4078
3455	5785
3455	6059
3456	3626
3456	4204
3456	5444
3456	7353
3457	3626
3457	4204
3457	5063
3457	5139
3457	5444
3457	6170
3457	6806
3457	8685
3458	4931
3459	4799
3459	9451
3460	6877
3461	6071
3462	4640
3462	4688
3462	7009
3462	7127
3462	8936
3462	9540
3462	9579
3463	6257
3464	3595
3464	5063
3465	5139
3466	3626
3466	4204
3466	5444
3468	4479
3469	3626
3469	4204
3469	5444
3470	3606
3471	8097
3472	4561
3472	4583
3472	4611
3472	5063
3472	5432
3472	7730
3472	8908
3473	605
3473	6573
3475	5663
3476	5848
3476	6900
3476	7439
3476	8679
3476	9497
3478	3626
3478	4204
3478	5444
3479	5063
3480	835
3480	6564
3480	8790
3481	4561
3481	4583
3481	4611
3481	4667
3481	5432
3481	7730
3481	8137
3481	8908
3481	8949
3482	5762
3482	8047
3484	8685
3486	8829
3489	133
3489	3824
3489	4764
3490	4648
3491	3794
3492	4661
3492	4734
3492	5024
3494	7301
3494	7669
3495	3554
3495	3755
3495	6713
3495	7016
3495	7121
3495	8465
3497	3626
3497	4204
3497	5444
3497	8358
3499	3626
3499	4204
3499	5444
3501	5139
3501	8685
3503	4137
3503	5489
3503	5649
3503	5891
3503	5892
3503	6585
3503	6890
3503	7575
3503	7579
3504	6305
3504	8358
3505	3626
3505	4204
3505	5444
3506	6059
3506	6540
3507	3521
3508	5139
3511	9289
3512	6570
3513	3755
3513	4423
3513	7179
3513	7515
3513	7623
3513	7624
3513	7625
3513	8942
3514	4684
3514	4685
3514	8685
3522	5063
3523	5139
3523	8446
3524	5938
3528	7584
3529	3626
3529	4204
3529	5444
3530	5139
3531	4137
3531	5489
3531	5649
3531	5891
3531	5892
3531	6585
3531	6890
3531	7575
3531	7579
3532	4137
3532	5489
3532	5649
3532	5891
3532	5892
3532	6585
3532	6890
3532	7575
3532	7579
3533	8236
3534	3535
3535	1199
3536	5139
3537	2791
3538	5281
3539	3626
3539	4204
3539	5444
3539	6023
3539	6171
3539	9214
3540	3626
3540	3868
3540	4204
3540	4674
3540	5021
3540	5444
3540	8640
3540	8924
3541	7667
3542	5139
3544	3548
3544	3753
3544	3786
3544	3934
3544	3945
3544	4044
3544	4280
3544	4295
3544	4351
3544	4480
3544	4569
3544	4577
3544	4592
3544	4605
3544	4627
3544	4651
3544	5215
3544	5216
3544	5224
3544	5389
3544	5405
3544	5416
3544	5417
3544	5482
3544	5684
3544	5759
3544	6068
3544	6176
3544	6419
3544	6443
3544	6505
3544	6595
3544	6617
3544	6880
3544	7536
3544	7561
3544	8013
3544	8085
3544	8443
3544	8672
3544	8710
3544	8854
3544	8930
3544	8940
3545	4691
3546	1243
3546	2291
3546	3563
3546	5059
3546	5139
3546	6236
3546	6802
3546	8685
3546	9084
3547	760
3547	2930
3547	3562
3547	3564
3547	5139
3547	7536
3547	8422
3547	9104
3548	3753
3548	3945
3548	4280
3548	4295
3548	4351
3548	4592
3548	4651
3548	5224
3548	5405
3548	5417
3548	5954
3548	6059
3548	6061
3548	6068
3548	6419
3548	6443
3548	6505
3548	7536
3548	8013
3548	8085
3548	8672
3548	8710
3548	8854
3549	832
3550	4278
3551	3626
3551	4204
3551	5444
3553	9524
3554	1126
3554	4113
3554	5848
3554	6628
3555	5139
3556	6030
3558	3757
3559	4574
3559	5915
3559	8855
3560	3626
3560	4204
3560	5444
3560	7486
3560	7861
3561	4388
3563	2113
3563	3547
3563	6142
3563	8714
3563	9346
3563	9550
3565	4413
3565	5063
3565	5728
3565	6767
3566	1999
3566	3626
3566	5029
3566	5444
3566	6222
3566	8280
3566	8463
3566	8707
3566	9346
3567	58
3568	1999
3568	3562
3568	3569
3568	4948
3568	5450
3568	5521
3568	5528
3568	8674
3568	8679
3570	1005
3570	1515
3570	1702
3570	2105
3570	3563
3570	4852
3570	5197
3570	5728
3570	7609
3570	9028
3571	4637
3571	7227
3572	2930
3572	3574
3572	4102
3572	5063
3574	3626
3574	4093
3574	4204
3574	4209
3574	5444
3574	5530
3574	6238
3574	7759
3574	9239
3575	1778
3575	6363
3575	6819
3575	7916
3575	9364
3576	5465
3576	5759
3577	7238
3577	7919
3577	8202
3577	9655
3580	3626
3580	4204
3580	5444
3586	5063
3586	8300
3587	3595
3587	3864
3588	8300
3589	835
3594	4723
3594	5660
3594	7218
3595	2674
3595	4764
3595	4815
3595	7279
3595	7348
3595	7427
3595	8136
3597	4204
3599	5139
3600	3602
3600	3626
3600	4204
3600	5444
3601	5849
3603	3273
3605	3612
3606	3626
3606	4204
3606	5002
3606	5186
3606	5402
3606	5444
3606	9154
3606	9573
3606	9633
3607	8791
3608	8186
3608	9123
3609	4204
3609	4951
3609	6003
3609	6060
3609	6187
3609	6778
3609	7006
3609	8268
3609	9573
3610	3611
3611	3612
3611	5186
3611	9037
3611	9633
3612	6979
3613	3626
3613	4204
3613	5444
3614	5063
3615	4204
3616	3296
3619	6564
3620	5139
3620	6573
3622	5260
3623	7536
3624	4561
3624	4583
3624	4611
3624	5063
3624	5432
3624	7730
3624	7882
3624	8908
3625	3626
3625	4204
3625	5444
3626	168
3626	666
3626	927
3626	1083
3626	1384
3626	1469
3626	1552
3626	1576
3626	1683
3626	1835
3626	1929
3626	1932
3626	1938
3626	2030
3626	2235
3626	2331
3626	2387
3626	2428
3626	2436
3626	2537
3626	2576
3626	2795
3626	3125
3626	3189
3626	3305
3626	3627
3626	3639
3626	3641
3626	3646
3626	3647
3626	3648
3626	3652
3626	3657
3626	3663
3626	3671
3626	3693
3626	3701
3626	3702
3626	3704
3626	3708
3626	3709
3626	3725
3626	3728
3626	3734
3626	3750
3626	3774
3626	3778
3626	3782
3626	3801
3626	3802
3626	3809
3626	3810
3626	3811
3626	3814
3626	3815
3626	3822
3626	3827
3626	3829
3626	3843
3626	3879
3626	3886
3626	3897
3626	3899
3626	3921
3626	3928
3626	3933
3626	3949
3626	3962
3626	3965
3626	3966
3626	3969
3626	3989
3626	3991
3626	3993
3626	3998
3626	4010
3626	4011
3626	4013
3626	4018
3626	4019
3626	4021
3626	4024
3626	4029
3626	4039
3626	4045
3626	4046
3626	4049
3626	4051
3626	4054
3626	4062
3626	4073
3626	4077
3626	4091
3626	4096
3626	4102
3626	4105
3626	4118
3626	4121
3626	4124
3626	4137
3626	4139
3626	4147
3626	4163
3626	4170
3626	4180
3626	4183
3626	4185
3626	4191
3626	4201
3626	4202
3626	4211
3626	4219
3626	4226
3626	4233
3626	4266
3626	4273
3626	4281
3626	4294
3626	4316
3626	4317
3626	4321
3626	4335
3626	4352
3626	4369
3626	4370
3626	4375
3626	4383
3626	4393
3626	4403
3626	4405
3626	4432
3626	4437
3626	4440
3626	4451
3626	4452
3626	4454
3626	4465
3626	4466
3626	4472
3626	4476
3626	4481
3626	4491
3626	4496
3626	4507
3626	4517
3626	4520
3626	4534
3626	4539
3626	4562
3626	4566
3626	4568
3626	4583
3626	4599
3626	4600
3626	4607
3626	4612
3626	4625
3626	4631
3626	4635
3626	4667
3626	4668
3626	4674
3626	4681
3626	4682
3626	4697
3626	4707
3626	4737
3626	4739
3626	4740
3626	4771
3626	4774
3626	4775
3626	4781
3626	4800
3626	4807
3626	4810
3626	4822
3626	4838
3626	4839
3626	4842
3626	4847
3626	4863
3626	4866
3626	4868
3626	4869
3626	4873
3626	4875
3626	4913
3626	4916
3626	4917
3626	4925
3626	4934
3626	4979
3626	4981
3626	4985
3626	4996
3626	4998
3626	5024
3626	5027
3626	5038
3626	5040
3626	5049
3626	5050
3626	5059
3626	5061
3626	5063
3626	5073
3626	5084
3626	5089
3626	5091
3626	5092
3626	5097
3626	5119
3626	5137
3626	5139
3626	5152
3626	5157
3626	5158
3626	5160
3626	5167
3626	5169
3626	5171
3626	5180
3626	5182
3626	5183
3626	5190
3626	5191
3626	5197
3626	5203
3626	5207
3626	5211
3626	5220
3626	5237
3626	5241
3626	5245
3626	5252
3626	5253
3626	5255
3626	5258
3626	5260
3626	5276
3626	5277
3626	5283
3626	5284
3626	5288
3626	5313
3626	5320
3626	5329
3626	5341
3626	5353
3626	5354
3626	5359
3626	5369
3626	5372
3626	5373
3626	5374
3626	5375
3626	5380
3626	5381
3626	5382
3626	5385
3626	5413
3626	5417
3626	5426
3626	5429
3626	5432
3626	5442
3626	5448
3626	5455
3626	5458
3626	5460
3626	5474
3626	5494
3626	5516
3626	5521
3626	5523
3626	5524
3626	5527
3626	5534
3626	5540
3626	5541
3626	5559
3626	5562
3626	5564
3626	5572
3626	5575
3626	5589
3626	5590
3626	5593
3626	5594
3626	5596
3626	5602
3626	5608
3626	5615
3626	5619
3626	5620
3626	5622
3626	5624
3626	5631
3626	5639
3626	5640
3626	5643
3626	5648
3626	5658
3626	5667
3626	5679
3626	5706
3626	5716
3626	5732
3626	5761
3626	5775
3626	5836
3626	5837
3626	5839
3626	5843
3626	5854
3626	5865
3626	5870
3626	5878
3626	5881
3626	5895
3626	5914
3626	5915
3626	5917
3626	5918
3626	5922
3626	5950
3626	5969
3626	5984
3626	5995
3626	6003
3626	6006
3626	6009
3626	6011
3626	6025
3626	6031
3626	6036
3626	6052
3626	6069
3626	6071
3626	6073
3626	6076
3626	6088
3626	6089
3626	6094
3626	6096
3626	6100
3626	6115
3626	6123
3626	6129
3626	6130
3626	6144
3626	6152
3626	6154
3626	6156
3626	6165
3626	6170
3626	6171
3626	6179
3626	6203
3626	6216
3626	6224
3626	6230
3626	6233
3626	6235
3626	6237
3626	6240
3626	6243
3626	6244
3626	6248
3626	6252
3626	6253
3626	6258
3626	6267
3626	6269
3626	6274
3626	6277
3626	6286
3626	6296
3626	6298
3626	6299
3626	6312
3626	6322
3626	6328
3626	6332
3626	6363
3626	6367
3626	6388
3626	6391
3626	6402
3626	6429
3626	6431
3626	6433
3626	6438
3626	6447
3626	6460
3626	6462
3626	6466
3626	6486
3626	6504
3626	6506
3626	6507
3626	6513
3626	6515
3626	6516
3626	6519
3626	6520
3626	6521
3626	6522
3626	6526
3626	6527
3626	6528
3626	6537
3626	6542
3626	6548
3626	6554
3626	6599
3626	6639
3626	6654
3626	6658
3626	6665
3626	6678
3626	6683
3626	6685
3626	6691
3626	6692
3626	6696
3626	6702
3626	6711
3626	6720
3626	6724
3626	6731
3626	6733
3626	6737
3626	6738
3626	6761
3626	6764
3626	6765
3626	6783
3626	6785
3626	6791
3626	6804
3626	6835
3626	6842
3626	6861
3626	6876
3626	6881
3626	6891
3626	6901
3626	6903
3626	6907
3626	6911
3626	6919
3626	6927
3626	6929
3626	6940
3626	6946
3626	6957
3626	6962
3626	6968
3626	6979
3626	6983
3626	7005
3626	7007
3626	7017
3626	7024
3626	7033
3626	7034
3626	7061
3626	7071
3626	7073
3626	7078
3626	7082
3626	7096
3626	7099
3626	7100
3626	7108
3626	7109
3626	7124
3626	7133
3626	7135
3626	7136
3626	7139
3626	7141
3626	7146
3626	7153
3626	7178
3626	7179
3626	7181
3626	7186
3626	7187
3626	7190
3626	7196
3626	7204
3626	7209
3626	7212
3626	7238
3626	7271
3626	7278
3626	7282
3626	7287
3626	7288
3626	7299
3626	7300
3626	7322
3626	7332
3626	7336
3626	7337
3626	7355
3626	7359
3626	7362
3626	7371
3626	7375
3626	7380
3626	7383
3626	7384
3626	7385
3626	7388
3626	7398
3626	7403
3626	7427
3626	7435
3626	7439
3626	7445
3626	7455
3626	7468
3626	7479
3626	7481
3626	7484
3626	7492
3626	7496
3626	7504
3626	7520
3626	7535
3626	7548
3626	7558
3626	7566
3626	7588
3626	7597
3626	7600
3626	7601
3626	7618
3626	7631
3626	7635
3626	7660
3626	7672
3626	7707
3626	7720
3626	7721
3626	7726
3626	7739
3626	7746
3626	7770
3626	7783
3626	7796
3626	7801
3626	7821
3626	7825
3626	7828
3626	7831
3626	7832
3626	7834
3626	7838
3626	7851
3626	7880
3626	7891
3626	7893
3626	7908
3626	7914
3626	7918
3626	7926
3626	7935
3626	7942
3626	7947
3626	7952
3626	7954
3626	7955
3626	7960
3626	7962
3626	7963
3626	7972
3626	7973
3626	7975
3626	7977
3626	7981
3626	7985
3626	7988
3626	7992
3626	7993
3626	7994
3626	8008
3626	8026
3626	8027
3626	8028
3626	8039
3626	8040
3626	8044
3626	8045
3626	8047
3626	8056
3626	8079
3626	8090
3626	8093
3626	8099
3626	8123
3626	8129
3626	8130
3626	8134
3626	8135
3626	8156
3626	8157
3626	8161
3626	8184
3626	8187
3626	8194
3626	8207
3626	8210
3626	8211
3626	8220
3626	8222
3626	8232
3626	8236
3626	8256
3626	8275
3626	8290
3626	8307
3626	8318
3626	8320
3626	8322
3626	8325
3626	8330
3626	8331
3626	8338
3626	8362
3626	8364
3626	8382
3626	8390
3626	8400
3626	8404
3626	8407
3626	8408
3626	8426
3626	8444
3626	8449
3626	8459
3626	8485
3626	8486
3626	8491
3626	8495
3626	8498
3626	8501
3626	8505
3626	8511
3626	8518
3626	8525
3626	8526
3626	8528
3626	8532
3626	8554
3626	8567
3626	8577
3626	8590
3626	8594
3626	8634
3626	8643
3626	8644
3626	8653
3626	8657
3626	8660
3626	8664
3626	8668
3626	8669
3626	8674
3626	8685
3626	8689
3626	8698
3626	8706
3626	8743
3626	8753
3626	8761
3626	8765
3626	8767
3626	8770
3626	8771
3626	8773
3626	8774
3626	8802
3626	8808
3626	8815
3626	8835
3626	8848
3626	8858
3626	8861
3626	8868
3626	8872
3626	8877
3626	8884
3626	8890
3626	8906
3626	8908
3626	8924
3626	8937
3626	8946
3626	8949
3626	8950
3626	8953
3626	8954
3626	8957
3626	8959
3626	8962
3626	8966
3626	8969
3626	8970
3626	8977
3626	8980
3626	8983
3626	8986
3626	8990
3626	8993
3626	8997
3626	8999
3626	9010
3626	9019
3626	9021
3626	9028
3626	9038
3626	9039
3626	9045
3626	9047
3626	9048
3626	9051
3626	9057
3626	9059
3626	9063
3626	9066
3626	9067
3626	9073
3626	9078
3626	9097
3626	9100
3626	9105
3626	9106
3626	9112
3626	9116
3626	9120
3626	9121
3626	9122
3626	9125
3626	9126
3626	9166
3626	9168
3626	9176
3626	9178
3626	9182
3626	9191
3626	9203
3626	9216
3626	9228
3626	9247
3626	9249
3626	9250
3626	9271
3626	9278
3626	9279
3626	9287
3626	9294
3626	9303
3626	9304
3626	9311
3626	9315
3626	9316
3626	9323
3626	9329
3626	9347
3626	9350
3626	9358
3626	9391
3626	9392
3626	9398
3626	9402
3626	9405
3626	9408
3626	9410
3626	9411
3626	9417
3626	9421
3626	9423
3626	9430
3626	9447
3626	9453
3626	9462
3626	9464
3626	9468
3626	9482
3626	9490
3626	9503
3626	9526
3626	9529
3626	9543
3626	9545
3626	9560
3626	9568
3626	9577
3626	9585
3626	9603
3626	9613
3626	9626
3626	9628
3626	9635
3626	9640
3626	9645
3626	9652
3626	9686
3626	9690
3626	9692
3626	9700
3626	9705
3626	9711
3626	9713
3626	9737
3626	9739
3626	9740
3626	9741
3626	9744
3626	9749
3626	9757
3627	4204
3627	5444
3632	5139
3636	5139
3639	4204
3639	5444
3640	8829
3641	3875
3641	4204
3641	5133
3641	5444
3641	6307
3641	8881
3644	5063
3645	5063
3646	4204
3646	5444
3646	6299
3646	8406
3647	4204
3647	5444
3648	4204
3648	5444
3649	3859
3649	3893
3649	5139
3649	5491
3649	6403
3649	6873
3649	8490
3649	8685
3649	9687
3650	8174
3650	9239
3651	6807
3652	4204
3652	5444
3654	659
3654	1294
3654	2953
3654	4379
3654	4661
3654	6443
3654	6799
3654	8672
3654	8685
3654	8827
3654	9168
3654	9276
3655	3408
3655	5222
3655	7624
3657	4204
3657	5139
3657	5444
3657	5511
3658	8685
3660	640
3660	3662
3660	3985
3660	4716
3660	5428
3660	6721
3660	8878
3660	9341
3661	5928
3661	6628
3661	7339
3661	8881
3663	4204
3663	5444
3665	5139
3666	834
3669	5392
3669	7532
3670	8759
3671	4204
3671	4681
3671	5444
3674	5139
3674	8705
3675	8251
3678	4223
3678	5139
3679	834
3679	5332
3679	6573
3679	7574
3680	8685
3681	5567
3682	835
3683	5063
3686	3760
3686	4134
3687	5139
3689	5139
3689	5420
3691	4323
3691	4631
3691	4737
3691	5053
3691	5133
3691	5139
3691	5308
3691	5498
3691	5528
3691	6235
3691	6238
3691	6244
3691	6245
3691	6271
3691	6366
3691	6417
3691	6628
3691	6722
3691	6903
3691	7062
3691	7205
3691	7328
3691	8436
3691	8716
3691	8802
3691	8807
3691	9055
3691	9263
3691	9265
3691	9356
3692	5139
3693	5444
3694	408
3695	8358
3698	4381
3699	3875
3699	4707
3699	6628
3699	6806
3699	8881
3700	5139
3700	8685
3701	3875
3701	4204
3701	4323
3701	4604
3701	4707
3701	5133
3701	5444
3701	5567
3701	6271
3701	6806
3701	7205
3701	7887
3701	8825
3701	8881
3701	9205
3701	9263
3701	9343
3702	4156
3702	4902
3702	5005
3702	5444
3702	5941
3702	7011
3702	8210
3703	4176
3704	4204
3704	5444
3706	3527
3706	5139
3708	4204
3709	4204
3709	5444
3710	3712
3710	4149
3710	6573
3714	749
3716	3896
3717	3860
3718	2410
3718	8936
3719	4576
3720	4137
3720	5489
3720	5649
3720	5891
3720	5892
3720	6585
3720	6890
3720	7575
3720	7579
3722	3626
3722	4204
3722	5444
3724	4418
3725	4204
3725	5139
3725	5444
3727	3721
3728	4204
3728	5444
3729	6564
3730	7228
3730	7938
3731	5051
3731	7228
3732	7228
3733	3807
3733	7228
3733	7233
3733	7744
3734	4204
3734	5444
3734	6356
3735	7228
3737	5063
3738	4819
3738	7671
3738	8908
3740	8976
3741	3047
3742	3939
3750	4204
3750	5444
3751	5139
3752	3760
3752	3765
3752	4083
3752	4592
3752	4684
3752	4992
3752	5024
3752	5063
3752	5316
3752	5759
3752	5764
3752	6211
3752	6238
3752	6241
3752	6244
3752	6253
3752	6260
3752	6331
3752	6720
3752	6722
3752	6732
3752	6852
3752	6880
3752	7079
3752	7179
3752	7414
3752	7999
3752	8611
3752	8685
3752	9065
3752	9084
3752	9296
3752	9330
3752	9389
3753	4044
3753	4295
3753	4351
3753	4577
3753	4592
3753	4651
3753	5024
3753	5139
3753	5417
3753	6061
3753	6068
3753	6443
3753	7054
3753	7155
3753	7536
3753	7958
3753	8085
3753	8233
3753	8685
3753	9168
3754	8685
3755	8763
3756	834
3756	9607
3757	4523
3757	4630
3757	4740
3757	6294
3757	7218
3757	7713
3757	7849
3757	8336
3757	9183
3757	9486
3757	9678
3758	5063
3758	8685
3759	8098
3760	3765
3760	4083
3760	4592
3760	4684
3760	4992
3760	5024
3760	5316
3760	5663
3760	5759
3760	6211
3760	6238
3760	6241
3760	6244
3760	6253
3760	6260
3760	6331
3760	6720
3760	6722
3760	6732
3760	6852
3760	6880
3760	7079
3760	7179
3760	7364
3760	7414
3760	7999
3760	8611
3760	9084
3760	9296
3760	9330
3760	9389
3762	6746
3763	5177
3763	5244
3763	5663
3763	6454
3763	6820
3763	7439
3764	1164
3764	3933
3765	4083
3765	4592
3765	4684
3765	4992
3765	5024
3765	5316
3765	5759
3765	6211
3765	6238
3765	6241
3765	6244
3765	6253
3765	6260
3765	6331
3765	6720
3765	6722
3765	6732
3765	6852
3765	6880
3765	7079
3765	7179
3765	7414
3765	7999
3765	8611
3765	9065
3765	9084
3765	9296
3765	9389
3766	5139
3767	834
3769	7732
3771	4542
3771	8702
3772	4724
3772	5139
3773	989
3773	8304
3773	8711
3774	4204
3774	5139
3774	5444
3774	7958
3774	8610
3774	8611
3775	8603
3776	3896
3776	5139
3776	7544
3776	9003
3778	4204
3778	5444
3780	5468
3781	5139
3782	4204
3782	5444
3783	3832
3783	5063
3784	8105
3786	4569
3786	4592
3786	5215
3786	6061
3786	6062
3786	6069
3786	6176
3786	6341
3786	6421
3786	6443
3786	8013
3786	8085
3787	3816
3788	6573
3789	6186
3790	1213
3790	4355
3791	5139
3791	6573
3793	2495
3793	3120
3796	5139
3796	6734
3796	7403
3796	7561
3797	7002
3798	5139
3799	5139
3800	5663
3801	4204
3801	5444
3802	4204
3802	5444
3803	5063
3803	5612
3804	5139
3805	7706
3806	8105
3807	4298
3807	4336
3807	5652
3807	5989
3807	8367
3809	4204
3809	5139
3809	5444
3810	4204
3810	5139
3810	5444
3811	4204
3811	5444
3812	4137
3812	5489
3812	5649
3812	5891
3812	5892
3812	6585
3812	6890
3812	7575
3812	7579
3813	5139
3814	4204
3814	5444
3815	4204
3815	5444
3816	7512
3817	9213
3818	230
3819	4137
3819	5280
3819	5489
3819	5649
3819	5891
3819	5892
3819	6585
3819	6890
3819	7575
3819	7579
3822	4204
3822	5059
3822	5444
3823	3970
3823	5063
3823	8049
3824	6171
3824	6925
3825	4137
3825	5063
3825	5489
3825	5649
3825	5891
3825	5892
3825	6585
3825	6890
3825	7575
3825	7579
3826	3626
3826	4204
3826	5444
3827	4204
3827	4902
3827	5139
3827	5444
3827	5491
3827	6275
3827	6476
3827	6865
3827	8212
3828	472
3828	1778
3828	3571
3828	4093
3828	4204
3828	4710
3828	6797
3828	7817
3829	2112
3829	4561
3829	4583
3829	4611
3829	5432
3829	5444
3829	5769
3829	7730
3829	8908
3830	7426
3832	8456
3832	9451
3833	3695
3833	7169
3835	5941
3835	6573
3835	7603
3836	1244
3836	1417
3836	7132
3836	7478
3836	9276
3837	4052
3837	6628
3837	7080
3837	7529
3839	8615
3841	2417
3841	2623
3841	7231
3842	5139
3843	4204
3843	5444
3843	8365
3844	4485
3847	5139
3848	5139
3848	5663
3848	7408
3849	5874
3852	6633
3853	3626
3853	4204
3853	5444
3853	6481
3854	4654
3854	6432
3855	3878
3855	4904
3855	5000
3855	5676
3855	6571
3855	8728
3856	4381
3856	6564
3859	8685
3862	1082
3864	7228
3865	8685
3866	9168
3867	9061
3869	3436
3869	4278
3869	6271
3869	8799
3869	9028
3869	9083
3870	6624
3871	1533
3873	4323
3873	4707
3873	4955
3873	5139
3873	5468
3873	5567
3873	6388
3873	6628
3873	7041
3873	8802
3873	9205
3873	9263
3873	9336
3874	834
3874	5852
3875	3993
3875	4102
3875	4323
3875	4349
3875	4401
3875	4486
3875	4570
3875	4631
3875	4638
3875	4650
3875	4693
3875	4694
3875	4698
3875	4707
3875	4708
3875	4711
3875	4737
3875	4907
3875	4931
3875	4935
3875	4946
3875	4955
3875	5122
3875	5126
3875	5133
3875	5169
3875	5220
3875	5224
3875	5226
3875	5273
3875	5291
3875	5369
3875	5466
3875	5495
3875	5498
3875	5532
3875	5567
3875	5873
3875	5910
3875	5949
3875	6203
3875	6222
3875	6238
3875	6254
3875	6271
3875	6307
3875	6309
3875	6368
3875	6417
3875	6450
3875	6532
3875	6538
3875	6539
3875	6542
3875	6548
3875	6559
3875	6628
3875	6806
3875	6821
3875	6828
3875	6896
3875	7041
3875	7078
3875	7110
3875	7116
3875	7117
3875	7140
3875	7151
3875	7154
3875	7205
3875	7328
3875	7426
3875	7683
3875	7785
3875	7803
3875	7821
3875	7824
3875	7887
3875	7912
3875	7974
3875	8216
3875	8273
3875	8320
3875	8426
3875	8666
3875	8802
3875	8807
3875	8825
3875	8881
3875	8907
3875	9205
3875	9230
3875	9263
3875	9269
3875	9361
3875	9485
3875	9754
3876	4137
3876	5489
3876	5649
3876	5891
3876	5892
3876	6585
3876	6890
3876	7575
3876	7579
3877	8635
3878	7867
3879	4204
3879	5444
3880	6938
3880	7119
3881	5139
3883	4365
3884	5318
3884	7213
3885	5553
3886	4204
3886	5444
3888	834
3888	5063
3889	6711
3889	6979
3890	5139
3891	5139
3892	7053
3892	8002
3893	8685
3894	6892
3894	9451
3897	4204
3897	5444
3899	5444
3899	6913
3899	7194
3899	7745
3900	6314
3902	3526
3903	7816
3903	7919
3903	8149
3903	8172
3903	9566
3906	7921
3906	8714
3907	3270
3907	7868
3908	3910
3908	4137
3908	5489
3908	5649
3908	5891
3908	5892
3908	6585
3908	6890
3908	7575
3908	7579
3908	7921
3909	5063
3910	5063
3910	6551
3912	5063
3915	3916
3917	7948
3919	5551
3921	4204
3921	4938
3921	5444
3922	6573
3922	9071
3924	6573
3925	6561
3927	4137
3927	4750
3927	5005
3927	5489
3927	5649
3927	5891
3927	5892
3927	6419
3927	6585
3927	6890
3927	7575
3927	7579
3927	8280
3927	8976
3928	4649
3928	5139
3928	5444
3929	5994
3930	5139
3931	133
3931	739
3931	7627
3932	1061
3932	5177
3932	7320
3933	4204
3933	5444
3934	4577
3934	4592
3934	5684
3934	6062
3934	6617
3934	8930
3935	7227
3936	8710
3937	225
3937	5858
3937	7625
3938	5139
3939	4137
3939	5063
3939	5489
3939	5649
3939	5891
3939	5892
3939	6550
3939	6585
3939	6653
3939	6890
3939	7536
3939	7575
3939	7579
3939	8685
3941	2173
3941	4973
3941	6469
3941	6802
3941	9681
3942	4215
3943	5063
3943	5177
3945	4044
3945	4069
3945	4295
3945	4567
3945	4581
3945	4584
3945	4592
3945	4596
3945	5416
3945	5684
3945	5696
3945	6221
3945	6283
3945	6443
3945	6458
3945	6617
3945	8013
3945	8085
3945	8865
3945	9313
3946	5063
3949	4204
3949	5444
3950	5139
3951	4954
3953	7229
3953	8060
3954	7179
3954	7623
3954	7624
3954	7625
3954	8005
3954	8942
3956	834
3956	8702
3958	5059
3959	2795
3960	4723
3962	4204
3962	5444
3963	6573
3964	2796
3964	5139
3965	8237
3968	8411
3969	4204
3969	5444
3970	51
3970	52
3970	846
3970	1136
3970	1605
3970	1972
3970	2419
3970	2498
3970	2615
3970	2621
3970	2730
3970	2942
3970	3483
3970	4137
3970	4187
3970	4189
3970	4204
3970	4295
3970	4565
3970	4568
3970	4674
3970	4726
3970	5031
3970	5294
3970	5299
3970	6058
3970	6063
3970	6068
3970	6304
3970	6799
3970	7327
3970	7758
3970	7996
3970	8049
3970	8052
3970	8122
3970	8788
3970	8827
3970	9116
3970	9297
3970	9350
3971	4654
3972	5139
3973	4418
3975	5139
3976	7697
3981	6250
3981	6255
3984	4938
3984	6561
3984	6674
3985	747
3985	4589
3985	4600
3985	5063
3985	5139
3985	5428
3985	5759
3985	6443
3985	6837
3985	7749
3985	7752
3985	7845
3985	8685
3985	9149
3985	9150
3986	5139
3987	5139
3988	51
3988	52
3988	2498
3988	2942
3988	4137
3988	4215
3988	4255
3988	4295
3988	5489
3988	7559
3988	8052
3988	8288
3988	8656
3988	9350
3989	5444
3990	834
3990	6573
3991	4204
3991	5444
3993	4204
3993	4323
3993	4604
3993	4711
3993	4779
3993	4946
3993	5139
3993	5220
3993	5444
3993	5567
3993	6417
3993	6539
3993	6628
3993	6806
3993	6896
3993	7432
3993	7714
3993	7824
3993	8391
3993	8825
3993	8881
3993	8907
3993	9190
3993	9263
3994	5336
3995	5139
3995	8685
3996	5139
3996	5785
3997	5489
3997	5649
3997	5891
3997	5892
3997	6585
3997	6890
3997	7575
3997	7579
3998	4204
3998	5444
3999	5139
4002	5063
4005	5139
4006	8300
4007	4008
4009	5139
4010	5444
4011	4204
4011	5444
4012	6439
4013	4204
4013	5444
4015	5063
4016	7179
4016	7623
4016	7624
4016	7625
4016	8942
4017	2460
4017	4728
4017	5577
4017	6356
4018	605
4018	4204
4018	5444
4019	4204
4019	5444
4019	6573
4020	5110
4021	835
4021	4204
4021	5444
4021	6573
4024	5444
4025	5063
4027	4137
4027	5489
4027	5649
4027	5891
4027	5892
4027	6585
4027	6890
4027	7575
4027	7579
4028	6573
4029	4204
4029	5444
4030	282
4030	7583
4030	9566
4031	4204
4032	4619
4032	9512
4034	4542
4035	4251
4036	7732
4038	6996
4039	4204
4039	5063
4039	5444
4040	5823
4040	8685
4043	834
4044	4069
4044	4561
4044	4569
4044	4583
4044	4605
4044	4611
4044	5432
4044	5482
4044	6341
4044	6625
4044	7730
4044	8085
4044	8908
4044	8930
4045	4204
4045	5444
4046	4204
4046	5444
4047	5063
4048	8174
4049	4204
4049	5444
4050	6925
4051	4204
4051	5444
4052	4105
4052	4280
4052	4486
4052	4622
4052	4623
4052	4633
4052	4666
4052	4693
4052	4694
4052	4698
4052	4708
4052	4737
4052	4741
4052	4779
4052	4899
4052	4908
4052	4912
4052	4914
4052	4916
4052	4918
4052	4919
4052	4921
4052	4922
4052	4923
4052	4925
4052	4928
4052	4929
4052	4931
4052	4939
4052	4940
4052	4942
4052	4944
4052	4947
4052	4950
4052	4952
4052	4956
4052	4957
4052	4961
4052	4963
4052	4965
4052	5025
4052	5133
4052	5156
4052	5169
4052	5228
4052	5386
4052	5466
4052	5498
4052	5528
4052	5716
4052	5910
4052	5928
4052	6203
4052	6214
4052	6238
4052	6271
4052	6273
4052	6309
4052	6319
4052	6366
4052	6368
4052	6388
4052	6417
4052	6528
4052	6529
4052	6532
4052	6533
4052	6538
4052	6564
4052	6566
4052	6658
4052	6821
4052	6828
4052	6896
4052	6902
4052	7041
4052	7074
4052	7076
4052	7078
4052	7091
4052	7098
4052	7110
4052	7116
4052	7117
4052	7118
4052	7140
4052	7151
4052	7154
4052	7254
4052	7306
4052	7355
4052	7507
4052	7529
4052	7819
4052	7821
4052	7974
4052	7999
4052	8273
4052	8422
4052	8831
4052	8881
4052	8951
4052	9012
4052	9075
4052	9263
4053	133
4053	5096
4054	4204
4054	5444
4054	6564
4055	3903
4055	7763
4055	9674
4056	834
4057	834
4058	5187
4059	6874
4060	5139
4060	6679
4060	7697
4060	7732
4061	834
4062	4204
4062	5063
4062	5444
4063	6573
4065	6696
4066	5663
4066	6573
4066	8396
4067	503
4067	3241
4067	3468
4067	8467
4067	8529
4069	5113
4069	5468
4069	5532
4069	6271
4069	6388
4069	6439
4069	6628
4069	6632
4069	7815
4069	8802
4069	8881
4069	9205
4070	3626
4070	5444
4070	6615
4071	3626
4071	4204
4071	5444
4072	4637
4073	5444
4074	7732
4075	4700
4075	6234
4075	7763
4077	5444
4078	4562
4078	4568
4078	5024
4078	8827
4078	9168
4078	9276
4079	5063
4080	4734
4080	4977
4080	5759
4080	6063
4080	7180
4081	6257
4081	6952
4081	9296
4083	279
4083	4592
4083	4684
4083	4992
4083	5024
4083	5316
4083	5764
4083	5892
4083	6211
4083	6238
4083	6241
4083	6244
4083	6253
4083	6260
4083	6331
4083	6720
4083	6722
4083	6732
4083	6852
4083	6880
4083	7079
4083	7179
4083	7414
4083	7623
4083	7624
4083	7625
4083	7918
4083	7999
4083	8611
4083	8685
4083	8907
4083	8942
4083	9065
4083	9084
4083	9276
4083	9296
4083	9330
4083	9389
4085	5063
4085	8938
4086	7555
4086	8791
4087	6661
4088	834
4089	2173
4089	4118
4089	6964
4090	5078
4091	834
4091	4204
4091	5444
4092	7179
4092	7623
4092	7624
4092	7625
4092	8942
4093	1685
4093	5139
4095	7732
4096	4204
4096	5444
4100	166
4100	2592
4100	3176
4100	5438
4100	6490
4100	6940
4100	7627
4100	8434
4100	8839
4101	7891
4102	3081
4102	4204
4102	4604
4102	4662
4102	4665
4102	5133
4102	5444
4102	5468
4102	5848
4102	5910
4102	5928
4102	6222
4102	6245
4102	6271
4102	6539
4102	6902
4102	7078
4102	7768
4102	8156
4102	8313
4102	8436
4102	8881
4102	8942
4102	9190
4102	9612
4102	9637
4102	9726
4105	4204
4105	4944
4105	4946
4105	5169
4105	5291
4105	5444
4105	5466
4105	5928
4105	6366
4105	6898
4105	7103
4105	7529
4105	7536
4105	7821
4105	7887
4105	7991
4105	9637
4106	834
4106	1484
4106	1689
4106	8266
4106	9565
4107	1330
4107	4973
4107	5063
4107	9753
4108	5139
4111	5420
4111	6997
4111	7532
4112	4791
4113	4143
4113	6742
4113	8991
4114	2287
4114	4800
4114	8965
4114	9229
4116	3081
4116	5139
4116	6170
4116	8105
4117	5139
4118	676
4118	678
4118	1484
4118	4204
4118	5059
4118	5444
4118	6170
4118	6321
4118	6723
4118	7768
4118	8422
4121	4204
4121	5139
4121	5444
4122	8369
4123	4561
4123	4583
4123	4611
4123	5432
4123	7730
4123	8908
4124	4204
4124	4666
4124	5444
4125	8105
4126	4612
4126	6674
4127	1474
4127	5169
4127	5750
4127	8907
4127	9448
4128	834
4128	8685
4129	5186
4129	7555
4130	5139
4131	4132
4131	4355
4131	5193
4132	4133
4134	7218
4135	5791
4137	3997
4137	4272
4137	4374
4137	4439
4137	4545
4137	4591
4137	4643
4137	4762
4137	4858
4137	5063
4137	5187
4137	5287
4137	5289
4137	5333
4137	5444
4137	5451
4137	5508
4137	5605
4137	5881
4137	5882
4137	5884
4137	5891
4137	5906
4137	5977
4137	6132
4137	6161
4137	6177
4137	6353
4137	6376
4137	6377
4137	6437
4137	6452
4137	6655
4137	6760
4137	6772
4137	6855
4137	6856
4137	6925
4137	7048
4137	7086
4137	7100
4137	7103
4137	7110
4137	7161
4137	7214
4137	7234
4137	7267
4137	7274
4137	7356
4137	7386
4137	7415
4137	7422
4137	7535
4137	7700
4137	7757
4137	7826
4137	7834
4137	7859
4137	7876
4137	7877
4137	7944
4137	7970
4137	7988
4137	8159
4137	8186
4137	8247
4137	8274
4137	8359
4137	8389
4137	8440
4137	8451
4137	8493
4137	8627
4137	8685
4137	8701
4137	8756
4137	8788
4137	8954
4137	8998
4137	9033
4137	9043
4137	9125
4137	9292
4137	9509
4137	9601
4137	9742
4138	5063
4139	4204
4139	5444
4140	4177
4142	51
4142	52
4142	2498
4142	2942
4142	4137
4142	4295
4142	4440
4142	4764
4142	4867
4142	8052
4142	8593
4142	8636
4142	8685
4142	9350
4143	4723
4143	6082
4147	4204
4147	5444
4147	7045
4148	1214
4148	3241
4149	1980
4149	2320
4149	2882
4149	3241
4149	4734
4149	5139
4149	6147
4149	6482
4149	6489
4149	6589
4151	5139
4152	5139
4153	5139
4154	4388
4155	5139
4155	6573
4156	6542
4158	7997
4162	834
4163	4204
4163	5444
4164	5063
4166	3626
4166	4204
4166	5444
4167	3626
4167	4204
4167	5444
4168	6573
4170	4204
4170	4371
4170	4979
4170	5444
4170	9679
4171	7172
4173	4174
4173	4179
4173	4180
4173	4181
4173	5072
4175	5139
4175	6573
4176	4355
4177	4178
4178	4179
4180	4181
4180	4204
4180	5444
4182	5063
4183	4204
4183	5444
4185	5444
4185	6729
4185	8679
4185	8685
4187	8412
4187	9530
4188	5076
4188	5759
4188	6211
4188	6902
4188	8121
4188	8685
4189	198
4189	846
4189	1136
4189	1972
4189	2419
4189	2615
4189	2621
4189	2730
4189	2829
4189	3824
4189	4187
4189	4734
4189	4808
4189	4978
4189	5031
4189	5294
4189	5299
4189	5392
4189	5786
4189	5931
4189	6058
4189	6063
4189	6304
4189	6567
4189	6873
4189	7087
4189	7327
4189	7996
4189	8122
4189	8175
4189	8788
4189	8827
4189	9297
4193	834
4194	3626
4194	4204
4194	5444
4196	1248
4196	1330
4196	4351
4196	5307
4196	5519
4196	6122
4196	7272
4197	5139
4199	6013
4201	5444
4202	5444
4203	5139
4203	8098
4204	7
4204	38
4204	60
4204	62
4204	64
4204	79
4204	87
4204	91
4204	108
4204	116
4204	123
4204	147
4204	168
4204	177
4204	198
4204	204
4204	228
4204	242
4204	244
4204	252
4204	253
4204	266
4204	267
4204	278
4204	281
4204	298
4204	302
4204	306
4204	309
4204	310
4204	327
4204	328
4204	331
4204	334
4204	344
4204	351
4204	397
4204	405
4204	451
4204	492
4204	497
4204	533
4204	534
4204	541
4204	572
4204	574
4204	591
4204	617
4204	628
4204	629
4204	635
4204	640
4204	641
4204	642
4204	647
4204	649
4204	650
4204	659
4204	662
4204	666
4204	669
4204	672
4204	679
4204	685
4204	695
4204	702
4204	721
4204	729
4204	740
4204	760
4204	761
4204	762
4204	763
4204	785
4204	791
4204	805
4204	813
4204	814
4204	815
4204	832
4204	834
4204	835
4204	836
4204	843
4204	846
4204	847
4204	870
4204	876
4204	877
4204	892
4204	895
4204	899
4204	903
4204	926
4204	927
4204	930
4204	957
4204	965
4204	983
4204	984
4204	991
4204	995
4204	996
4204	997
4204	999
4204	1007
4204	1037
4204	1063
4204	1085
4204	1086
4204	1104
4204	1136
4204	1138
4204	1158
4204	1160
4204	1162
4204	1212
4204	1224
4204	1227
4204	1241
4204	1243
4204	1244
4204	1249
4204	1252
4204	1264
4204	1268
4204	1269
4204	1270
4204	1273
4204	1276
4204	1282
4204	1285
4204	1286
4204	1287
4204	1291
4204	1295
4204	1298
4204	1299
4204	1302
4204	1312
4204	1328
4204	1338
4204	1361
4204	1362
4204	1371
4204	1376
4204	1377
4204	1384
4204	1387
4204	1392
4204	1403
4204	1407
4204	1408
4204	1417
4204	1426
4204	1427
4204	1456
4204	1464
4204	1465
4204	1474
4204	1482
4204	1497
4204	1504
4204	1520
4204	1521
4204	1526
4204	1528
4204	1548
4204	1550
4204	1560
4204	1567
4204	1577
4204	1593
4204	1602
4204	1618
4204	1629
4204	1632
4204	1639
4204	1645
4204	1649
4204	1660
4204	1661
4204	1677
4204	1683
4204	1685
4204	1691
4204	1716
4204	1750
4204	1752
4204	1758
4204	1761
4204	1787
4204	1798
4204	1823
4204	1826
4204	1827
4204	1843
4204	1845
4204	1855
4204	1856
4204	1862
4204	1910
4204	1915
4204	1926
4204	1932
4204	1934
4204	1938
4204	1957
4204	1960
4204	1972
4204	1977
4204	1980
4204	1983
4204	1986
4204	1987
4204	1991
4204	2004
4204	2022
4204	2026
4204	2030
4204	2031
4204	2046
4204	2047
4204	2048
4204	2051
4204	2058
4204	2084
4204	2087
4204	2105
4204	2106
4204	2113
4204	2152
4204	2169
4204	2170
4204	2171
4204	2178
4204	2182
4204	2183
4204	2197
4204	2212
4204	2235
4204	2244
4204	2250
4204	2272
4204	2279
4204	2282
4204	2283
4204	2322
4204	2324
4204	2325
4204	2330
4204	2333
4204	2352
4204	2353
4204	2367
4204	2368
4204	2374
4204	2376
4204	2378
4204	2379
4204	2382
4204	2384
4204	2387
4204	2388
4204	2390
4204	2396
4204	2404
4204	2408
4204	2409
4204	2411
4204	2419
4204	2428
4204	2453
4204	2481
4204	2482
4204	2483
4204	2485
4204	2488
4204	2497
4204	2499
4204	2501
4204	2504
4204	2506
4204	2524
4204	2525
4204	2531
4204	2532
4204	2537
4204	2553
4204	2574
4204	2576
4204	2585
4204	2591
4204	2598
4204	2606
4204	2615
4204	2621
4204	2622
4204	2646
4204	2660
4204	2681
4204	2682
4204	2717
4204	2728
4204	2730
4204	2758
4204	2772
4204	2785
4204	2789
4204	2795
4204	2802
4204	2814
4204	2821
4204	2829
4204	2848
4204	2861
4204	2872
4204	2875
4204	2876
4204	2881
4204	2894
4204	2935
4204	2961
4204	2964
4204	2981
4204	2993
4204	3007
4204	3011
4204	3044
4204	3048
4204	3062
4204	3066
4204	3081
4204	3102
4204	3110
4204	3115
4204	3125
4204	3127
4204	3136
4204	3143
4204	3152
4204	3171
4204	3173
4204	3189
4204	3201
4204	3219
4204	3238
4204	3250
4204	3266
4204	3267
4204	3281
4204	3282
4204	3288
4204	3290
4204	3291
4204	3292
4204	3297
4204	3299
4204	3304
4204	3305
4204	3307
4204	3315
4204	3325
4204	3333
4204	3341
4204	3354
4204	3360
4204	3384
4204	3389
4204	3420
4204	3425
4204	3437
4204	3454
4204	3492
4204	3502
4204	3507
4204	3513
4204	3514
4204	3515
4204	3519
4204	3525
4204	3548
4204	3566
4204	3576
4204	3618
4204	3635
4204	3661
4204	3668
4204	3688
4204	3690
4204	3693
4204	3702
4204	3710
4204	3753
4204	3792
4204	3824
4204	3829
4204	3833
4204	3834
4204	3850
4204	3857
4204	3866
4204	3873
4204	3881
4204	3882
4204	3899
4204	3918
4204	3920
4204	3926
4204	3928
4204	3932
4204	3947
4204	3952
4204	3965
4204	3966
4204	3967
4204	3977
4204	3989
4204	3992
4204	4003
4204	4010
4204	4024
4204	4070
4204	4073
4204	4077
4204	4082
4204	4084
4204	4085
4204	4103
4204	4107
4204	4115
4204	4130
4204	4137
4204	4145
4204	4185
4204	4187
4204	4189
4204	4191
4204	4201
4204	4202
4204	4206
4204	4208
4204	4210
4204	4211
4204	4219
4204	4220
4204	4226
4204	4233
4204	4266
4204	4273
4204	4278
4204	4279
4204	4284
4204	4295
4204	4306
4204	4312
4204	4321
4204	4325
4204	4334
4204	4367
4204	4369
4204	4371
4204	4383
4204	4386
4204	4393
4204	4403
4204	4414
4204	4451
4204	4452
4204	4454
4204	4465
4204	4472
4204	4474
4204	4476
4204	4482
4204	4485
4204	4487
4204	4496
4204	4507
4204	4517
4204	4523
4204	4540
4204	4545
4204	4546
4204	4556
4204	4565
4204	4566
4204	4567
4204	4568
4204	4570
4204	4571
4204	4574
4204	4578
4204	4579
4204	4580
4204	4581
4204	4583
4204	4589
4204	4594
4204	4595
4204	4598
4204	4601
4204	4603
4204	4604
4204	4606
4204	4607
4204	4608
4204	4609
4204	4612
4204	4619
4204	4622
4204	4625
4204	4631
4204	4632
4204	4642
4204	4663
4204	4667
4204	4668
4204	4677
4204	4679
4204	4681
4204	4682
4204	4687
4204	4692
4204	4697
4204	4713
4204	4726
4204	4731
4204	4739
4204	4749
4204	4750
4204	4755
4204	4771
4204	4774
4204	4775
4204	4777
4204	4798
4204	4800
4204	4803
4204	4809
4204	4810
4204	4818
4204	4819
4204	4822
4204	4830
4204	4839
4204	4849
4204	4857
4204	4863
4204	4865
4204	4866
4204	4868
4204	4873
4204	4875
4204	4876
4204	4886
4204	4896
4204	4906
4204	4916
4204	4923
4204	4925
4204	4931
4204	4940
4204	4973
4204	4976
4204	4978
4204	4979
4204	4985
4204	4988
4204	4998
4204	5008
4204	5017
4204	5022
4204	5024
4204	5031
4204	5037
4204	5047
4204	5048
4204	5050
4204	5059
4204	5061
4204	5063
4204	5065
4204	5067
4204	5073
4204	5080
4204	5084
4204	5091
4204	5102
4204	5115
4204	5117
4204	5118
4204	5119
4204	5129
4204	5136
4204	5139
4204	5141
4204	5148
4204	5152
4204	5155
4204	5157
4204	5164
4204	5167
4204	5177
4204	5180
4204	5190
4204	5191
4204	5202
4204	5211
4204	5234
4204	5241
4204	5245
4204	5250
4204	5252
4204	5255
4204	5258
4204	5260
4204	5261
4204	5277
4204	5282
4204	5283
4204	5288
4204	5293
4204	5294
4204	5299
4204	5307
4204	5309
4204	5313
4204	5314
4204	5316
4204	5320
4204	5329
4204	5335
4204	5340
4204	5341
4204	5345
4204	5348
4204	5350
4204	5351
4204	5362
4204	5368
4204	5369
4204	5374
4204	5379
4204	5380
4204	5381
4204	5382
4204	5383
4204	5385
4204	5386
4204	5392
4204	5417
4204	5429
4204	5432
4204	5433
4204	5455
4204	5459
4204	5460
4204	5474
4204	5479
4204	5480
4204	5492
4204	5493
4204	5494
4204	5496
4204	5513
4204	5516
4204	5521
4204	5524
4204	5525
4204	5531
4204	5540
4204	5541
4204	5547
4204	5559
4204	5562
4204	5564
4204	5589
4204	5593
4204	5594
4204	5596
4204	5600
4204	5608
4204	5615
4204	5619
4204	5620
4204	5631
4204	5639
4204	5640
4204	5646
4204	5647
4204	5648
4204	5655
4204	5679
4204	5682
4204	5706
4204	5715
4204	5723
4204	5733
4204	5738
4204	5739
4204	5740
4204	5741
4204	5746
4204	5759
4204	5763
4204	5767
4204	5768
4204	5772
4204	5775
4204	5799
4204	5806
4204	5821
4204	5836
4204	5837
4204	5839
4204	5841
4204	5850
4204	5855
4204	5860
4204	5865
4204	5878
4204	5881
4204	5890
4204	5895
4204	5899
4204	5914
4204	5915
4204	5917
4204	5919
4204	5922
4204	5927
4204	5931
4204	5938
4204	5950
4204	5952
4204	5953
4204	5959
4204	5962
4204	5963
4204	5969
4204	5970
4204	5992
4204	5993
4204	5995
4204	6003
4204	6006
4204	6008
4204	6009
4204	6020
4204	6025
4204	6026
4204	6036
4204	6044
4204	6052
4204	6058
4204	6059
4204	6060
4204	6063
4204	6064
4204	6065
4204	6069
4204	6078
4204	6086
4204	6095
4204	6096
4204	6100
4204	6102
4204	6106
4204	6107
4204	6108
4204	6123
4204	6130
4204	6133
4204	6140
4204	6144
4204	6154
4204	6156
4204	6165
4204	6171
4204	6179
4204	6180
4204	6210
4204	6212
4204	6213
4204	6216
4204	6222
4204	6230
4204	6240
4204	6243
4204	6244
4204	6245
4204	6256
4204	6258
4204	6262
4204	6270
4204	6271
4204	6273
4204	6291
4204	6292
4204	6296
4204	6298
4204	6299
4204	6304
4204	6305
4204	6307
4204	6312
4204	6328
4204	6332
4204	6341
4204	6346
4204	6349
4204	6363
4204	6364
4204	6365
4204	6367
4204	6371
4204	6380
4204	6384
4204	6386
4204	6391
4204	6402
4204	6411
4204	6415
4204	6429
4204	6431
4204	6432
4204	6444
4204	6446
4204	6447
4204	6463
4204	6467
4204	6468
4204	6471
4204	6474
4204	6475
4204	6486
4204	6491
4204	6494
4204	6504
4204	6506
4204	6512
4204	6515
4204	6520
4204	6521
4204	6522
4204	6525
4204	6533
4204	6534
4204	6537
4204	6541
4204	6554
4204	6557
4204	6559
4204	6567
4204	6568
4204	6590
4204	6602
4204	6604
4204	6611
4204	6617
4204	6631
4204	6632
4204	6633
4204	6637
4204	6646
4204	6650
4204	6654
4204	6665
4204	6671
4204	6678
4204	6683
4204	6685
4204	6690
4204	6691
4204	6692
4204	6714
4204	6715
4204	6720
4204	6721
4204	6723
4204	6724
4204	6731
4204	6736
4204	6745
4204	6746
4204	6748
4204	6752
4204	6763
4204	6764
4204	6765
4204	6783
4204	6789
4204	6799
4204	6803
4204	6804
4204	6806
4204	6810
4204	6813
4204	6835
4204	6838
4204	6842
4204	6847
4204	6860
4204	6868
4204	6873
4204	6879
4204	6881
4204	6890
4204	6891
4204	6901
4204	6904
4204	6907
4204	6919
4204	6927
4204	6929
4204	6946
4204	6961
4204	6965
4204	6979
4204	6994
4204	6995
4204	6998
4204	7005
4204	7017
4204	7024
4204	7033
4204	7040
4204	7060
4204	7064
4204	7067
4204	7069
4204	7070
4204	7072
4204	7073
4204	7074
4204	7076
4204	7077
4204	7078
4204	7081
4204	7082
4204	7083
4204	7084
4204	7087
4204	7088
4204	7090
4204	7091
4204	7092
4204	7097
4204	7098
4204	7099
4204	7101
4204	7105
4204	7106
4204	7108
4204	7109
4204	7111
4204	7112
4204	7113
4204	7114
4204	7124
4204	7132
4204	7134
4204	7135
4204	7136
4204	7137
4204	7138
4204	7139
4204	7140
4204	7141
4204	7142
4204	7146
4204	7147
4204	7152
4204	7153
4204	7155
4204	7156
4204	7159
4204	7161
4204	7162
4204	7164
4204	7165
4204	7168
4204	7181
4204	7185
4204	7192
4204	7196
4204	7205
4204	7207
4204	7212
4204	7216
4204	7224
4204	7225
4204	7252
4204	7253
4204	7254
4204	7271
4204	7278
4204	7280
4204	7282
4204	7287
4204	7288
4204	7299
4204	7316
4204	7317
4204	7327
4204	7342
4204	7359
4204	7364
4204	7371
4204	7375
4204	7380
4204	7383
4204	7384
4204	7385
4204	7388
4204	7398
4204	7407
4204	7431
4204	7434
4204	7435
4204	7447
4204	7455
4204	7459
4204	7467
4204	7468
4204	7479
4204	7487
4204	7492
4204	7498
4204	7507
4204	7535
4204	7536
4204	7542
4204	7547
4204	7568
4204	7577
4204	7586
4204	7600
4204	7601
4204	7618
4204	7628
4204	7629
4204	7635
4204	7641
4204	7653
4204	7659
4204	7672
4204	7676
4204	7707
4204	7714
4204	7720
4204	7721
4204	7724
4204	7726
4204	7727
4204	7767
4204	7769
4204	7772
4204	7777
4204	7778
4204	7783
4204	7785
4204	7796
4204	7800
4204	7805
4204	7806
4204	7816
4204	7818
4204	7821
4204	7823
4204	7824
4204	7831
4204	7834
4204	7842
4204	7851
4204	7853
4204	7864
4204	7880
4204	7887
4204	7902
4204	7908
4204	7914
4204	7924
4204	7926
4204	7930
4204	7935
4204	7942
4204	7954
4204	7955
4204	7958
4204	7963
4204	7972
4204	7973
4204	7975
4204	7977
4204	7978
4204	7981
4204	7985
4204	7988
4204	7992
4204	7993
4204	7996
4204	7999
4204	8005
4204	8014
4204	8018
4204	8027
4204	8040
4204	8045
4204	8047
4204	8048
4204	8052
4204	8069
4204	8071
4204	8073
4204	8077
4204	8079
4204	8080
4204	8083
4204	8084
4204	8090
4204	8093
4204	8095
4204	8119
4204	8122
4204	8123
4204	8129
4204	8131
4204	8135
4204	8145
4204	8153
4204	8154
4204	8161
4204	8162
4204	8175
4204	8187
4204	8188
4204	8189
4204	8190
4204	8194
4204	8195
4204	8207
4204	8210
4204	8211
4204	8215
4204	8217
4204	8222
4204	8230
4204	8236
4204	8250
4204	8256
4204	8267
4204	8270
4204	8277
4204	8280
4204	8290
4204	8296
4204	8298
4204	8307
4204	8318
4204	8322
4204	8325
4204	8330
4204	8333
4204	8334
4204	8338
4204	8354
4204	8362
4204	8365
4204	8368
4204	8372
4204	8374
4204	8388
4204	8390
4204	8398
4204	8404
4204	8407
4204	8408
4204	8416
4204	8423
4204	8429
4204	8432
4204	8446
4204	8449
4204	8456
4204	8477
4204	8485
4204	8487
4204	8495
4204	8498
4204	8500
4204	8505
4204	8515
4204	8518
4204	8525
4204	8528
4204	8532
4204	8554
4204	8567
4204	8576
4204	8577
4204	8590
4204	8594
4204	8615
4204	8634
4204	8643
4204	8644
4204	8647
4204	8651
4204	8653
4204	8657
4204	8658
4204	8668
4204	8669
4204	8672
4204	8685
4204	8689
4204	8698
4204	8713
4204	8723
4204	8731
4204	8735
4204	8747
4204	8748
4204	8753
4204	8757
4204	8767
4204	8769
4204	8771
4204	8773
4204	8774
4204	8785
4204	8788
4204	8802
4204	8805
4204	8815
4204	8823
4204	8827
4204	8835
4204	8850
4204	8862
4204	8864
4204	8868
4204	8873
4204	8875
4204	8877
4204	8887
4204	8897
4204	8906
4204	8908
4204	8912
4204	8917
4204	8922
4204	8932
4204	8937
4204	8939
4204	8943
4204	8944
4204	8946
4204	8949
4204	8950
4204	8953
4204	8954
4204	8969
4204	8976
4204	8977
4204	8978
4204	8980
4204	8982
4204	8986
4204	8993
4204	9001
4204	9010
4204	9013
4204	9021
4204	9027
4204	9028
4204	9037
4204	9038
4204	9039
4204	9045
4204	9047
4204	9048
4204	9050
4204	9051
4204	9052
4204	9056
4204	9057
4204	9059
4204	9073
4204	9074
4204	9076
4204	9077
4204	9085
4204	9091
4204	9092
4204	9093
4204	9097
4204	9105
4204	9106
4204	9107
4204	9112
4204	9114
4204	9120
4204	9121
4204	9125
4204	9126
4204	9127
4204	9131
4204	9137
4204	9138
4204	9146
4204	9155
4204	9164
4204	9166
4204	9168
4204	9182
4204	9185
4204	9186
4204	9193
4204	9195
4204	9203
4204	9207
4204	9209
4204	9220
4204	9225
4204	9226
4204	9228
4204	9230
4204	9237
4204	9242
4204	9246
4204	9258
4204	9264
4204	9267
4204	9271
4204	9276
4204	9287
4204	9294
4204	9296
4204	9297
4204	9301
4204	9304
4204	9308
4204	9310
4204	9315
4204	9316
4204	9323
4204	9324
4204	9327
4204	9333
4204	9344
4204	9346
4204	9347
4204	9350
4204	9358
4204	9361
4204	9366
4204	9371
4204	9374
4204	9379
4204	9391
4204	9392
4204	9401
4204	9411
4204	9421
4204	9422
4204	9423
4204	9424
4204	9428
4204	9436
4204	9447
4204	9462
4204	9467
4204	9468
4204	9490
4204	9499
4204	9503
4204	9506
4204	9519
4204	9525
4204	9526
4204	9527
4204	9528
4204	9529
4204	9543
4204	9546
4204	9560
4204	9567
4204	9585
4204	9597
4204	9605
4204	9635
4204	9640
4204	9652
4204	9659
4204	9660
4204	9690
4204	9692
4204	9699
4204	9700
4204	9705
4204	9707
4204	9711
4204	9713
4204	9723
4204	9725
4204	9731
4204	9737
4204	9738
4204	9739
4204	9740
4204	9741
4204	9744
4204	9749
4204	9757
4205	834
4207	5063
4209	1689
4209	2007
4209	5385
4209	6234
4209	6819
4210	4189
4210	5217
4210	5934
4210	9478
4210	9480
4210	9718
4211	5444
4212	6934
4213	3093
4213	6934
4215	856
4215	6601
4216	8745
4217	8671
4218	5063
4218	6573
4219	5444
4221	5059
4221	5402
4221	5668
4221	6573
4221	8714
4222	6934
4223	6934
4225	6965
4226	5444
4226	6573
4228	6934
4229	6934
4230	6589
4230	7320
4231	5601
4231	6202
4232	835
4232	6573
4233	5444
4234	5139
4236	2352
4238	4280
4238	4563
4238	7561
4238	8443
4238	8930
4239	7732
4240	6554
4241	5139
4243	6245
4244	5139
4245	4667
4245	4783
4245	5371
4245	5933
4245	6243
4245	6265
4245	8801
4246	5761
4247	5139
4248	3626
4248	4204
4248	5444
4249	4542
4249	5249
4249	6505
4249	6680
4251	5139
4252	5063
4252	5139
4252	9012
4253	3260
4254	5139
4254	7744
4255	4924
4255	6217
4255	7126
4256	1235
4256	6606
4256	6669
4256	7177
4257	4204
4257	6146
4258	8739
4259	5392
4261	5139
4262	5139
4262	7204
4262	8076
4263	5139
4264	5063
4266	4724
4266	5444
4267	5139
4268	8114
4271	1374
4271	6496
4271	8358
4272	5489
4272	5491
4272	5649
4272	5891
4272	5892
4272	6585
4272	6890
4272	7575
4272	7579
4272	8601
4272	9132
4273	5444
4274	3884
4274	8320
4276	4812
4277	4418
4277	5356
4278	89
4278	3276
4278	5528
4278	6682
4278	6754
4278	6957
4278	8954
4278	9040
4279	4698
4279	5928
4279	6271
4280	4295
4280	4351
4280	4592
4280	4604
4280	5133
4280	6061
4280	6062
4280	6068
4280	6388
4280	6419
4280	6443
4280	7536
4280	8085
4280	8672
4280	8710
4281	4204
4281	5444
4283	7178
4284	5063
4284	5527
4284	8685
4285	1898
4285	6953
4286	6282
4287	6266
4287	6466
4289	8307
4290	6501
4293	5139
4294	4204
4294	5444
4295	15
4295	279
4295	3739
4295	4351
4295	4475
4295	4567
4295	4581
4295	4592
4295	4627
4295	4661
4295	5389
4295	5684
4295	5764
4295	6057
4295	6068
4295	6069
4295	6102
4295	6443
4295	6589
4295	7536
4295	7918
4295	8085
4295	8672
4295	8710
4295	8907
4295	8940
4296	6572
4297	5063
4298	5187
4299	5139
4300	6573
4301	4469
4301	5124
4302	5139
4303	6097
4304	8685
4305	8608
4306	5787
4307	5787
4308	4309
4308	5895
4308	5964
4308	7521
4308	8685
4309	4687
4311	5556
4313	1738
4313	1867
4313	1878
4313	1880
4313	1881
4313	1886
4313	1887
4313	1888
4313	1980
4313	4137
4313	5489
4313	5649
4313	5891
4313	5892
4313	6585
4313	6890
4313	7575
4313	7579
4314	5139
4315	5139
4316	4204
4316	5444
4317	4204
4317	5444
4318	4413
4319	9392
4321	5444
4322	5112
4323	4486
4323	4604
4323	4622
4323	4633
4323	4638
4323	4707
4323	5122
4323	5133
4323	5156
4323	5224
4323	5308
4323	5498
4323	5527
4323	5528
4323	5567
4323	5873
4323	5910
4323	5949
4323	6203
4323	6222
4323	6245
4323	6254
4323	6271
4323	6366
4323	6417
4323	6450
4323	6529
4323	6532
4323	6539
4323	6548
4323	6628
4323	6821
4323	6896
4323	6903
4323	7062
4323	7070
4323	7095
4323	7124
4323	7151
4323	7168
4323	7205
4323	7339
4323	7646
4323	7714
4323	7722
4323	7974
4323	7991
4323	8216
4323	9055
4323	9080
4323	9190
4323	9263
4323	9265
4323	9266
4323	9269
4323	9361
4323	9612
4324	4531
4325	7987
4326	377
4326	5392
4326	6045
4326	6496
4326	6925
4326	7697
4329	2884
4330	8655
4330	9071
4333	5139
4335	4204
4335	5444
4336	4363
4336	5655
4336	7553
4336	8897
4336	9071
4337	834
4339	7347
4340	5844
4340	6369
4340	6767
4341	7955
4342	7559
4343	6925
4344	5139
4345	3974
4346	5063
4346	5139
4347	6467
4347	8539
4349	4693
4349	5928
4349	6417
4349	8881
4350	2360
4351	4569
4351	4592
4351	5139
4351	5146
4351	5224
4351	5759
4351	6068
4351	6238
4351	6383
4351	6443
4351	6819
4351	7238
4351	7536
4351	7823
4351	8013
4351	8085
4351	8710
4351	8759
4351	8930
4351	9329
4351	9637
4352	835
4352	4204
4352	5139
4352	5444
4352	5759
4353	5139
4354	4356
4355	4356
4357	5280
4361	4576
4363	9475
4364	5063
4366	6268
4366	8947
4367	5139
4369	5444
4370	4204
4370	5444
4370	6674
4371	8843
4373	5139
4374	5489
4374	5649
4374	5891
4374	5892
4374	6585
4374	6890
4374	7575
4374	7579
4375	4204
4375	5444
4376	834
4376	4835
4376	6562
4376	6572
4376	8203
4376	8747
4380	7438
4381	4721
4381	4830
4381	5167
4381	8779
4382	2602
4382	3671
4382	6059
4382	6080
4382	6925
4382	7067
4382	7750
4382	8219
4382	9341
4383	5444
4383	6573
4385	536
4385	1194
4385	6957
4386	834
4387	7227
4388	1330
4388	5059
4388	6734
4388	8463
4389	6244
4389	6819
4390	5063
4390	5139
4392	1605
4393	5444
4394	4828
4394	8812
4395	5063
4395	6573
4396	5139
4396	7179
4396	7623
4396	7624
4396	7625
4396	8942
4399	4645
4400	7649
4401	4711
4401	4955
4401	5133
4401	6087
4401	6271
4401	6388
4401	7078
4401	7328
4401	8881
4401	9205
4401	9726
4403	5444
4404	135
4405	1898
4405	4204
4405	5058
4405	5195
4405	5444
4405	6739
4405	6996
4406	8685
4408	4561
4408	4583
4408	4611
4408	5432
4408	7730
4408	8908
4409	5139
4410	6584
4411	5063
4412	5396
4412	8790
4413	5137
4413	5177
4413	5663
4413	6562
4413	7513
4413	7625
4413	8098
4413	8436
4413	8467
4413	8620
4413	9309
4415	8649
4416	834
4416	8685
4416	8702
4418	3062
4418	3407
4418	5139
4418	5815
4418	5892
4418	6720
4418	8041
4418	8159
4418	8893
4418	9026
4418	9475
4418	9578
4418	9633
4419	6601
4420	5139
4421	7882
4425	7404
4426	834
4426	8685
4427	5139
4428	832
4428	2946
4429	5656
4431	3583
4432	4204
4432	5444
4433	8685
4434	8747
4435	6601
4437	4204
4437	5444
4438	8685
4439	5489
4439	5649
4439	5891
4439	5892
4439	6585
4439	6890
4439	7575
4439	7579
4439	7766
4440	4204
4440	5444
4441	5003
4441	6563
4441	6723
4441	7069
4441	9084
4442	8369
4443	5139
4444	5139
4447	3241
4449	4733
4449	6742
4450	5059
4451	5444
4452	5444
4454	5444
4455	835
4455	6573
4456	5063
4457	6097
4457	6573
4459	6573
4460	4932
4461	5139
4462	5063
4463	4979
4463	9512
4464	5063
4464	6009
4465	4804
4465	4953
4465	5444
4465	5681
4465	8411
4466	4204
4466	5444
4468	5154
4468	6244
4468	6819
4468	7004
4468	7536
4470	3777
4471	8105
4472	5444
4473	5139
4475	6062
4475	6582
4476	5444
4477	5139
4478	5961
4479	1769
4479	2985
4479	5139
4479	6147
4480	4567
4480	4988
4480	6433
4480	6443
4480	8854
4480	9055
4481	4204
4481	5444
4483	6312
4485	4669
4485	4802
4485	5124
4485	5217
4485	5523
4485	8756
4485	8825
4485	9530
4486	4604
4486	4707
4486	5220
4486	5291
4486	6366
4486	6473
4486	6818
4486	6844
4486	7991
4486	8807
4486	9637
4487	6564
4489	6116
4489	8098
4489	8747
4491	4204
4491	5444
4492	2796
4493	834
4493	5663
4493	8685
4494	5139
4496	5444
4497	6968
4498	6753
4499	5139
4500	5063
4502	6068
4502	7663
4504	5222
4507	5444
4508	5063
4509	4204
4509	8801
4510	5139
4511	5139
4512	8703
4513	7559
4514	6564
4515	3626
4515	4204
4515	5444
4516	4703
4517	5444
4519	6573
4520	3562
4520	4204
4520	4663
4520	5119
4520	5139
4520	5444
4520	7902
4520	8992
4522	5139
4523	2666
4523	5139
4523	8685
4523	9071
4524	5139
4525	6573
4525	9382
4528	5545
4528	6001
4528	6300
4529	2385
4529	4204
4530	5063
4532	6443
4532	9297
4534	4204
4534	5444
4535	4204
4535	5139
4536	5592
4537	8685
4538	7179
4538	7623
4538	7624
4538	7625
4538	8942
4539	3566
4539	4204
4539	5444
4539	6321
4541	6257
4541	9025
4542	6157
4542	6667
4542	8685
4542	8917
4545	5489
4545	5649
4545	5891
4545	5892
4545	6585
4545	6890
4545	7575
4545	7579
4546	198
4546	4674
4546	4726
4546	4978
4546	5294
4546	6063
4548	7808
4549	8790
4551	8697
4553	9192
4554	6965
4555	1702
4555	3563
4558	5024
4559	3656
4559	5024
4559	7161
4560	4570
4560	5192
4560	5364
4560	5977
4560	6797
4560	7763
4561	4855
4561	5878
4561	5934
4561	6376
4561	6609
4561	6616
4561	6618
4561	6732
4561	6903
4561	7378
4561	7786
4561	7854
4561	8236
4561	9334
4562	582
4562	797
4562	2829
4562	3846
4562	4204
4562	4563
4562	5024
4562	5444
4562	5759
4562	6063
4562	7761
4562	8067
4562	8895
4562	8919
4562	9168
4562	9276
4563	4988
4563	6057
4563	6458
4563	8443
4564	5063
4564	5139
4565	198
4565	846
4565	1136
4565	1605
4565	2419
4565	2621
4565	2730
4565	2829
4565	4187
4565	4189
4565	4568
4565	4674
4565	4726
4565	4734
4565	4808
4565	4978
4565	5294
4565	5299
4565	5392
4565	5786
4565	5931
4565	6058
4565	6063
4565	6304
4565	6479
4565	6567
4565	6799
4565	6873
4565	7327
4565	7379
4565	7996
4565	8122
4565	8175
4565	8788
4565	8827
4565	9297
4566	5444
4566	6057
4566	6341
4566	6439
4567	3062
4567	4569
4567	5063
4567	6061
4567	6234
4567	6443
4567	6458
4567	6582
4567	7179
4567	7563
4567	7585
4567	7623
4567	7624
4567	7625
4567	8202
4567	8942
4568	198
4568	846
4568	1136
4568	1972
4568	2419
4568	2621
4568	2730
4568	2829
4568	3483
4568	3824
4568	4187
4568	4189
4568	4674
4568	4726
4568	4734
4568	4808
4568	5031
4568	5294
4568	5299
4568	5392
4568	5444
4568	5786
4568	5931
4568	6058
4568	6063
4568	6304
4568	6567
4568	6799
4568	6873
4568	7179
4568	7327
4568	7623
4568	7624
4568	7625
4568	7996
4568	8122
4568	8175
4568	8788
4568	8827
4568	8942
4568	9168
4568	9297
4569	4592
4569	5139
4569	5389
4569	6064
4569	6283
4569	6341
4569	6439
4569	6625
4569	6880
4569	7705
4569	7919
4569	8443
4569	8710
4569	8854
4570	5298
4570	5300
4570	5759
4570	6084
4571	7094
4576	4627
4576	5416
4576	6439
4576	6480
4576	8710
4576	9381
4577	4592
4577	6060
4577	6443
4577	7158
4577	8085
4578	5139
4580	2146
4580	3660
4580	6275
4580	7179
4580	7623
4580	7624
4580	7625
4580	7637
4580	8942
4580	9341
4581	7563
4581	8672
4581	8940
4582	1501
4582	6921
4583	4855
4583	5444
4583	5556
4583	5878
4583	5934
4583	6376
4583	6609
4583	6616
4583	6618
4583	6732
4583	6903
4583	7378
4583	7786
4583	7854
4583	8236
4583	8685
4583	9334
4584	4204
4584	6433
4584	7918
4585	5051
4587	4840
4587	7179
4587	7623
4587	7624
4587	7625
4587	8942
4588	494
4588	1395
4588	2341
4588	2614
4588	3269
4588	5249
4589	644
4589	2829
4589	4596
4589	4600
4589	4619
4589	4661
4589	5024
4589	5063
4589	5139
4589	6059
4589	7132
4589	7157
4589	7416
4589	7802
4589	8280
4589	8611
4589	8685
4589	8895
4589	9036
4589	9149
4589	9150
4589	9276
4589	9313
4590	7179
4590	7623
4590	7624
4590	7625
4590	8942
4591	5489
4591	5649
4591	5891
4591	5892
4591	6585
4591	6890
4591	7575
4591	7579
4592	4627
4592	4651
4592	4684
4592	4992
4592	5024
4592	5215
4592	5316
4592	5417
4592	5684
4592	5759
4592	6059
4592	6062
4592	6068
4592	6102
4592	6211
4592	6238
4592	6244
4592	6253
4592	6260
4592	6331
4592	6443
4592	6505
4592	6720
4592	6722
4592	6732
4592	6852
4592	6880
4592	7079
4592	7179
4592	7414
4592	7536
4592	7999
4592	8013
4592	8085
4592	8611
4592	8854
4592	9065
4592	9084
4592	9296
4592	9389
4594	4600
4594	8685
4596	4831
4596	5139
4596	5759
4596	6068
4596	6625
4596	7918
4596	8685
4597	6925
4597	8790
4599	4204
4599	5444
4600	4204
4600	5063
4600	5139
4600	5444
4600	5759
4600	6491
4600	7749
4600	8685
4600	9149
4600	9150
4601	4627
4602	3746
4602	5139
4602	7033
4602	9118
4604	4623
4604	4638
4604	4707
4604	4737
4604	4779
4604	4905
4604	4916
4604	4918
4604	4922
4604	4928
4604	4929
4604	4939
4604	4946
4604	4947
4604	4952
4604	4957
4604	4961
4604	5122
4604	5133
4604	5175
4604	5219
4604	5220
4604	5224
4604	5226
4604	5228
4604	5928
4604	6203
4604	6309
4604	6417
4604	6528
4604	6532
4604	6564
4604	6735
4604	6806
4604	6821
4604	7041
4604	7116
4604	7168
4604	7179
4604	7306
4604	7339
4604	7529
4604	7623
4604	7624
4604	7625
4604	7821
4604	8422
4604	8432
4604	8436
4604	8881
4604	8942
4604	9075
4604	9080
4604	9263
4604	9269
4605	4887
4605	5759
4605	5954
4605	6059
4605	6116
4605	6439
4605	6595
4605	7179
4605	7623
4605	7624
4605	7625
4605	7919
4605	8085
4605	8324
4605	8942
4605	9319
4606	7179
4606	7623
4606	7624
4606	7625
4606	8942
4607	5063
4607	5444
4609	4902
4609	4956
4609	5941
4609	7161
4609	9076
4610	8790
4611	4855
4611	5878
4611	5934
4611	6376
4611	6609
4611	6616
4611	6618
4611	6732
4611	6903
4611	7378
4611	7786
4611	7854
4611	8236
4611	9334
4612	3827
4612	5444
4612	6943
4612	7999
4613	5139
4614	2103
4614	7978
4617	7700
4617	9676
4618	7179
4618	7623
4618	7624
4618	7625
4618	8942
4619	7653
4620	4995
4622	4900
4622	5169
4622	5528
4622	6366
4623	1658
4623	5928
4623	5975
4623	6366
4623	6896
4625	1416
4625	3270
4625	5249
4625	5444
4626	8685
4627	5405
4627	5954
4627	6062
4627	6102
4627	6443
4627	7958
4629	7240
4630	5063
4630	6860
4631	4707
4631	4711
4631	4928
4631	4946
4631	4953
4631	5133
4631	5369
4631	5377
4631	5444
4631	5468
4631	5567
4631	5873
4631	6222
4631	6271
4631	6307
4631	6465
4631	6539
4631	6628
4631	6639
4631	6806
4631	7078
4631	7124
4631	7646
4631	7887
4631	7998
4631	8313
4631	8320
4631	8802
4631	8807
4631	8825
4631	8881
4631	9266
4631	9336
4631	9612
4631	9637
4631	9726
4633	5928
4634	5063
4635	4204
4635	5444
4637	6388
4637	6969
4637	9420
4638	4907
4638	4922
4638	4946
4638	5063
4638	5133
4638	5220
4638	5291
4638	5928
4638	7759
4638	8881
4638	9190
4638	9205
4639	4816
4639	8257
4639	8339
4639	9683
4641	1956
4641	4708
4641	4811
4641	5184
4641	6038
4641	6081
4641	6238
4641	6264
4641	6755
4641	7004
4641	7279
4641	7679
4641	9006
4641	9081
4643	5489
4643	5649
4643	5891
4643	5892
4643	6585
4643	6890
4643	7575
4643	7579
4643	7844
4644	8097
4645	834
4645	5139
4646	5989
4646	7175
4648	6295
4648	6331
4648	7421
4648	8204
4648	9579
4649	989
4650	4711
4650	4955
4650	5133
4650	6254
4650	6271
4650	6366
4650	6388
4650	6539
4650	6540
4650	6628
4650	7078
4650	7683
4650	8802
4650	8881
4650	9265
4651	5224
4651	6443
4651	6582
4651	7536
4651	7561
4651	8085
4651	8672
4651	8930
4652	8252
4652	9351
4653	9071
4654	5759
4654	6341
4656	834
4656	8685
4657	5139
4658	6573
4659	6573
4659	8452
4661	4734
4661	5024
4661	5063
4661	5139
4661	5759
4661	6062
4661	6419
4661	6428
4661	8085
4661	8695
4661	8962
4661	9313
4662	469
4662	1133
4662	1778
4662	2705
4662	4664
4662	6722
4662	7768
4662	8716
4663	834
4663	5139
4663	6681
4663	6730
4664	3575
4664	4388
4664	4693
4664	5507
4664	6902
4664	9106
4665	4204
4665	4711
4665	5113
4665	5532
4665	5567
4665	6222
4665	6271
4665	7052
4665	7180
4665	7205
4665	7534
4665	7887
4665	9205
4665	9754
4667	5059
4667	5139
4667	5444
4667	6059
4667	6900
4667	8137
4667	8801
4667	8949
4668	5444
4669	5059
4669	5139
4669	6814
4670	6902
4674	198
4674	846
4674	1136
4674	1972
4674	2419
4674	2615
4674	2621
4674	2730
4674	2829
4674	3483
4674	3824
4674	4187
4674	4189
4674	4204
4674	4726
4674	4734
4674	4808
4674	4978
4674	5139
4674	5204
4674	5283
4674	5294
4674	5299
4674	5392
4674	5444
4674	5786
4674	5931
4674	6058
4674	6063
4674	6304
4674	6567
4674	6873
4674	7087
4674	7996
4674	8122
4674	8175
4674	8788
4674	8827
4674	9116
4674	9297
4675	8809
4676	5063
4678	5519
4679	1689
4679	5139
4679	5283
4679	5759
4679	6059
4679	6484
4679	8809
4681	5444
4682	5444
4683	4830
4684	4685
4684	4832
4684	4992
4684	5024
4684	5063
4684	5139
4684	5316
4684	5759
4684	5764
4684	6170
4684	6173
4684	6211
4684	6238
4684	6241
4684	6244
4684	6253
4684	6260
4684	6331
4684	6720
4684	6722
4684	6732
4684	6852
4684	6880
4684	7079
4684	7179
4684	7181
4684	7414
4684	7999
4684	8435
4684	8611
4684	8685
4684	9065
4684	9084
4684	9296
4684	9330
4684	9389
4685	5885
4685	6204
4685	6596
4685	6689
4685	6853
4685	8307
4685	8664
4685	8685
4685	9502
4686	5063
4687	5139
4687	5958
4688	5379
4688	8936
4689	7809
4690	759
4690	8440
4691	834
4693	4708
4693	4737
4693	4741
4693	4899
4693	4916
4693	4918
4693	4922
4693	4961
4693	4965
4693	5133
4693	5291
4693	5528
4693	5910
4693	6203
4693	6271
4693	6273
4693	6295
4693	6368
4693	6417
4693	6628
4693	6896
4693	7110
4693	7116
4693	7140
4693	7714
4693	7722
4693	7785
4693	7887
4693	7991
4693	8207
4693	8212
4693	8685
4693	8881
4693	9205
4693	9336
4693	9754
4694	6547
4694	7912
4694	8216
4694	9637
4697	5444
4697	6564
4698	4708
4698	4741
4698	4779
4698	4928
4698	4939
4698	4940
4698	5133
4698	5224
4698	5468
4698	5528
4698	5928
4698	6203
4698	6271
4698	6628
4698	6806
4698	7110
4698	7154
4698	7168
4698	8825
4698	8881
4699	8801
4700	1956
4700	5184
4700	6081
4700	6281
4700	9067
4701	8506
4701	8511
4702	8210
4703	6315
4703	6630
4703	8395
4705	5139
4705	6957
4705	7360
4705	8280
4705	8702
4707	4204
4707	4741
4707	4869
4707	4904
4707	4907
4707	4925
4707	4953
4707	4956
4707	5122
4707	5133
4707	5175
4707	5219
4707	5220
4707	5224
4707	5228
4707	5369
4707	5444
4707	5567
4707	5873
4707	6214
4707	6222
4707	6238
4707	6245
4707	6254
4707	6274
4707	6309
4707	6366
4707	6388
4707	6417
4707	6539
4707	6548
4707	6628
4707	6639
4707	6806
4707	6896
4707	7041
4707	7070
4707	7095
4707	7110
4707	7113
4707	7116
4707	7168
4707	7306
4707	7328
4707	7339
4707	7529
4707	7683
4707	7714
4707	7887
4707	8436
4707	8716
4707	8825
4707	8881
4707	8887
4707	9075
4707	9263
4707	9637
4707	9738
4708	4741
4708	4779
4708	4912
4708	4914
4708	4916
4708	4922
4708	4925
4708	4931
4708	4955
4708	5133
4708	5528
4708	6244
4708	6271
4708	6542
4708	6547
4708	6821
4708	6896
4708	7091
4708	7140
4708	7999
4708	8207
4709	7847
4710	6700
4710	6797
4710	8648
4710	9271
4710	9495
4711	4869
4711	4904
4711	4928
4711	4931
4711	4935
4711	4946
4711	4947
4711	5126
4711	5133
4711	5139
4711	5224
4711	5273
4711	5376
4711	5377
4711	5468
4711	5532
4711	5567
4711	5910
4711	5914
4711	5928
4711	6212
4711	6222
4711	6254
4711	6271
4711	6307
4711	6309
4711	6529
4711	6539
4711	6639
4711	6828
4711	7024
4711	7041
4711	7052
4711	7078
4711	7113
4711	7205
4711	7314
4711	7444
4711	7529
4711	7683
4711	7771
4711	7809
4711	7821
4711	7887
4711	8313
4711	8361
4711	8432
4711	8436
4711	8802
4711	8807
4711	8825
4711	8881
4711	9205
4711	9263
4711	9266
4711	9269
4711	9637
4711	9649
4711	9726
4711	9754
4712	5063
4714	4958
4714	5737
4714	6799
4714	7978
4715	5139
4715	5743
4715	8600
4716	6957
4716	7011
4718	4900
4718	5224
4718	8881
4718	9483
4719	1042
4720	6564
4722	8790
4723	8060
4723	9153
4724	5157
4724	8178
4724	8300
4724	8685
4724	8898
4724	9633
4725	6137
4726	198
4726	846
4726	1136
4726	2419
4726	2621
4726	2730
4726	2829
4726	4187
4726	4189
4726	4799
4726	4808
4726	4978
4726	5031
4726	5139
4726	5283
4726	5294
4726	5299
4726	5392
4726	5786
4726	5931
4726	6058
4726	6063
4726	6304
4726	6567
4726	6799
4726	6836
4726	6873
4726	7087
4726	7327
4726	7426
4726	7996
4726	8122
4726	8175
4726	8788
4726	8827
4726	8829
4726	9020
4726	9116
4726	9297
4730	5063
4732	5139
4733	6197
4734	747
4734	749
4734	5024
4734	6426
4734	6739
4734	7180
4734	7750
4734	7946
4734	7955
4734	8976
4734	9071
4734	9168
4734	9420
4735	4737
4737	4204
4737	4931
4737	4946
4737	5133
4737	5219
4737	5220
4737	5291
4737	5444
4737	5567
4737	5780
4737	5873
4737	6203
4737	6245
4737	6254
4737	6271
4737	6388
4737	6417
4737	6539
4737	6628
4737	7041
4737	7062
4737	7074
4737	7078
4737	7091
4737	7103
4737	7110
4737	7123
4737	7314
4737	7529
4737	7821
4737	8207
4737	8216
4737	8820
4737	8881
4737	9080
4737	9190
4737	9205
4737	9265
4737	9485
4737	9726
4737	9754
4738	6938
4739	5444
4739	8224
4740	4204
4740	5444
4741	5113
4741	5386
4741	5528
4741	6271
4741	6532
4741	6735
4741	6821
4741	7154
4741	9205
4741	9754
4743	6470
4746	5133
4746	5468
4746	6271
4746	6388
4746	7078
4746	7123
4746	8881
4746	9205
4746	9726
4747	6564
4748	3626
4748	4204
4748	5444
4749	5328
4749	6925
4750	834
4750	7379
4750	8367
4751	6610
4751	8055
4754	3626
4754	4204
4754	5444
4756	6115
4756	6477
4757	4768
4757	5139
4758	7955
4759	3626
4759	4204
4759	5444
4762	5489
4762	5649
4762	5891
4762	5892
4762	6585
4762	6890
4762	7575
4762	7579
4764	6190
4764	6369
4764	6422
4764	8272
4764	8369
4764	8705
4765	5059
4766	6575
4767	5139
4769	3439
4769	9608
4770	2623
4770	5139
4771	5444
4772	9540
4773	7246
4774	5444
4774	8829
4775	5444
4776	8529
4778	8235
4779	4998
4779	5291
4779	5528
4779	5578
4779	5928
4779	6271
4779	6735
4779	6821
4779	6896
4779	8820
4779	8881
4779	9323
4779	9361
4779	9726
4781	4204
4781	5444
4783	8652
4784	6193
4784	9665
4785	1956
4785	6081
4789	3626
4789	4204
4789	5444
4790	8002
4791	4843
4793	5139
4796	3626
4796	4204
4796	5444
4797	5139
4798	2495
4799	5059
4799	9686
4800	5444
4800	5848
4800	6443
4800	9754
4801	5121
4804	5435
4807	1385
4807	4204
4807	5444
4808	5039
4808	5063
4808	5139
4808	5759
4808	7997
4808	8435
4808	8672
4808	8685
4808	8827
4809	5139
4810	5444
4811	6755
4812	5473
4812	6465
4812	7430
4812	7431
4812	9358
4812	9550
4812	9568
4812	9576
4814	7559
4818	3583
4818	8005
4819	6740
4819	8506
4819	9022
4821	8685
4822	5444
4825	4829
4825	5416
4825	6118
4825	6443
4826	834
4827	5432
4827	9014
4828	5844
4828	7128
4828	8055
4828	8218
4829	6467
4830	5005
4830	6564
4830	9075
4830	9691
4831	6064
4831	6439
4831	7563
4831	8930
4832	8435
4833	4204
4833	6414
4833	8218
4834	5728
4835	8685
4836	5139
4838	4204
4838	5444
4839	5444
4840	5139
4840	5743
4840	8802
4841	373
4841	582
4841	1243
4841	5173
4841	8679
4842	4204
4842	5444
4844	834
4844	4971
4845	5139
4847	4204
4847	5444
4849	5701
4852	5139
4852	5659
4853	5139
4855	7730
4855	8908
4856	6573
4856	9411
4857	5063
4858	5489
4858	5649
4858	5891
4858	5892
4858	6585
4858	6890
4858	7575
4858	7579
4859	5139
4860	5063
4860	5139
4860	6540
4862	5139
4863	5444
4864	8222
4866	5444
4866	7319
4867	5139
4867	8829
4868	5444
4869	4204
4869	5444
4869	5716
4869	6539
4869	7683
4869	8881
4869	9336
4870	5063
4870	5064
4871	5139
4871	8588
4872	5063
4872	5357
4873	5444
4875	5139
4875	5444
4878	1304
4879	9071
4883	4249
4883	7032
4883	8019
4883	8023
4884	5063
4885	5429
4886	5055
4886	6564
4886	6967
4887	2791
4887	5139
4887	5759
4887	6721
4887	6722
4887	8324
4887	8435
4887	9319
4887	9395
4888	5139
4889	3827
4889	8280
4890	8379
4891	7232
4891	8467
4895	4347
4895	6142
4895	9139
4895	9451
4897	9049
4899	5133
4899	5528
4899	6203
4899	6542
4900	4998
4900	6203
4900	6532
4900	6539
4900	6821
4900	7092
4900	7180
4901	8700
4901	8832
4901	9269
4902	461
4902	834
4902	3276
4902	4998
4902	5169
4902	6419
4902	6443
4902	6542
4902	7328
4902	8995
4902	9688
4903	8364
4904	5567
4904	8825
4904	8881
4905	5133
4905	6532
4905	8427
4905	9190
4907	2467
4907	4916
4907	5532
4907	5928
4907	6222
4907	6417
4907	7015
4907	8273
4907	8709
4908	5528
4909	9103
4910	5756
4911	9267
4912	5024
4912	5169
4912	5291
4912	5528
4912	6271
4912	6368
4912	6417
4912	6532
4912	6542
4912	6628
4912	6821
4912	7074
4912	7076
4912	7092
4912	7096
4912	7110
4912	7534
4913	4204
4913	5444
4914	6417
4914	8881
4915	5133
4915	5347
4915	6271
4915	6896
4915	7110
4915	8201
4915	8216
4916	3004
4916	5133
4916	5176
4916	5346
4916	5375
4916	5444
4916	5537
4916	5864
4916	6353
4916	6532
4916	6542
4916	7379
4916	8216
4916	8280
4917	4204
4917	5444
4918	5133
4918	5291
4918	5567
4918	5780
4918	5928
4918	5975
4918	6417
4918	6517
4918	6532
4918	6539
4918	6896
4918	7041
4918	7113
4918	7154
4918	7168
4918	7824
4918	7887
4918	8825
4918	8881
4918	8887
4919	4963
4919	6271
4919	6542
4919	6547
4919	6821
4919	9726
4921	5528
4921	6203
4921	6821
4922	5133
4922	5528
4922	6542
4922	6821
4922	6896
4922	8422
4923	4924
4923	5133
4923	5291
4923	5362
4923	5975
4923	6264
4923	6271
4923	6896
4923	7303
4925	2602
4925	5133
4925	5139
4925	5346
4925	5444
4925	5528
4925	6271
4925	6528
4925	6896
4925	8422
4926	4941
4926	6797
4927	5139
4928	3563
4928	5133
4928	5291
4928	5928
4928	5975
4928	6238
4928	6271
4928	6539
4928	6806
4928	6896
4928	7110
4928	7887
4928	8095
4928	8881
4928	9190
4928	9346
4928	9754
4929	6203
4929	7052
4929	7078
4929	8825
4930	5139
4931	5133
4931	6539
4931	7078
4931	8216
4931	8881
4931	9726
4932	834
4932	5229
4932	6902
4933	5698
4934	4204
4934	5444
4934	8544
4935	5133
4935	6539
4935	8881
4935	8907
4935	9726
4936	7004
4937	5063
4939	5133
4939	5139
4939	5291
4939	6896
4939	7180
4939	7732
4939	9323
4940	5133
4940	5528
4940	6821
4940	7887
4941	6468
4943	1017
4943	2140
4943	9155
4944	5567
4944	8427
4945	6289
4945	6556
4945	8976
4946	6222
4946	6366
4946	6532
4946	6539
4946	6896
4946	7887
4946	8881
4946	8887
4946	9190
4947	5133
4947	5291
4947	5468
4949	5994
4949	6208
4951	9055
4952	5133
4952	6896
4952	8881
4952	9205
4953	3846
4953	5975
4953	6806
4953	7081
4953	8881
4953	9190
4954	5546
4955	5133
4955	5308
4955	5532
4955	6203
4955	6222
4955	6271
4955	6388
4955	6628
4955	6821
4955	7052
4955	7078
4955	7110
4955	7116
4955	7205
4955	7809
4955	7887
4955	8802
4955	8881
4955	9726
4955	9754
4956	5139
4956	5291
4956	5928
4956	6223
4957	5139
4957	8881
4958	7593
4961	5291
4961	5528
4961	5975
4961	6223
4961	6528
4961	6896
4961	7078
4961	7430
4961	8207
4961	8702
4962	8225
4963	5103
4963	5291
4963	6203
4963	6209
4963	6896
4963	8207
4963	8273
4963	9190
4964	4941
4964	8201
4964	8443
4966	8826
4970	5139
4973	5139
4973	5346
4973	5659
4973	6073
4973	6237
4973	7073
4973	8679
4973	9323
4974	5139
4974	6443
4976	5139
4977	5139
4979	5444
4979	8280
4979	9024
4979	9335
4980	5063
4981	4204
4981	5444
4983	6059
4984	5059
4984	8790
4985	5444
4986	6549
4987	8072
4988	6432
4988	6439
4988	7155
4988	8672
4988	8710
4988	8865
4990	8829
4992	5024
4992	5316
4992	5759
4992	5764
4992	6211
4992	6238
4992	6241
4992	6244
4992	6253
4992	6260
4992	6331
4992	6720
4992	6722
4992	6732
4992	6852
4992	6880
4992	7079
4992	7179
4992	7414
4992	7999
4992	8611
4992	9065
4992	9084
4992	9296
4992	9330
4992	9389
4993	1062
4993	6128
4994	6129
4995	728
4995	3328
4995	5139
4995	9207
4996	4204
4996	5444
4996	7426
4997	5139
4998	5444
4998	7154
4998	7179
4998	7974
4998	8422
4998	8685
4998	8802
4998	9281
4999	8685
5001	5139
5002	6564
5003	1345
5003	1923
5003	2173
5003	6563
5003	6730
5003	6846
5003	7061
5003	7069
5003	8679
5003	9679
5005	6271
5005	8995
5005	9370
5006	5139
5006	8829
5006	9174
5007	4907
5007	8321
5007	8463
5008	3417
5008	4550
5008	5139
5009	5133
5009	8881
5011	6223
5012	7037
5017	7045
5020	5115
5023	7732
5024	5063
5024	5133
5024	5316
5024	5444
5024	5759
5024	5764
5024	5891
5024	6059
5024	6211
5024	6238
5024	6241
5024	6244
5024	6253
5024	6260
5024	6271
5024	6331
5024	6443
5024	6573
5024	6720
5024	6722
5024	6732
5024	6852
5024	6880
5024	7079
5024	7161
5024	7179
5024	7414
5024	7750
5024	7999
5024	8611
5024	8672
5024	8962
5024	9016
5024	9065
5024	9084
5024	9168
5024	9296
5024	9330
5024	9370
5024	9389
5025	5133
5025	5473
5025	7074
5025	8881
5026	5139
5027	4204
5027	5444
5028	1021
5028	1147
5028	1228
5028	1229
5028	1244
5028	1338
5028	1343
5028	1364
5028	1595
5028	1632
5028	1635
5028	1636
5028	1658
5028	1790
5028	1959
5028	2116
5028	2385
5028	2393
5028	2443
5028	2545
5028	2609
5028	2611
5028	2613
5028	2712
5028	2746
5028	2785
5028	2829
5028	3053
5028	3160
5028	3177
5028	3206
5028	3329
5028	3341
5028	3436
5028	3691
5028	3701
5028	3873
5028	3875
5028	4102
5028	4631
5028	4711
5028	4928
5028	4955
5028	5009
5028	5126
5028	5133
5028	5175
5028	5369
5028	5532
5028	5578
5028	5716
5028	5780
5028	5873
5028	5949
5028	6222
5028	6238
5028	6271
5028	6307
5028	6465
5028	6628
5028	7024
5028	7041
5028	7052
5028	7078
5028	7100
5028	7113
5028	7117
5028	7123
5028	7124
5028	7328
5028	7444
5028	7529
5028	7646
5028	7683
5028	7821
5028	7887
5028	8115
5028	8253
5028	8313
5028	8802
5028	8807
5028	8825
5028	8881
5028	8887
5028	8907
5028	9205
5028	9230
5028	9266
5028	9485
5028	9649
5028	9726
5029	2456
5029	3276
5029	6223
5029	8225
5029	8487
5031	489
5031	846
5031	2829
5031	3824
5031	4734
5031	4808
5031	4978
5031	5294
5031	5299
5031	6058
5031	6304
5031	6567
5031	7087
5031	7327
5031	7996
5031	8788
5031	8827
5031	9116
5031	9297
5032	5470
5033	834
5033	8685
5036	9447
5038	4204
5038	5444
5038	6446
5039	6730
5039	8137
5039	8685
5040	4204
5040	5444
5041	6157
5042	8685
5043	7999
5044	17
5044	27
5044	34
5044	38
5044	45
5044	48
5044	59
5044	65
5044	69
5044	92
5044	132
5044	160
5044	197
5044	211
5044	231
5044	255
5044	268
5044	272
5044	274
5044	275
5044	297
5044	392
5044	393
5044	395
5044	403
5044	439
5044	441
5044	501
5044	506
5044	510
5044	530
5044	576
5044	585
5044	588
5044	604
5044	663
5044	671
5044	694
5044	695
5044	708
5044	725
5044	727
5044	738
5044	758
5044	769
5044	799
5044	823
5044	824
5044	829
5044	832
5044	841
5044	852
5044	872
5044	874
5044	876
5044	878
5044	920
5044	924
5044	970
5044	984
5044	1036
5044	1037
5044	1049
5044	1073
5044	1113
5044	1148
5044	1160
5044	1162
5044	1169
5044	1200
5044	1236
5044	1239
5044	1243
5044	1284
5044	1301
5044	1317
5044	1318
5044	1339
5044	1360
5044	1367
5044	1391
5044	1402
5044	1403
5044	1419
5044	1424
5044	1452
5044	1455
5044	1480
5044	1598
5044	1636
5044	1637
5044	1639
5044	1641
5044	1682
5044	1688
5044	1706
5044	1715
5044	1733
5044	1764
5044	1790
5044	1820
5044	1889
5044	1903
5044	1908
5044	1916
5044	1935
5044	1966
5044	1971
5044	1972
5044	1989
5044	2005
5044	2033
5044	2040
5044	2070
5044	2078
5044	2079
5044	2108
5044	2146
5044	2148
5044	2222
5044	2247
5044	2248
5044	2278
5044	2291
5044	2300
5044	2311
5044	2318
5044	2324
5044	2329
5044	2360
5044	2373
5044	2376
5044	2377
5044	2386
5044	2388
5044	2394
5044	2399
5044	2408
5044	2419
5044	2427
5044	2494
5044	2514
5044	2541
5044	2547
5044	2548
5044	2561
5044	2579
5044	2584
5044	2590
5044	2669
5044	2702
5044	2739
5044	2748
5044	2786
5044	2792
5044	2794
5044	2815
5044	2838
5044	2868
5044	2888
5044	2906
5044	2912
5044	2924
5044	2938
5044	2944
5044	2945
5044	2949
5044	2951
5044	2980
5044	3027
5044	3033
5044	3038
5044	3047
5044	3088
5044	3109
5044	3112
5044	3123
5044	3128
5044	3142
5044	3188
5044	3193
5044	3194
5044	3197
5044	3204
5044	3206
5044	3211
5044	3262
5044	3280
5044	3302
5044	3336
5044	3342
5044	3371
5044	3408
5044	3581
5044	3589
5044	3591
5044	3655
5044	3662
5044	3672
5044	3684
5044	3685
5044	3691
5044	3706
5044	3715
5044	3743
5044	3757
5044	3807
5044	3814
5044	3820
5044	3851
5044	3865
5044	3907
5044	3923
5044	4004
5044	4044
5044	4056
5044	4082
5044	4093
5044	4109
5044	4113
5044	4116
5044	4150
5044	4159
5044	4177
5044	4269
5044	4282
5044	4328
5044	4344
5044	4351
5044	4389
5044	4402
5044	4430
5044	4445
5044	4481
5044	4503
5044	4504
5044	4505
5044	4565
5044	4580
5044	4602
5044	4605
5044	4618
5044	4647
5044	4666
5044	4667
5044	4680
5044	4698
5044	4742
5044	4760
5044	4877
5044	4912
5044	4974
5044	5015
5044	5035
5044	5051
5044	5054
5044	5067
5044	5069
5044	5101
5044	5114
5044	5139
5044	5149
5044	5177
5044	5179
5044	5205
5044	5221
5044	5236
5044	5268
5044	5297
5044	5306
5044	5329
5044	5338
5044	5356
5044	5378
5044	5403
5044	5417
5044	5457
5044	5468
5044	5469
5044	5475
5044	5493
5044	5509
5044	5528
5044	5561
5044	5683
5044	5701
5044	5714
5044	5717
5044	5751
5044	5758
5044	5797
5044	5848
5044	5851
5044	5879
5044	5887
5044	5951
5044	5953
5044	5987
5044	6009
5044	6043
5044	6073
5044	6087
5044	6090
5044	6147
5044	6159
5044	6164
5044	6237
5044	6248
5044	6253
5044	6272
5044	6280
5044	6293
5044	6297
5044	6319
5044	6324
5044	6328
5044	6347
5044	6352
5044	6362
5044	6376
5044	6378
5044	6408
5044	6428
5044	6449
5044	6469
5044	6497
5044	6498
5044	6500
5044	6508
5044	6536
5044	6593
5044	6599
5044	6612
5044	6618
5044	6641
5044	6658
5044	6668
5044	6716
5044	6722
5044	6728
5044	6732
5044	6749
5044	6750
5044	6816
5044	6830
5044	6844
5044	6849
5044	6869
5044	6899
5044	6908
5044	6950
5044	6970
5044	6973
5044	6974
5044	7034
5044	7049
5044	7096
5044	7103
5044	7126
5044	7132
5044	7150
5044	7193
5044	7234
5044	7243
5044	7247
5044	7280
5044	7294
5044	7308
5044	7396
5044	7425
5044	7428
5044	7472
5044	7474
5044	7476
5044	7499
5044	7535
5044	7593
5044	7627
5044	7654
5044	7697
5044	7746
5044	7758
5044	7774
5044	7784
5044	7793
5044	7794
5044	7820
5044	7824
5044	7832
5044	7846
5044	7860
5044	7865
5044	7867
5044	7912
5044	7920
5044	7941
5044	7945
5044	7957
5044	7959
5044	7968
5044	7974
5044	7978
5044	7989
5044	7995
5044	8014
5044	8015
5044	8027
5044	8056
5044	8061
5044	8067
5044	8069
5044	8101
5044	8104
5044	8110
5044	8119
5044	8125
5044	8145
5044	8149
5044	8155
5044	8160
5044	8192
5044	8206
5044	8240
5044	8260
5044	8261
5044	8264
5044	8275
5044	8276
5044	8284
5044	8311
5044	8354
5044	8361
5044	8404
5044	8420
5044	8422
5044	8442
5044	8480
5044	8481
5044	8503
5044	8506
5044	8516
5044	8539
5044	8550
5044	8580
5044	8581
5044	8587
5044	8642
5044	8654
5044	8662
5044	8668
5044	8679
5044	8683
5044	8724
5044	8725
5044	8734
5044	8750
5044	8756
5044	8783
5044	8791
5044	8803
5044	8834
5044	8847
5044	8867
5044	8868
5044	8871
5044	8888
5044	8907
5044	8916
5044	8924
5044	8925
5044	8932
5044	8933
5044	8937
5044	8951
5044	8953
5044	8959
5044	9015
5044	9035
5044	9049
5044	9078
5044	9084
5044	9087
5044	9140
5044	9190
5044	9222
5044	9223
5044	9224
5044	9249
5044	9256
5044	9259
5044	9273
5044	9293
5044	9295
5044	9297
5044	9339
5044	9343
5044	9358
5044	9362
5044	9388
5044	9397
5044	9419
5044	9445
5044	9492
5044	9501
5044	9504
5044	9510
5044	9518
5044	9523
5044	9574
5044	9606
5044	9612
5044	9629
5044	9647
5044	9669
5044	9682
5044	9689
5044	9702
5044	9745
5045	835
5045	5063
5045	6573
5046	5139
5046	6295
5049	4204
5049	5444
5049	5916
5050	5139
5050	5444
5051	7218
5051	8128
5051	8725
5053	7128
5054	5139
5055	6686
5056	582
5056	2034
5056	4623
5056	6984
5056	7370
5056	7508
5056	7732
5056	7799
5056	9071
5058	5139
5059	5139
5059	5444
5059	5488
5059	5745
5059	5750
5059	5765
5059	6779
5059	6908
5059	8103
5059	8462
5059	8674
5059	8965
5059	9132
5060	5063
5061	5444
5063	212
5063	678
5063	834
5063	1272
5063	2553
5063	3308
5063	3965
5063	4397
5063	4572
5063	4575
5063	5116
5063	5133
5063	5139
5063	5167
5063	5191
5063	5225
5063	5298
5063	5307
5063	5345
5063	5346
5063	5415
5063	5434
5063	5490
5063	5558
5063	5587
5063	5599
5063	5621
5063	5630
5063	5632
5063	5633
5063	5650
5063	5662
5063	5676
5063	5693
5063	5728
5063	5759
5063	5838
5063	5850
5063	5902
5063	5921
5063	5997
5063	6009
5063	6016
5063	6047
5063	6059
5063	6068
5063	6069
5063	6077
5063	6083
5063	6089
5063	6139
5063	6228
5063	6279
5063	6283
5063	6375
5063	6379
5063	6418
5063	6421
5063	6433
5063	6443
5063	6452
5063	6453
5063	6455
5063	6475
5063	6489
5063	6515
5063	6550
5063	6573
5063	6586
5063	6588
5063	6596
5063	6608
5063	6699
5063	6707
5063	6721
5063	6722
5063	6725
5063	6726
5063	6758
5063	6760
5063	6767
5063	6768
5063	6799
5063	6800
5063	6806
5063	6831
5063	6857
5063	6918
5063	6927
5063	6945
5063	6959
5063	6966
5063	6979
5063	7009
5063	7021
5063	7059
5063	7075
5063	7144
5063	7148
5063	7195
5063	7202
5063	7210
5063	7236
5063	7238
5063	7261
5063	7284
5063	7295
5063	7298
5063	7356
5063	7437
5063	7453
5063	7530
5063	7536
5063	7548
5063	7554
5063	7587
5063	7607
5063	7619
5063	7648
5063	7686
5063	7721
5063	7735
5063	7741
5063	7759
5063	7808
5063	7835
5063	7844
5063	7872
5063	7896
5063	7898
5063	7925
5063	7926
5063	7956
5063	7992
5063	8006
5063	8020
5063	8038
5063	8138
5063	8167
5063	8188
5063	8254
5063	8256
5063	8279
5063	8385
5063	8412
5063	8464
5063	8473
5063	8506
5063	8611
5063	8627
5063	8628
5063	8661
5063	8667
5063	8669
5063	8670
5063	8685
5063	8714
5063	8729
5063	8736
5063	8742
5063	8750
5063	8770
5063	8806
5063	8811
5063	8821
5063	8831
5063	8865
5063	8876
5063	8892
5063	8920
5063	8950
5063	8982
5063	8986
5063	8999
5063	9002
5063	9011
5063	9055
5063	9101
5063	9104
5063	9105
5063	9119
5063	9121
5063	9133
5063	9140
5063	9142
5063	9206
5063	9208
5063	9211
5063	9247
5063	9258
5063	9270
5063	9274
5063	9300
5063	9313
5063	9330
5063	9332
5063	9334
5063	9347
5063	9387
5063	9426
5063	9456
5063	9498
5063	9512
5063	9521
5063	9600
5063	9602
5063	9626
5063	9644
5063	9647
5063	9656
5063	9679
5063	9743
5063	9756
5066	5204
5066	8685
5067	5139
5068	5700
5068	6573
5071	1122
5071	3416
5072	6624
5072	8005
5073	5444
5074	96
5074	6573
5074	7118
5075	154
5076	2796
5076	4033
5076	4186
5078	1208
5079	6573
5080	6573
5081	6443
5081	6603
5083	1059
5083	2949
5083	6970
5083	7228
5084	5444
5085	6573
5086	6324
5086	6515
5088	9435
5089	4204
5089	5444
5090	5063
5090	6573
5090	8685
5091	5444
5092	4204
5092	5444
5093	834
5095	4418
5095	6996
5096	5916
5096	6146
5096	7118
5096	8332
5097	2360
5097	4204
5097	5444
5097	5916
5097	6146
5097	8332
5098	5063
5099	4431
5100	1395
5102	5139
5103	6147
5103	8595
5103	9261
5104	605
5104	835
5104	6573
5105	133
5105	219
5105	685
5105	1124
5105	1516
5105	1769
5105	5097
5105	6073
5105	6369
5105	8605
5105	8791
5106	6573
5109	6305
5110	8685
5111	5139
5112	8098
5112	9562
5113	5133
5113	6222
5113	6271
5113	6388
5113	6828
5113	7076
5113	7154
5113	8313
5113	8881
5115	5912
5117	3626
5117	5444
5117	5464
5119	1134
5119	1157
5119	2327
5119	5444
5119	5528
5120	7190
5120	9507
5121	5546
5122	5133
5122	5928
5122	6388
5122	6806
5122	7168
5122	8216
5122	8881
5122	9205
5122	9754
5123	6561
5124	6292
5124	8238
5124	9296
5125	7236
5126	1194
5126	3034
5126	6542
5126	6674
5127	6573
5128	8685
5130	7565
5131	6996
5133	5145
5133	5169
5133	5220
5133	5224
5133	5226
5133	5228
5133	5291
5133	5377
5133	5386
5133	5468
5133	5527
5133	5532
5133	5567
5133	5873
5133	5914
5133	5928
5133	6087
5133	6203
5133	6209
5133	6222
5133	6244
5133	6261
5133	6271
5133	6307
5133	6309
5133	6366
5133	6368
5133	6450
5133	6465
5133	6532
5133	6548
5133	6559
5133	6564
5133	6628
5133	6639
5133	6806
5133	6809
5133	6896
5133	7041
5133	7052
5133	7078
5133	7094
5133	7098
5133	7100
5133	7101
5133	7103
5133	7110
5133	7116
5133	7123
5133	7124
5133	7168
5133	7205
5133	7306
5133	7328
5133	7339
5133	7529
5133	7646
5133	7771
5133	7803
5133	7816
5133	7821
5133	7824
5133	7887
5133	7974
5133	7998
5133	7999
5133	8115
5133	8207
5133	8212
5133	8216
5133	8273
5133	8361
5133	8716
5133	8802
5133	8825
5133	8881
5133	9205
5133	9230
5133	9249
5133	9263
5133	9266
5133	9269
5133	9361
5133	9485
5133	9637
5133	9726
5133	9754
5136	5139
5137	4204
5137	5444
5137	7639
5139	476
5139	621
5139	1347
5139	1628
5139	4190
5139	4191
5139	4192
5139	5126
5139	5131
5139	5132
5139	5144
5139	5151
5139	5160
5139	5164
5139	5180
5139	5184
5139	5212
5139	5234
5139	5239
5139	5245
5139	5251
5139	5257
5139	5258
5139	5259
5139	5260
5139	5263
5139	5279
5139	5292
5139	5297
5139	5298
5139	5299
5139	5300
5139	5306
5139	5308
5139	5312
5139	5319
5139	5321
5139	5325
5139	5334
5139	5341
5139	5342
5139	5343
5139	5348
5139	5349
5139	5350
5139	5361
5139	5366
5139	5367
5139	5372
5139	5377
5139	5389
5139	5411
5139	5421
5139	5423
5139	5440
5139	5444
5139	5447
5139	5451
5139	5466
5139	5467
5139	5471
5139	5477
5139	5484
5139	5485
5139	5501
5139	5506
5139	5507
5139	5528
5139	5529
5139	5536
5139	5542
5139	5546
5139	5554
5139	5569
5139	5570
5139	5576
5139	5578
5139	5581
5139	5588
5139	5613
5139	5623
5139	5625
5139	5626
5139	5627
5139	5634
5139	5636
5139	5637
5139	5638
5139	5641
5139	5645
5139	5660
5139	5686
5139	5701
5139	5712
5139	5715
5139	5727
5139	5730
5139	5759
5139	5764
5139	5765
5139	5766
5139	5776
5139	5777
5139	5779
5139	5781
5139	5786
5139	5809
5139	5820
5139	5836
5139	5847
5139	5848
5139	5863
5139	5864
5139	5867
5139	5868
5139	5869
5139	5870
5139	5871
5139	5872
5139	5873
5139	5877
5139	5887
5139	5893
5139	5912
5139	5923
5139	5926
5139	5946
5139	5952
5139	5978
5139	5986
5139	5988
5139	6030
5139	6036
5139	6038
5139	6046
5139	6052
5139	6058
5139	6084
5139	6085
5139	6090
5139	6095
5139	6098
5139	6101
5139	6112
5139	6120
5139	6126
5139	6129
5139	6130
5139	6147
5139	6171
5139	6173
5139	6187
5139	6189
5139	6192
5139	6194
5139	6199
5139	6201
5139	6210
5139	6211
5139	6215
5139	6242
5139	6243
5139	6244
5139	6250
5139	6253
5139	6254
5139	6255
5139	6265
5139	6291
5139	6292
5139	6295
5139	6322
5139	6326
5139	6331
5139	6333
5139	6338
5139	6342
5139	6345
5139	6346
5139	6350
5139	6365
5139	6378
5139	6396
5139	6404
5139	6407
5139	6420
5139	6421
5139	6432
5139	6439
5139	6443
5139	6445
5139	6447
5139	6466
5139	6472
5139	6476
5139	6478
5139	6483
5139	6491
5139	6503
5139	6513
5139	6518
5139	6520
5139	6521
5139	6523
5139	6528
5139	6530
5139	6531
5139	6532
5139	6533
5139	6538
5139	6540
5139	6542
5139	6544
5139	6546
5139	6551
5139	6553
5139	6573
5139	6587
5139	6610
5139	6623
5139	6626
5139	6645
5139	6648
5139	6661
5139	6662
5139	6670
5139	6678
5139	6684
5139	6687
5139	6701
5139	6706
5139	6715
5139	6716
5139	6717
5139	6719
5139	6720
5139	6721
5139	6723
5139	6725
5139	6726
5139	6727
5139	6728
5139	6729
5139	6730
5139	6731
5139	6732
5139	6733
5139	6736
5139	6770
5139	6777
5139	6786
5139	6795
5139	6799
5139	6804
5139	6806
5139	6812
5139	6827
5139	6834
5139	6850
5139	6866
5139	6869
5139	6871
5139	6872
5139	6873
5139	6874
5139	6881
5139	6883
5139	6884
5139	6888
5139	6893
5139	6894
5139	6899
5139	6900
5139	6901
5139	6902
5139	6903
5139	6909
5139	6919
5139	6931
5139	6941
5139	6943
5139	6944
5139	6973
5139	6982
5139	6983
5139	6985
5139	6989
5139	6991
5139	6992
5139	6993
5139	7000
5139	7008
5139	7011
5139	7019
5139	7026
5139	7030
5139	7037
5139	7038
5139	7039
5139	7047
5139	7060
5139	7061
5139	7062
5139	7063
5139	7065
5139	7067
5139	7093
5139	7130
5139	7135
5139	7162
5139	7167
5139	7179
5139	7180
5139	7181
5139	7188
5139	7199
5139	7211
5139	7218
5139	7225
5139	7238
5139	7241
5139	7245
5139	7260
5139	7268
5139	7276
5139	7305
5139	7316
5139	7353
5139	7361
5139	7383
5139	7391
5139	7400
5139	7403
5139	7406
5139	7413
5139	7414
5139	7422
5139	7423
5139	7438
5139	7440
5139	7443
5139	7451
5139	7452
5139	7458
5139	7470
5139	7483
5139	7495
5139	7501
5139	7509
5139	7519
5139	7521
5139	7523
5139	7557
5139	7560
5139	7576
5139	7578
5139	7591
5139	7634
5139	7655
5139	7664
5139	7688
5139	7710
5139	7716
5139	7728
5139	7734
5139	7738
5139	7742
5139	7760
5139	7767
5139	7768
5139	7769
5139	7770
5139	7772
5139	7785
5139	7787
5139	7791
5139	7792
5139	7795
5139	7800
5139	7806
5139	7807
5139	7814
5139	7829
5139	7831
5139	7841
5139	7853
5139	7867
5139	7871
5139	7875
5139	7899
5139	7905
5139	7913
5139	7921
5139	7923
5139	7932
5139	7933
5139	7942
5139	7963
5139	7971
5139	7976
5139	7992
5139	7994
5139	7997
5139	8009
5139	8010
5139	8011
5139	8038
5139	8042
5139	8047
5139	8056
5139	8062
5139	8063
5139	8067
5139	8069
5139	8070
5139	8075
5139	8109
5139	8126
5139	8137
5139	8143
5139	8148
5139	8163
5139	8168
5139	8177
5139	8186
5139	8196
5139	8202
5139	8244
5139	8245
5139	8258
5139	8271
5139	8274
5139	8311
5139	8312
5139	8317
5139	8320
5139	8324
5139	8325
5139	8326
5139	8329
5139	8339
5139	8341
5139	8345
5139	8346
5139	8347
5139	8348
5139	8350
5139	8351
5139	8360
5139	8365
5139	8370
5139	8375
5139	8389
5139	8401
5139	8410
5139	8415
5139	8443
5139	8476
5139	8480
5139	8482
5139	8485
5139	8488
5139	8504
5139	8524
5139	8535
5139	8541
5139	8558
5139	8566
5139	8571
5139	8577
5139	8583
5139	8603
5139	8606
5139	8607
5139	8610
5139	8613
5139	8614
5139	8615
5139	8618
5139	8619
5139	8620
5139	8621
5139	8622
5139	8623
5139	8625
5139	8627
5139	8628
5139	8629
5139	8632
5139	8633
5139	8641
5139	8645
5139	8654
5139	8667
5139	8671
5139	8672
5139	8674
5139	8676
5139	8677
5139	8679
5139	8680
5139	8684
5139	8685
5139	8686
5139	8687
5139	8688
5139	8690
5139	8691
5139	8692
5139	8693
5139	8707
5139	8715
5139	8717
5139	8718
5139	8720
5139	8722
5139	8723
5139	8727
5139	8744
5139	8747
5139	8763
5139	8766
5139	8768
5139	8783
5139	8800
5139	8817
5139	8818
5139	8833
5139	8880
5139	8885
5139	8890
5139	8892
5139	8894
5139	8910
5139	8911
5139	8936
5139	8942
5139	8949
5139	8950
5139	8951
5139	8952
5139	8963
5139	8964
5139	8965
5139	8966
5139	8967
5139	8968
5139	8969
5139	8970
5139	8971
5139	8972
5139	8973
5139	8974
5139	8975
5139	8976
5139	8977
5139	8978
5139	8979
5139	8980
5139	8981
5139	8982
5139	8983
5139	8984
5139	8985
5139	8986
5139	8987
5139	8988
5139	8989
5139	8990
5139	8991
5139	8992
5139	8993
5139	8994
5139	8995
5139	8996
5139	8997
5139	9000
5139	9002
5139	9026
5139	9034
5139	9035
5139	9042
5139	9049
5139	9052
5139	9054
5139	9056
5139	9065
5139	9078
5139	9084
5139	9086
5139	9089
5139	9090
5139	9094
5139	9095
5139	9097
5139	9098
5139	9099
5139	9101
5139	9103
5139	9109
5139	9110
5139	9125
5139	9149
5139	9172
5139	9177
5139	9199
5139	9203
5139	9221
5139	9240
5139	9242
5139	9244
5139	9251
5139	9255
5139	9259
5139	9269
5139	9276
5139	9297
5139	9298
5139	9305
5139	9306
5139	9310
5139	9312
5139	9313
5139	9318
5139	9320
5139	9328
5139	9329
5139	9330
5139	9331
5139	9332
5139	9334
5139	9343
5139	9348
5139	9371
5139	9407
5139	9418
5139	9423
5139	9429
5139	9441
5139	9457
5139	9463
5139	9464
5139	9473
5139	9477
5139	9508
5139	9514
5139	9524
5139	9530
5139	9565
5139	9572
5139	9582
5139	9594
5139	9610
5139	9612
5139	9631
5139	9645
5139	9662
5139	9679
5139	9684
5139	9710
5139	9727
5139	9733
5139	9748
5142	6061
5142	6062
5142	8930
5143	4204
5146	3577
5146	5707
5149	9567
5152	5444
5153	34
5153	198
5153	746
5153	790
5153	835
5153	846
5153	1004
5153	1136
5153	1157
5153	1252
5153	1706
5153	1972
5153	1984
5153	2063
5153	2419
5153	2615
5153	2621
5153	2730
5153	2829
5153	2830
5153	2852
5153	3010
5153	3483
5153	3824
5153	3970
5153	4189
5153	4204
5153	4392
5153	4546
5153	4565
5153	4568
5153	4674
5153	4726
5153	4734
5153	4808
5153	4978
5153	5294
5153	5299
5153	5392
5153	5786
5153	5931
5153	6058
5153	6063
5153	6304
5153	6567
5153	6873
5153	7087
5153	7152
5153	7327
5153	7996
5153	8122
5153	8175
5153	8788
5153	8827
5153	9116
5153	9297
5153	9399
5153	9536
5154	3562
5154	6363
5154	8422
5156	7073
5156	7078
5157	5444
5158	4204
5158	5444
5160	4204
5160	5444
5160	6564
5160	8218
5161	3626
5161	4204
5161	5444
5162	3289
5162	4814
5162	6371
5165	536
5166	8685
5167	5444
5168	5791
5168	6564
5169	4204
5169	5444
5169	6255
5169	6273
5169	6319
5169	6388
5169	6628
5169	6713
5169	6722
5169	6821
5169	6896
5169	7052
5169	7205
5169	7534
5169	8881
5169	8965
5170	1141
5170	6367
5170	8965
5171	1246
5171	1334
5171	1336
5171	1480
5171	1484
5171	3563
5171	4204
5171	5059
5171	5172
5171	5173
5171	5444
5171	6245
5171	6900
5171	8463
5171	9754
5172	8463
5173	6664
5173	7180
5173	8463
5173	8714
5173	9380
5173	9565
5174	5059
5174	9566
5175	5498
5175	5928
5175	6720
5175	6819
5175	6896
5175	7912
5175	8487
5175	8802
5175	8881
5175	9637
5176	834
5176	6059
5176	8545
5177	834
5177	6669
5177	8685
5178	4250
5179	8280
5180	5444
5182	4204
5182	5444
5183	4204
5183	5444
5183	5505
5183	9410
5183	9510
5184	1956
5184	6226
5184	7004
5186	6113
5186	8564
5187	5489
5187	5649
5187	5891
5187	5892
5187	6029
5187	6585
5187	6890
5187	7575
5187	7579
5188	835
5188	4204
5189	834
5190	5444
5190	6876
5190	6878
5191	5444
5192	7763
5193	2796
5193	5280
5193	6424
5196	6278
5196	9289
5197	4204
5198	721
5198	1334
5198	5848
5198	6245
5198	6902
5198	6903
5199	4204
5199	5311
5200	6564
5200	7118
5200	9393
5203	4204
5203	5444
5204	834
5204	8685
5207	4204
5207	5444
5208	835
5208	6573
5209	6603
5211	5444
5213	5928
5213	6366
5214	6468
5215	6068
5215	6443
5215	7536
5215	8013
5215	8085
5215	8854
5216	6443
5216	8085
5219	5291
5219	5567
5219	6532
5219	6822
5219	7116
5219	7168
5220	4204
5220	5291
5220	5444
5220	5567
5220	6271
5220	8313
5220	8825
5220	9323
5222	2101
5222	2103
5222	4506
5222	4637
5222	4916
5222	5029
5222	8709
5223	1140
5223	3626
5223	4204
5223	5444
5224	5567
5224	5975
5224	6059
5224	6068
5224	6366
5224	6443
5224	6539
5224	7078
5224	7536
5224	8013
5224	8085
5224	8427
5224	8710
5224	8825
5224	8881
5224	9263
5225	7812
5226	5567
5226	6289
5226	6532
5226	7887
5226	8825
5227	6003
5228	5567
5228	6254
5229	6271
5229	8280
5229	9040
5232	7010
5233	8829
5235	9095
5237	3662
5237	4204
5237	5444
5237	6388
5238	7004
5238	9243
5239	6675
5240	9267
5241	5444
5243	3626
5243	4204
5243	5444
5243	7249
5244	7861
5245	5444
5247	8005
5249	6793
5252	5444
5253	4204
5253	5444
5254	51
5254	52
5254	2498
5254	2942
5254	4137
5254	4295
5254	5489
5254	8052
5254	9350
5255	5444
5256	6573
5257	5063
5258	5444
5259	6245
5259	6723
5259	7180
5259	7255
5259	7770
5260	5444
5262	5063
5262	6171
5262	8714
5264	7179
5264	7623
5264	7624
5264	7625
5264	8942
5266	7559
5267	7045
5269	3337
5271	1128
5271	8395
5272	7227
5273	7078
5273	8881
5274	1484
5274	8588
5275	5139
5276	4204
5276	5444
5277	5444
5278	834
5281	4842
5281	6356
5281	6661
5282	835
5282	2730
5282	6564
5282	6573
5283	5444
5283	7767
5283	8685
5284	4204
5284	5444
5284	6588
5284	9342
5285	3277
5286	7311
5287	5489
5287	5649
5287	5891
5287	5892
5287	6564
5287	6585
5287	6873
5287	6890
5287	7575
5287	7579
5288	5444
5288	6771
5289	5489
5289	5649
5289	5891
5289	5892
5289	6104
5289	6481
5289	6585
5289	6890
5289	7575
5289	7579
5289	9272
5290	4663
5291	5528
5291	5532
5291	5928
5291	6238
5291	6245
5291	6271
5291	6417
5291	6529
5291	6532
5291	6538
5291	6539
5291	6548
5291	6896
5291	7041
5291	7078
5291	7140
5291	7179
5291	7254
5291	7529
5291	7816
5291	7999
5291	8207
5291	8273
5291	8807
5291	9205
5291	9269
5291	9726
5292	6223
5292	8685
5295	8924
5296	835
5296	6573
5297	834
5298	5300
5298	5759
5298	6586
5298	8685
5298	9313
5300	5759
5301	4204
5302	6397
5302	8490
5304	8231
5305	8555
5306	7562
5307	1152
5307	6341
5307	6770
5307	7315
5307	7378
5307	9349
5307	9431
5308	5453
5308	5528
5308	5532
5308	6203
5308	6271
5308	6309
5308	8802
5308	9263
5308	9265
5311	8218
5312	8367
5313	5444
5313	6305
5316	5759
5316	6211
5316	6238
5316	6241
5316	6244
5316	6253
5316	6260
5316	6331
5316	6720
5316	6722
5316	6732
5316	6852
5316	6880
5316	7079
5316	7179
5316	7414
5316	7999
5316	8611
5316	9065
5316	9084
5316	9296
5316	9330
5316	9389
5317	3331
5317	6788
5318	5527
5318	6771
5320	5444
5323	8224
5324	5498
5324	6271
5324	9199
5326	834
5327	5759
5329	5444
5330	1818
5330	7439
5332	8599
5333	5489
5333	5649
5333	5891
5333	5892
5333	6010
5333	6585
5333	6890
5333	7575
5333	7579
5336	9269
5337	8685
5339	835
5339	6573
5341	5444
5345	9071
5346	6419
5346	7379
5346	8280
5346	8367
5346	8666
5346	9040
5347	1347
5347	5370
5347	6304
5347	6525
5347	6537
5347	6726
5347	8603
5347	9127
5349	8747
5353	4204
5353	5444
5354	4204
5354	5444
5355	834
5356	9170
5358	6496
5359	4204
5359	5444
5362	5928
5362	6628
5362	6952
5362	7777
5362	8881
5362	9080
5362	9361
5363	5724
5365	1665
5365	1927
5365	3070
5365	4318
5365	4554
5365	6848
5365	8528
5365	9284
5369	5444
5369	6539
5369	7110
5369	7683
5369	8881
5370	1417
5370	8796
5370	9676
5371	4351
5371	6303
5371	7763
5371	8801
5372	834
5372	4204
5372	5444
5372	8685
5373	4204
5373	5444
5373	6573
5374	5444
5374	7513
5375	4204
5375	5444
5376	6271
5376	6539
5376	7078
5376	7887
5376	8802
5376	8881
5376	9336
5376	9726
5377	5994
5379	5975
5379	6010
5379	6573
5380	5444
5381	5444
5382	5444
5383	7187
5384	5112
5384	7817
5384	9209
5385	2930
5385	5183
5385	5444
5385	9130
5386	6388
5387	2461
5388	605
5389	5417
5389	5482
5389	6062
5389	6064
5389	6068
5389	6102
5389	6283
5389	6341
5389	6428
5389	6432
5389	6443
5389	7705
5389	7919
5391	2352
5392	5393
5392	6505
5392	6947
5392	7618
5394	6934
5395	8685
5399	6573
5401	605
5402	6116
5402	8935
5403	7556
5405	6062
5405	6428
5405	6443
5405	6458
5405	6595
5405	8085
5405	8443
5405	8865
5408	8056
5409	834
5410	7669
5412	5994
5413	2495
5413	4204
5413	5444
5414	6573
5416	6458
5416	8443
5416	8710
5416	8930
5417	5444
5417	6059
5417	6068
5417	6443
5417	7705
5417	8085
5417	8710
5419	4413
5420	7878
5424	605
5424	7119
5426	4204
5426	5063
5426	5444
5427	9348
5428	6443
5429	5444
5430	5063
5431	6573
5432	4855
5432	5444
5432	5878
5432	5934
5432	6376
5432	6609
5432	6616
5432	6618
5432	6732
5432	6903
5432	7378
5432	7786
5432	7854
5432	8236
5432	9334
5437	7732
5439	7747
5441	835
5441	6573
5441	8714
5442	4204
5442	5444
5442	5696
5442	6439
5442	7251
5442	7364
5442	7390
5442	8085
5443	6573
5444	1576
5444	1683
5444	1929
5444	1932
5444	1938
5444	2235
5444	2428
5444	2795
5444	3170
5444	3708
5444	3965
5444	3966
5444	4191
5444	5197
5444	5448
5444	5455
5444	5458
5444	5460
5444	5474
5444	5494
5444	5516
5444	5521
5444	5523
5444	5524
5444	5527
5444	5534
5444	5540
5444	5541
5444	5559
5444	5562
5444	5564
5444	5572
5444	5575
5444	5589
5444	5590
5444	5593
5444	5594
5444	5596
5444	5602
5444	5608
5444	5615
5444	5619
5444	5620
5444	5622
5444	5624
5444	5631
5444	5639
5444	5640
5444	5643
5444	5648
5444	5658
5444	5667
5444	5679
5444	5716
5444	5732
5444	5761
5444	5775
5444	5836
5444	5837
5444	5839
5444	5854
5444	5865
5444	5870
5444	5878
5444	5881
5444	5895
5444	5914
5444	5915
5444	5917
5444	5918
5444	5922
5444	5950
5444	5969
5444	5984
5444	5995
5444	6003
5444	6006
5444	6009
5444	6011
5444	6025
5444	6031
5444	6036
5444	6052
5444	6069
5444	6071
5444	6073
5444	6076
5444	6088
5444	6089
5444	6094
5444	6096
5444	6100
5444	6115
5444	6123
5444	6129
5444	6130
5444	6144
5444	6152
5444	6154
5444	6156
5444	6165
5444	6170
5444	6171
5444	6179
5444	6203
5444	6216
5444	6224
5444	6230
5444	6235
5444	6237
5444	6240
5444	6243
5444	6244
5444	6248
5444	6252
5444	6253
5444	6258
5444	6267
5444	6269
5444	6274
5444	6277
5444	6286
5444	6296
5444	6298
5444	6299
5444	6312
5444	6322
5444	6328
5444	6332
5444	6363
5444	6367
5444	6388
5444	6402
5444	6415
5444	6431
5444	6438
5444	6447
5444	6460
5444	6462
5444	6466
5444	6486
5444	6504
5444	6506
5444	6507
5444	6513
5444	6515
5444	6516
5444	6519
5444	6520
5444	6521
5444	6522
5444	6526
5444	6527
5444	6528
5444	6537
5444	6542
5444	6548
5444	6554
5444	6599
5444	6639
5444	6654
5444	6658
5444	6665
5444	6678
5444	6683
5444	6685
5444	6691
5444	6692
5444	6696
5444	6702
5444	6711
5444	6720
5444	6724
5444	6731
5444	6733
5444	6736
5444	6737
5444	6738
5444	6761
5444	6764
5444	6765
5444	6783
5444	6785
5444	6791
5444	6804
5444	6835
5444	6842
5444	6860
5444	6861
5444	6876
5444	6881
5444	6891
5444	6901
5444	6903
5444	6907
5444	6911
5444	6919
5444	6927
5444	6929
5444	6940
5444	6946
5444	6962
5444	6968
5444	6979
5444	6983
5444	7005
5444	7007
5444	7017
5444	7024
5444	7033
5444	7034
5444	7061
5444	7071
5444	7073
5444	7078
5444	7096
5444	7099
5444	7100
5444	7108
5444	7124
5444	7133
5444	7135
5444	7139
5444	7141
5444	7146
5444	7178
5444	7179
5444	7181
5444	7186
5444	7187
5444	7190
5444	7196
5444	7204
5444	7209
5444	7212
5444	7238
5444	7278
5444	7282
5444	7287
5444	7288
5444	7299
5444	7300
5444	7322
5444	7336
5444	7337
5444	7355
5444	7359
5444	7362
5444	7371
5444	7375
5444	7380
5444	7383
5444	7384
5444	7385
5444	7388
5444	7398
5444	7403
5444	7427
5444	7435
5444	7439
5444	7445
5444	7455
5444	7468
5444	7479
5444	7481
5444	7484
5444	7492
5444	7496
5444	7498
5444	7520
5444	7535
5444	7548
5444	7558
5444	7566
5444	7588
5444	7597
5444	7600
5444	7601
5444	7618
5444	7631
5444	7635
5444	7660
5444	7672
5444	7707
5444	7720
5444	7721
5444	7739
5444	7746
5444	7770
5444	7783
5444	7796
5444	7801
5444	7821
5444	7825
5444	7828
5444	7831
5444	7832
5444	7834
5444	7838
5444	7851
5444	7880
5444	7891
5444	7893
5444	7908
5444	7914
5444	7918
5444	7926
5444	7935
5444	7942
5444	7947
5444	7952
5444	7954
5444	7955
5444	7960
5444	7962
5444	7963
5444	7972
5444	7975
5444	7981
5444	7985
5444	7988
5444	7992
5444	7993
5444	7994
5444	8008
5444	8026
5444	8027
5444	8028
5444	8039
5444	8040
5444	8041
5444	8044
5444	8045
5444	8047
5444	8056
5444	8079
5444	8090
5444	8099
5444	8129
5444	8130
5444	8134
5444	8135
5444	8156
5444	8157
5444	8161
5444	8184
5444	8187
5444	8194
5444	8207
5444	8210
5444	8211
5444	8220
5444	8222
5444	8232
5444	8236
5444	8256
5444	8275
5444	8290
5444	8307
5444	8318
5444	8320
5444	8322
5444	8325
5444	8330
5444	8331
5444	8338
5444	8362
5444	8364
5444	8382
5444	8390
5444	8400
5444	8404
5444	8407
5444	8408
5444	8426
5444	8444
5444	8485
5444	8486
5444	8491
5444	8495
5444	8498
5444	8501
5444	8505
5444	8511
5444	8518
5444	8525
5444	8526
5444	8528
5444	8532
5444	8554
5444	8567
5444	8577
5444	8590
5444	8594
5444	8634
5444	8643
5444	8644
5444	8653
5444	8657
5444	8664
5444	8668
5444	8669
5444	8674
5444	8689
5444	8698
5444	8706
5444	8743
5444	8753
5444	8761
5444	8765
5444	8767
5444	8770
5444	8771
5444	8774
5444	8808
5444	8815
5444	8835
5444	8848
5444	8858
5444	8861
5444	8868
5444	8872
5444	8884
5444	8890
5444	8906
5444	8908
5444	8924
5444	8937
5444	8946
5444	8949
5444	8950
5444	8953
5444	8954
5444	8957
5444	8959
5444	8962
5444	8966
5444	8969
5444	8970
5444	8977
5444	8980
5444	8983
5444	8986
5444	8990
5444	8993
5444	8997
5444	8999
5444	9010
5444	9019
5444	9021
5444	9028
5444	9038
5444	9039
5444	9045
5444	9047
5444	9048
5444	9051
5444	9057
5444	9059
5444	9066
5444	9067
5444	9073
5444	9078
5444	9097
5444	9100
5444	9105
5444	9106
5444	9112
5444	9116
5444	9120
5444	9121
5444	9122
5444	9125
5444	9126
5444	9166
5444	9168
5444	9176
5444	9178
5444	9182
5444	9191
5444	9203
5444	9216
5444	9228
5444	9247
5444	9249
5444	9250
5444	9278
5444	9279
5444	9287
5444	9294
5444	9303
5444	9304
5444	9311
5444	9316
5444	9323
5444	9329
5444	9347
5444	9350
5444	9358
5444	9391
5444	9392
5444	9398
5444	9402
5444	9405
5444	9408
5444	9410
5444	9411
5444	9417
5444	9421
5444	9423
5444	9430
5444	9447
5444	9453
5444	9462
5444	9464
5444	9468
5444	9482
5444	9490
5444	9503
5444	9526
5444	9529
5444	9543
5444	9545
5444	9560
5444	9568
5444	9577
5444	9585
5444	9603
5444	9613
5444	9626
5444	9628
5444	9635
5444	9640
5444	9645
5444	9652
5444	9686
5444	9690
5444	9700
5444	9705
5444	9711
5444	9713
5444	9737
5444	9739
5444	9740
5444	9741
5444	9749
5444	9757
5445	7343
5448	4204
5448	6734
5449	3626
5449	4204
5449	5444
5449	6863
5449	9371
5450	1480
5450	9580
5451	5489
5451	5649
5451	5891
5451	5892
5451	6585
5451	6890
5451	7575
5451	7579
5452	9472
5455	2512
5455	6854
5455	8907
5456	834
5458	4204
5461	8685
5462	1246
5462	2621
5465	6295
5465	9679
5466	8273
5467	7010
5468	4663
5468	5528
5468	5532
5468	5914
5468	6366
5468	6388
5468	6408
5468	6450
5468	6529
5468	6639
5468	7041
5468	7078
5468	7113
5468	7123
5468	7328
5468	7430
5468	7447
5468	7534
5468	7771
5468	7821
5468	7887
5468	8096
5468	8802
5468	8820
5468	8881
5468	9230
5468	9263
5468	9726
5468	9754
5470	5748
5476	6573
5478	6611
5478	7456
5481	1200
5481	6739
5482	6061
5482	6439
5482	8443
5483	8364
5488	5791
5488	6227
5489	5063
5489	5508
5489	5605
5489	5881
5489	5882
5489	5884
5489	5906
5489	5977
5489	6132
5489	6161
5489	6177
5489	6353
5489	6376
5489	6377
5489	6437
5489	6452
5489	6655
5489	6760
5489	6772
5489	6855
5489	6856
5489	7048
5489	7086
5489	7100
5489	7103
5489	7110
5489	7214
5489	7234
5489	7267
5489	7274
5489	7356
5489	7386
5489	7415
5489	7422
5489	7535
5489	7700
5489	7757
5489	7826
5489	7834
5489	7859
5489	7876
5489	7877
5489	7944
5489	7970
5489	7988
5489	8159
5489	8186
5489	8247
5489	8274
5489	8359
5489	8389
5489	8440
5489	8451
5489	8493
5489	8627
5489	8701
5489	8756
5489	8788
5489	8954
5489	8998
5489	9033
5489	9043
5489	9125
5489	9292
5489	9509
5489	9601
5489	9742
5491	7675
5491	8218
5491	8959
5495	5567
5495	6307
5495	6539
5495	6806
5498	6271
5498	6821
5498	7078
5498	7314
5498	8881
5498	9263
5498	9265
5504	4211
5507	460
5507	2829
5507	3135
5507	7315
5507	7609
5507	8487
5507	8962
5507	9536
5507	9714
5508	5649
5508	5891
5508	5892
5508	6585
5508	6890
5508	7575
5508	7579
5515	7426
5516	7568
5517	9478
5518	8141
5518	8837
5519	5724
5519	7697
5520	6715
5521	4973
5521	9676
5522	2930
5522	6208
5523	834
5523	4204
5523	5759
5523	9530
5523	9550
5525	8779
5527	4204
5527	6366
5527	7991
5527	8881
5528	1556
5528	3423
5528	5722
5528	5928
5528	6203
5528	6214
5528	6235
5528	6238
5528	6261
5528	6271
5528	6417
5528	6528
5528	6529
5528	6538
5528	6542
5528	6735
5528	6821
5528	6828
5528	6896
5528	6899
5528	7041
5528	7078
5528	7110
5528	7123
5528	7140
5528	7151
5528	7154
5528	7430
5528	7999
5528	8207
5528	8216
5528	8422
5528	8881
5528	8951
5528	9190
5528	9263
5530	5759
5530	6468
5530	7225
5532	5928
5532	6222
5532	6271
5532	6366
5532	6388
5532	6539
5532	6806
5532	7052
5532	7078
5532	7205
5532	7256
5532	7887
5532	8216
5532	8802
5532	8881
5532	9205
5532	9230
5532	9263
5532	9726
5532	9754
5533	2076
5534	4204
5535	4204
5538	1336
5538	2225
5538	5173
5539	5063
5543	835
5544	3626
5544	4204
5544	5444
5547	6540
5553	3564
5556	7401
5556	7402
5556	7405
5556	8685
5557	8301
5557	9438
5558	6573
5560	834
5563	4156
5563	5005
5563	5063
5563	6957
5565	6014
5566	8286
5566	9487
5567	5716
5567	6222
5567	6254
5567	6366
5567	6548
5567	6559
5567	6639
5567	6806
5567	7078
5567	7094
5567	7103
5567	7205
5567	7248
5567	7505
5567	7683
5567	7887
5567	7974
5567	8320
5567	8427
5567	8432
5567	8436
5567	8802
5567	8807
5567	8825
5567	8881
5567	9263
5567	9637
5567	9726
5567	9738
5569	5823
5572	4204
5573	8603
5574	8824
5575	4204
5577	3838
5578	834
5578	6539
5578	7052
5578	8426
5578	8685
5578	8807
5578	8881
5580	834
5580	8685
5581	8055
5585	282
5586	6573
5587	3723
5590	4204
5591	6923
5595	7228
5595	7233
5595	7939
5595	8697
5597	7695
5598	7228
5598	7744
5598	9071
5601	8064
5601	8635
5602	4204
5603	6573
5604	835
5605	5649
5605	5891
5605	5892
5605	6585
5605	6890
5605	7575
5605	7579
5606	7393
5606	7395
5607	6573
5609	4227
5611	8467
5612	6110
5612	8542
5614	6573
5616	6573
5616	7401
5616	7402
5616	7405
5617	6573
5618	7401
5618	7402
5622	4204
5624	4204
5628	7228
5628	7744
5629	605
5629	6573
5629	7744
5629	7939
5635	6573
5643	4204
5649	4023
5649	5650
5649	5881
5649	5882
5649	5884
5649	5906
5649	5977
5649	6132
5649	6161
5649	6177
5649	6353
5649	6376
5649	6377
5649	6437
5649	6452
5649	6655
5649	6760
5649	6772
5649	6855
5649	6856
5649	7048
5649	7086
5649	7100
5649	7103
5649	7110
5649	7214
5649	7234
5649	7267
5649	7274
5649	7356
5649	7386
5649	7415
5649	7422
5649	7535
5649	7700
5649	7757
5649	7826
5649	7834
5649	7859
5649	7876
5649	7877
5649	7944
5649	7970
5649	7988
5649	8159
5649	8186
5649	8247
5649	8274
5649	8359
5649	8389
5649	8440
5649	8451
5649	8493
5649	8627
5649	8701
5649	8756
5649	8788
5649	8954
5649	8998
5649	9033
5649	9043
5649	9125
5649	9292
5649	9509
5649	9601
5649	9742
5650	6573
5656	8539
5657	9431
5658	4204
5659	5029
5659	6223
5659	6446
5659	6716
5663	6020
5663	6146
5663	6369
5663	6739
5663	6781
5663	7227
5663	7228
5663	7320
5663	7582
5663	7796
5663	8467
5664	8685
5665	3166
5665	3489
5667	4204
5672	834
5672	6271
5674	8467
5675	3695
5675	5063
5675	7665
5677	7438
5678	1500
5679	7104
5680	4204
5682	8685
5684	6061
5684	7958
5684	8233
5684	8443
5684	8672
5684	8854
5685	5791
5686	6573
5687	6573
5689	6573
5690	605
5690	834
5692	834
5694	7438
5694	8005
5695	8998
5696	6061
5696	6458
5696	6619
5696	7561
5696	8672
5696	8710
5697	3141
5697	8829
5698	6369
5698	6739
5698	7963
5698	8685
5699	1612
5699	7230
5699	9051
5701	6172
5701	8588
5702	834
5703	834
5703	9139
5704	5980
5705	688
5706	5444
5708	3626
5708	4204
5708	5444
5710	8098
5714	6573
5714	8165
5715	7238
5715	7816
5715	8172
5716	4204
5716	6366
5716	6639
5716	7094
5716	7103
5716	7529
5716	8881
5716	9265
5716	9637
5718	7238
5719	2484
5722	3566
5722	4663
5723	7179
5723	7623
5723	7624
5723	7625
5723	8942
5724	6968
5726	51
5726	52
5726	2498
5726	2942
5726	4137
5726	4295
5726	7453
5726	8052
5726	9350
5727	8935
5729	5063
5731	8376
5732	4204
5734	7788
5735	3626
5735	4204
5735	5444
5736	5847
5736	9392
5738	7179
5738	7623
5738	7624
5738	7625
5738	8942
5740	8979
5743	6373
5743	7832
5743	8325
5743	9207
5743	9245
5743	9371
5744	4637
5744	8921
5744	9016
5747	1532
5750	7204
5750	8697
5753	51
5753	52
5753	2498
5753	2942
5753	4137
5753	4295
5753	8052
5753	9350
5754	6109
5754	7559
5755	834
5755	835
5755	5759
5755	6573
5757	6267
5759	15
5759	51
5759	279
5759	582
5759	2820
5759	2821
5759	2822
5759	4083
5759	4295
5759	5764
5759	5857
5759	5888
5759	5889
5759	5891
5759	6059
5759	6068
5759	6204
5759	6211
5759	6241
5759	6244
5759	6253
5759	6260
5759	6304
5759	6331
5759	6443
5759	6484
5759	6596
5759	6718
5759	6720
5759	6721
5759	6722
5759	6732
5759	6852
5759	6880
5759	7058
5759	7079
5759	7179
5759	7180
5759	7414
5759	7536
5759	7749
5759	7767
5759	7769
5759	7918
5759	7999
5759	8033
5759	8035
5759	8049
5759	8085
5759	8324
5759	8611
5759	8672
5759	8685
5759	8687
5759	8710
5759	8907
5759	8942
5759	9065
5759	9084
5759	9086
5759	9095
5759	9159
5759	9276
5759	9296
5759	9319
5759	9330
5759	9332
5759	9375
5759	9389
5760	834
5761	4204
5761	5822
5763	7799
5764	6238
5764	6241
5764	6244
5764	6253
5764	6260
5764	6331
5764	6718
5764	6720
5764	6722
5764	6732
5764	6852
5764	6880
5764	7079
5764	7414
5764	7767
5764	7769
5764	7999
5764	8033
5764	8035
5764	8435
5764	8611
5764	9065
5764	9084
5764	9296
5764	9389
5765	7821
5765	9145
5769	6176
5769	7796
5770	6835
5770	7562
5771	1207
5773	3626
5773	4204
5773	5444
5774	166
5774	4100
5774	5139
5774	7389
5774	8203
5775	251
5775	2004
5775	6244
5775	7963
5780	3550
5780	5154
5780	5928
5780	6271
5780	6388
5780	7887
5780	8820
5780	8881
5780	9205
5781	7191
5781	7609
5781	9716
5782	5314
5783	2113
5783	2311
5783	5063
5783	6245
5783	6902
5783	8942
5784	835
5784	6067
5785	6573
5785	8672
5785	9016
5785	9168
5789	4204
5790	5063
5791	5811
5791	7290
5791	8928
5791	9481
5795	6564
5797	5807
5798	5800
5798	5802
5798	5807
5799	7819
5799	8747
5800	7320
5801	5807
5801	5808
5803	5807
5804	3516
5804	5805
5804	5806
5804	6582
5805	5807
5806	5807
5806	5808
5807	5808
5807	6178
5809	5814
5809	7126
5810	2602
5810	5379
5811	9145
5812	5814
5813	7675
5814	5817
5814	5818
5816	7227
5816	7228
5816	8595
5819	7126
5819	9145
5821	5828
5821	5831
5821	5835
5821	6936
5822	5829
5822	5830
5822	5831
5822	5835
5822	8367
5824	835
5824	5834
5825	5834
5825	5835
5826	5832
5827	5833
5827	5834
5829	5835
5830	5834
5832	5835
5833	5835
5834	5835
5835	7890
5840	6746
5843	4204
5843	4664
5843	5139
5843	5444
5843	5848
5843	6245
5843	6321
5843	7770
5843	7817
5843	7822
5846	7015
5846	9215
5848	1330
5848	2082
5848	8685
5848	9754
5850	2700
5850	8685
5854	4204
5858	9649
5859	6603
5859	8369
5859	9472
5861	8029
5864	834
5864	8367
5864	9040
5865	2712
5865	7570
5866	8218
5866	9614
5868	6227
5870	4204
5873	7991
5873	8881
5874	9071
5876	6659
5876	7608
5876	8814
5878	7730
5878	8908
5880	6407
5880	7441
5881	5891
5881	5892
5881	6018
5881	6585
5881	6890
5881	7575
5881	7579
5882	420
5882	4017
5882	5891
5882	5892
5882	6585
5882	6890
5882	7575
5882	7579
5884	5891
5884	5892
5884	6585
5884	6890
5884	7575
5884	7579
5885	6818
5886	8850
5888	51
5888	279
5888	8241
5888	8907
5889	51
5889	279
5889	5764
5889	8907
5890	3937
5890	6177
5890	7839
5891	5906
5891	5977
5891	6132
5891	6161
5891	6177
5891	6353
5891	6376
5891	6377
5891	6437
5891	6452
5891	6655
5891	6760
5891	6772
5891	6855
5891	6856
5891	7048
5891	7086
5891	7100
5891	7103
5891	7110
5891	7180
5891	7214
5891	7234
5891	7267
5891	7274
5891	7356
5891	7386
5891	7415
5891	7422
5891	7535
5891	7700
5891	7757
5891	7826
5891	7834
5891	7859
5891	7876
5891	7877
5891	7944
5891	7970
5891	7988
5891	8159
5891	8186
5891	8247
5891	8274
5891	8359
5891	8389
5891	8440
5891	8451
5891	8493
5891	8627
5891	8672
5891	8701
5891	8756
5891	8788
5891	8954
5891	8998
5891	9033
5891	9043
5891	9125
5891	9168
5891	9292
5891	9509
5891	9601
5891	9742
5892	51
5892	52
5892	2498
5892	2942
5892	4137
5892	4295
5892	5489
5892	5906
5892	5977
5892	6132
5892	6161
5892	6177
5892	6353
5892	6376
5892	6377
5892	6437
5892	6452
5892	6655
5892	6760
5892	6772
5892	6855
5892	6856
5892	7048
5892	7086
5892	7100
5892	7103
5892	7110
5892	7214
5892	7234
5892	7267
5892	7274
5892	7356
5892	7386
5892	7415
5892	7422
5892	7535
5892	7700
5892	7757
5892	7826
5892	7834
5892	7859
5892	7876
5892	7877
5892	7944
5892	7970
5892	7988
5892	8052
5892	8159
5892	8186
5892	8247
5892	8274
5892	8359
5892	8389
5892	8440
5892	8451
5892	8493
5892	8627
5892	8685
5892	8701
5892	8756
5892	8788
5892	8954
5892	8998
5892	9033
5892	9043
5892	9125
5892	9276
5892	9292
5892	9350
5892	9509
5892	9601
5892	9742
5895	6548
5895	8446
5899	1778
5899	9502
5900	5063
5904	8829
5906	605
5906	6573
5906	6585
5906	6890
5906	7575
5906	7579
5907	6128
5908	7179
5908	7623
5908	7624
5908	7625
5908	8339
5908	8942
5908	9118
5908	9608
5910	6271
5910	6735
5910	8881
5913	6722
5913	7987
5914	8881
5915	3296
5915	6015
5915	6356
5918	4204
5924	9344
5925	5759
5928	6203
5928	6214
5928	6222
5928	6235
5928	6238
5928	6244
5928	6245
5928	6254
5928	6271
5928	6368
5928	6417
5928	6532
5928	6548
5928	6566
5928	6628
5928	6639
5928	6722
5928	6735
5928	6821
5928	7041
5928	7070
5928	7076
5928	7091
5928	7092
5928	7095
5928	7103
5928	7110
5928	7113
5928	7116
5928	7140
5928	7151
5928	7154
5928	7168
5928	7179
5928	7205
5928	7339
5928	7529
5928	7534
5928	7785
5928	7809
5928	7819
5928	7887
5928	8273
5928	8422
5928	8807
5928	8881
5928	9055
5928	9205
5928	9263
5928	9269
5928	9612
5928	9637
5932	655
5932	2528
5932	7468
5933	1032
5933	5063
5933	6257
5933	7183
5933	7184
5933	7806
5933	8795
5933	8801
5934	7730
5934	8908
5936	4204
5939	7533
5940	9020
5941	834
5941	2146
5941	6223
5941	7010
5944	834
5944	8685
5949	6539
5949	8881
5950	7556
5952	7115
5954	6419
5954	6443
5954	9030
5955	5774
5956	6062
5956	8710
5957	8446
5958	8446
5960	101
5961	7677
5963	5976
5963	6103
5963	8446
5965	1401
5965	8286
5966	4137
5966	5489
5966	5649
5966	5891
5966	5892
5966	6585
5966	6890
5966	7575
5966	7579
5967	6573
5967	9283
5970	6573
5971	7328
5973	5139
5974	1702
5974	2170
5974	7838
5975	7999
5977	6225
5977	6585
5977	6890
5977	7518
5977	7575
5977	7579
5977	8075
5980	6735
5980	8084
5980	9031
5981	2059
5982	6776
5984	834
5984	4204
5989	6638
5989	9071
5990	834
5994	7817
5995	8685
5996	5518
5997	4204
5997	6573
5998	2546
5999	1804
6002	4073
6002	8867
6002	9611
6004	834
6004	8685
6010	8401
6010	9151
6010	9553
6011	4204
6011	8202
6012	6816
6017	6315
6018	6190
6018	6778
6018	6924
6018	7545
6018	8246
6019	6603
6020	6454
6023	7390
6023	7732
6024	6573
6024	7555
6028	5271
6029	8707
6031	4204
6032	7179
6032	7623
6032	7624
6032	7625
6032	8942
6033	6323
6033	7802
6035	6561
6035	7611
6037	8936
6038	1956
6038	6257
6038	7004
6040	4609
6040	6513
6040	6870
6043	7833
6044	6674
6048	7513
6049	9608
6050	6171
6051	6171
6053	834
6053	8685
6054	834
6056	4586
6056	9139
6057	6061
6057	6283
6057	6617
6057	7563
6057	9055
6057	9323
6058	198
6058	846
6058	1136
6058	1972
6058	2419
6058	2730
6058	2829
6058	4187
6058	4978
6058	5294
6058	5299
6058	5786
6058	6304
6058	6567
6058	7327
6058	7996
6058	8175
6058	8788
6058	8827
6058	9116
6058	9297
6059	89
6059	536
6059	834
6059	2410
6059	6060
6059	6061
6059	6068
6059	6069
6059	6304
6059	6432
6059	6443
6059	6465
6059	6573
6059	7161
6059	7180
6059	7507
6059	7536
6059	7767
6059	8085
6059	8280
6059	8710
6059	9323
6060	834
6060	8012
6060	8443
6060	8702
6060	8710
6060	8865
6061	6062
6061	6069
6061	6458
6061	6595
6061	6625
6061	8013
6062	6419
6062	6595
6062	7528
6062	7563
6062	7919
6062	8013
6062	8358
6063	7761
6063	9168
6063	9276
6064	7919
6064	8085
6065	8280
6065	9513
6066	835
6066	6561
6067	5077
6068	6069
6068	6170
6068	6443
6068	6458
6068	7536
6068	8085
6068	8672
6068	8710
6068	9624
6069	6439
6069	8672
6071	4204
6071	6755
6071	8907
6073	1061
6073	4204
6073	4808
6073	4977
6074	8829
6075	834
6076	4204
6080	7379
6080	7675
6081	7279
6084	6615
6087	6209
6087	6271
6087	8426
6087	8881
6088	4204
6088	7552
6089	4204
6091	6252
6092	3626
6092	4204
6092	5444
6093	9118
6094	4204
6097	7725
6100	7179
6100	7623
6100	7624
6100	7625
6100	8942
6102	6505
6104	834
6104	3746
6104	7179
6104	7524
6104	7623
6104	7624
6104	7625
6104	8061
6104	8942
6105	5063
6106	7179
6106	7623
6106	7624
6106	7625
6106	8942
6110	3093
6110	4260
6110	4593
6110	6493
6111	605
6113	8649
6114	810
6114	9471
6115	4204
6115	8667
6115	8716
6115	8777
6115	9348
6116	4973
6116	6734
6116	8865
6116	9698
6117	8646
6118	6419
6118	7705
6118	8865
6119	835
6119	6573
6124	834
6124	8515
6124	8685
6128	1202
6129	4204
6129	7175
6132	6585
6132	6890
6132	7575
6132	7579
6136	8685
6138	51
6138	52
6138	2498
6138	2942
6138	4137
6138	4295
6138	8052
6138	8481
6138	9350
6145	835
6146	7232
6147	8622
6148	8199
6150	6795
6152	4204
6153	834
6155	4254
6155	6624
6155	8844
6158	3626
6158	4204
6158	5063
6158	5444
6159	835
6160	7004
6161	6585
6161	6890
6161	7575
6161	7579
6162	8186
6163	6564
6163	6873
6164	3626
6164	4204
6164	5444
6166	536
6166	3970
6167	3626
6167	4204
6167	5444
6169	9145
6170	834
6170	4204
6170	6173
6170	6730
6170	7490
6170	9511
6171	133
6171	2498
6171	6746
6171	6965
6171	8005
6171	8377
6171	8667
6171	9144
6172	5759
6172	7179
6172	7623
6172	7624
6172	7625
6172	8942
6173	1339
6173	1341
6173	1484
6173	2082
6173	3862
6173	4289
6173	4663
6173	5172
6173	6958
6173	7536
6173	8992
6174	4883
6175	6573
6176	989
6176	1202
6176	3686
6176	7175
6176	9030
6177	6585
6177	6890
6177	7575
6177	7579
6178	6477
6178	8215
6178	8559
6178	8791
6178	8822
6178	9736
6184	834
6184	6573
6187	51
6187	52
6187	2498
6187	2942
6187	4137
6187	4295
6187	8052
6187	9290
6187	9350
6188	9642
6189	8008
6191	834
6194	6613
6194	9162
6195	8703
6196	4204
6197	1791
6197	8529
6197	8786
6197	8839
6198	9349
6200	8809
6201	8741
6203	4204
6203	6271
6203	6366
6203	6896
6203	7074
6203	7078
6203	7123
6203	7205
6203	7821
6203	7966
6203	8216
6203	8881
6203	9205
6203	9263
6203	9754
6204	6596
6204	8685
6206	8282
6207	36
6208	6471
6208	9079
6209	6628
6211	6238
6211	6241
6211	6244
6211	6253
6211	6260
6211	6331
6211	6720
6211	6722
6211	6732
6211	6852
6211	6880
6211	7079
6211	7179
6211	7414
6211	7999
6211	8611
6211	9065
6211	9084
6211	9296
6211	9330
6211	9389
6212	5759
6214	8422
6215	6592
6215	6610
6215	8098
6215	8759
6217	4358
6218	6601
6219	6573
6221	8013
6221	8865
6222	6254
6222	6271
6222	6539
6222	6542
6222	6628
6222	6806
6222	7041
6222	7052
6222	7205
6222	7529
6222	7887
6222	7998
6222	8313
6222	8802
6222	8807
6222	8881
6222	9205
6222	9263
6222	9726
6223	6674
6223	7998
6223	9353
6224	4204
6227	7279
6229	8225
6232	9095
6233	4204
6233	5444
6234	6653
6234	9679
6235	4204
6235	7999
6236	1352
6236	2597
6236	4105
6236	5843
6237	4204
6238	659
6238	1754
6238	5759
6238	6241
6238	6244
6238	6253
6238	6260
6238	6331
6238	6417
6238	6468
6238	6720
6238	6722
6238	6732
6238	6819
6238	6852
6238	6880
6238	6896
6238	7078
6238	7079
6238	7179
6238	7414
6238	7428
6238	7887
6238	7999
6238	8405
6238	8611
6238	8825
6238	9065
6238	9084
6238	9205
6238	9296
6238	9330
6238	9389
6238	9655
6241	6244
6241	6253
6241	6260
6241	6331
6241	6720
6241	6722
6241	6732
6241	6852
6241	6880
6241	7079
6241	7179
6241	7414
6241	7999
6241	8611
6241	9065
6241	9084
6241	9296
6241	9330
6241	9389
6244	2701
6244	6253
6244	6260
6244	6271
6244	6331
6244	6720
6244	6722
6244	6732
6244	6852
6244	6880
6244	7079
6244	7179
6244	7414
6244	7816
6244	7887
6244	7999
6244	8422
6244	8611
6244	8802
6244	8881
6244	9065
6244	9084
6244	9205
6244	9296
6244	9330
6244	9389
6244	9726
6245	834
6245	1227
6245	4668
6245	6366
6245	6900
6245	7824
6245	8436
6245	8674
6245	9637
6246	6384
6246	8354
6248	4204
6248	4808
6249	6566
6249	7089
6250	5063
6250	6257
6250	8406
6250	8532
6250	9414
6251	8936
6252	4204
6253	4204
6253	6260
6253	6331
6253	6720
6253	6722
6253	6732
6253	6852
6253	6880
6253	7079
6253	7179
6253	7414
6253	7999
6253	8611
6253	9065
6253	9084
6253	9296
6253	9330
6253	9389
6254	6271
6254	6366
6254	6539
6254	7103
6254	7529
6254	7887
6254	8802
6254	8807
6254	8825
6254	8881
6254	9205
6254	9263
6255	1724
6255	6723
6255	8406
6255	8532
6257	6255
6257	9510
6260	4204
6260	6331
6260	6720
6260	6722
6260	6732
6260	6852
6260	6880
6260	7079
6260	7179
6260	7414
6260	7999
6260	8611
6260	9065
6260	9084
6260	9296
6260	9330
6260	9389
6260	9637
6261	4204
6261	6271
6261	8881
6261	9205
6264	5063
6264	7004
6264	7679
6264	9243
6266	4204
6267	4204
6268	5063
6269	4204
6271	6307
6271	6309
6271	6388
6271	6443
6271	6450
6271	6465
6271	6528
6271	6532
6271	6539
6271	6542
6271	6564
6271	6628
6271	6806
6271	6967
6271	7041
6271	7052
6271	7078
6271	7091
6271	7096
6271	7098
6271	7103
6271	7110
6271	7113
6271	7116
6271	7117
6271	7123
6271	7140
6271	7205
6271	7534
6271	7714
6271	7809
6271	7821
6271	7887
6271	7912
6271	7966
6271	7998
6271	7999
6271	8207
6271	8802
6271	8807
6271	8831
6271	8881
6271	8907
6271	9075
6271	9205
6271	9230
6271	9263
6271	9266
6271	9361
6271	9370
6271	9428
6271	9649
6271	9688
6271	9726
6271	9754
6272	398
6273	8422
6274	4204
6276	8764
6277	551
6277	4204
6277	7342
6280	3563
6280	9519
6281	6755
6283	6589
6283	7563
6283	8443
6284	6947
6284	6997
6286	4204
6286	6601
6287	8098
6288	6308
6289	7999
6292	1556
6292	6679
6292	6716
6292	6967
6293	835
6293	6573
6295	1413
6295	9095
6295	9679
6302	6408
6303	2004
6304	846
6304	1136
6304	1972
6304	2419
6304	2730
6304	2829
6304	4808
6304	4978
6304	5294
6304	5299
6304	5931
6304	6063
6304	6567
6304	7996
6304	8122
6304	8603
6304	8788
6304	8827
6305	6079
6305	7340
6305	9008
6305	9053
6307	6417
6307	7052
6307	7646
6307	7683
6307	7887
6307	7991
6309	6366
6309	7062
6309	7887
6309	8643
6309	8807
6309	8825
6309	8881
6310	4786
6311	6573
6312	8791
6317	8488
6318	1010
6318	2320
6318	6643
6318	7230
6318	7410
6318	7841
6319	6539
6319	6828
6319	7091
6319	7154
6319	9266
6319	9726
6321	6469
6321	9084
6321	9124
6321	9681
6322	1497
6322	4204
6326	5311
6327	7838
6328	4068
6328	8434
6329	8685
6331	6720
6331	6722
6331	6732
6331	6852
6331	6880
6331	7079
6331	7179
6331	7414
6331	7999
6331	8611
6331	9065
6331	9084
6331	9296
6331	9330
6331	9389
6336	834
6337	8790
6338	8522
6341	1677
6341	7066
6341	8085
6341	8940
6342	9385
6343	835
6343	6573
6344	6573
6346	655
6350	1315
6353	6585
6353	6890
6353	7006
6353	7379
6353	7575
6353	7579
6354	3626
6354	4204
6354	5444
6356	5077
6357	7697
6358	834
6360	8829
6363	5541
6366	6417
6366	6450
6366	6532
6366	6538
6366	6548
6366	6559
6366	6564
6366	6596
6366	6806
6366	6896
6366	7062
6366	7078
6366	7110
6366	7205
6366	7314
6366	7339
6366	7430
6366	7529
6366	7683
6366	7809
6366	7819
6366	7824
6366	7991
6366	8216
6366	8881
6366	8951
6366	9080
6366	9190
6366	9199
6366	9263
6366	9265
6366	9266
6366	9361
6366	9612
6366	9637
6367	8685
6368	6561
6368	6722
6368	6896
6368	7074
6368	7140
6368	7824
6369	834
6370	4637
6374	8907
6375	9409
6376	6585
6376	6890
6376	7575
6376	7579
6376	7730
6376	8908
6377	6585
6377	6890
6377	7575
6377	7579
6378	8764
6379	4204
6381	1783
6381	9017
6383	2930
6383	6449
6383	7238
6387	6038
6387	7806
6388	4204
6388	6450
6388	6529
6388	6628
6388	6735
6388	6821
6388	6969
6388	7041
6388	7078
6388	7094
6388	7110
6388	7339
6388	7816
6388	8225
6388	8307
6388	8802
6388	8881
6388	9230
6388	9263
6388	9266
6388	9269
6388	9754
6390	6728
6391	5444
6392	6661
6393	8054
6395	2238
6395	5063
6395	6622
6398	6925
6403	6925
6405	7861
6406	6407
6406	6509
6406	6722
6407	6509
6407	6722
6407	8685
6407	9333
6408	9321
6410	7197
6411	9126
6416	8061
6417	6539
6417	6573
6417	6896
6417	7078
6417	7714
6417	7824
6417	8716
6417	8887
6417	8907
6417	8950
6417	9205
6417	9336
6417	9726
6419	6674
6419	6890
6419	7157
6419	8685
6419	8710
6419	9040
6419	9354
6421	8930
6426	834
6427	6573
6427	7179
6427	7623
6427	7624
6427	7625
6427	8942
6428	7157
6428	8443
6429	5444
6432	51
6432	52
6432	2498
6432	2942
6432	4137
6432	4295
6432	6595
6432	8052
6432	8672
6432	9055
6432	9350
6433	7918
6433	8685
6434	51
6434	52
6434	2498
6434	2942
6434	4137
6434	4295
6434	8052
6434	9350
6437	6585
6437	6890
6437	7575
6437	7579
6438	834
6438	4204
6439	6617
6439	6625
6439	8443
6439	8854
6440	7819
6440	8080
6441	7179
6441	7623
6441	7624
6441	7625
6441	8098
6441	8942
6442	7179
6442	7623
6442	7624
6442	7625
6442	8942
6443	2702
6443	3423
6443	3660
6443	3671
6443	4977
6443	6458
6443	6505
6443	6617
6443	6721
6443	6722
6443	6725
6443	6726
6443	6800
6443	7157
6443	7161
6443	7180
6443	7409
6443	7536
6443	7958
6443	8012
6443	8013
6443	8085
6443	8672
6443	8710
6443	8854
6443	8930
6443	9168
6443	9330
6443	9332
6443	9334
6446	6957
6446	7379
6446	9410
6448	1057
6449	7238
6450	6539
6450	8825
6450	8881
6451	7432
6452	6585
6452	6890
6452	7575
6452	7579
6454	707
6454	4134
6454	6017
6454	8487
6454	8685
6454	8962
6454	9051
6458	7958
6458	8085
6458	8443
6458	8865
6459	834
6460	4204
6460	6573
6462	4204
6464	494
6464	2228
6464	6984
6464	7932
6465	3080
6465	6970
6465	8807
6465	8881
6465	9726
6466	4204
6466	7426
6466	8685
6466	9267
6467	7302
6468	8759
6468	9639
6469	1778
6469	6819
6474	834
6480	8612
6481	842
6481	7466
6481	8233
6481	9019
6481	9118
6481	9602
6481	9674
6481	9682
6484	6968
6487	1980
6487	4223
6487	4593
6487	6618
6489	1833
6489	8005
6489	8019
6489	8040
6505	7744
6505	7918
6505	7958
6505	8013
6505	8085
6507	4204
6507	7882
6509	6722
6510	1797
6511	6979
6511	9496
6513	123
6513	693
6513	4204
6513	7011
6513	8183
6514	6757
6516	536
6516	1702
6516	3408
6516	3702
6516	4204
6516	4701
6516	5251
6516	6271
6516	6353
6516	6517
6516	6543
6516	6775
6516	6957
6516	7069
6516	9040
6516	9136
6517	4204
6518	9217
6519	4204
6519	6533
6519	7761
6520	536
6523	7179
6523	7623
6523	7624
6523	7625
6523	8942
6526	4204
6526	7179
6526	7623
6526	7624
6526	7625
6526	8942
6527	4204
6528	4204
6528	6547
6529	6735
6529	6896
6529	7887
6529	7999
6529	8802
6529	8881
6532	6564
6532	7078
6532	7314
6532	7999
6532	8216
6532	8825
6532	8881
6532	8907
6532	9205
6532	9726
6533	5063
6533	7761
6534	1194
6534	6588
6534	6674
6534	8841
6534	9341
6534	9370
6538	6896
6538	7966
6539	6542
6539	6559
6539	6734
6539	6806
6539	7041
6539	7092
6539	7094
6539	7095
6539	7103
6539	7116
6539	7205
6539	7314
6539	7339
6539	7529
6539	7714
6539	7803
6539	7811
6539	7821
6539	7887
6539	7991
6539	8212
6539	8436
6539	8802
6539	8807
6539	8825
6539	8950
6539	9075
6539	9199
6539	9263
6539	9269
6539	9336
6539	9361
6539	9637
6539	9738
6540	8301
6541	6542
6542	4204
6542	6588
6542	6628
6542	6821
6542	6957
6542	7328
6542	7651
6542	7887
6542	7978
6542	8881
6542	9139
6544	4204
6544	6547
6548	2140
6548	2829
6548	4204
6548	4916
6548	7078
6548	8709
6548	8881
6548	9040
6548	9536
6550	7536
6550	8430
6550	8685
6554	6808
6554	7740
6555	7184
6558	4336
6559	9205
6560	1141
6561	526
6561	3182
6561	4613
6561	7951
6561	8732
6561	8733
6561	8734
6562	1689
6562	5154
6562	6819
6562	7004
6563	7266
6563	8921
6563	9489
6563	9665
6563	9745
6564	6581
6564	6779
6564	6871
6564	6908
6564	6910
6564	7686
6564	7692
6564	8173
6564	8265
6564	8837
6564	8881
6564	9619
6565	8225
6567	8685
6568	834
6569	8404
6573	13
6573	15
6573	19
6573	34
6573	43
6573	124
6573	131
6573	136
6573	219
6573	263
6573	277
6573	315
6573	407
6573	431
6573	441
6573	445
6573	446
6573	455
6573	473
6573	487
6573	510
6573	521
6573	529
6573	534
6573	549
6573	597
6573	606
6573	632
6573	646
6573	654
6573	692
6573	694
6573	697
6573	725
6573	738
6573	759
6573	770
6573	773
6573	776
6573	780
6573	784
6573	799
6573	809
6573	822
6573	823
6573	824
6573	843
6573	853
6573	897
6573	900
6573	917
6573	922
6573	935
6573	941
6573	989
6573	1019
6573	1031
6573	1036
6573	1059
6573	1076
6573	1128
6573	1156
6573	1230
6573	1239
6573	1278
6573	1295
6573	1296
6573	1299
6573	1301
6573	1306
6573	1308
6573	1316
6573	1317
6573	1318
6573	1362
6573	1370
6573	1373
6573	1385
6573	1411
6573	1419
6573	1442
6573	1444
6573	1454
6573	1466
6573	1476
6573	1479
6573	1515
6573	1517
6573	1525
6573	1529
6573	1541
6573	1604
6573	1616
6573	1630
6573	1641
6573	1664
6573	1682
6573	1725
6573	1773
6573	1809
6573	1821
6573	1849
6573	1859
6573	1872
6573	1889
6573	1908
6573	1916
6573	1957
6573	1968
6573	1970
6573	2023
6573	2056
6573	2186
6573	2218
6573	2252
6573	2256
6573	2262
6573	2334
6573	2338
6573	2342
6573	2351
6573	2355
6573	2369
6573	2383
6573	2394
6573	2429
6573	2450
6573	2455
6573	2465
6573	2498
6573	2521
6573	2545
6573	2597
6573	2671
6573	2724
6573	2725
6573	2733
6573	2740
6573	2743
6573	2754
6573	2786
6573	2797
6573	2800
6573	2838
6573	2903
6573	2918
6573	2926
6573	2930
6573	2938
6573	2950
6573	2999
6573	3009
6573	3038
6573	3047
6573	3059
6573	3061
6573	3109
6573	3147
6573	3154
6573	3186
6573	3187
6573	3198
6573	3199
6573	3216
6573	3232
6573	3243
6573	3249
6573	3256
6573	3280
6573	3326
6573	3336
6573	3337
6573	3342
6573	3360
6573	3371
6573	3392
6573	3397
6573	3399
6573	3406
6573	3414
6573	3416
6573	3434
6573	3467
6573	3485
6573	3487
6573	3488
6573	3493
6573	3500
6573	3520
6573	3539
6573	3557
6573	3612
6573	3626
6573	3628
6573	3637
6573	3642
6573	3643
6573	3659
6573	3676
6573	3684
6573	3726
6573	3754
6573	3784
6573	3785
6573	3821
6573	3830
6573	3861
6573	3904
6573	3911
6573	3923
6573	3982
6573	4004
6573	4037
6573	4042
6573	4109
6573	4113
6573	4119
6573	4145
6573	4146
6573	4160
6573	4172
6573	4181
6573	4208
6573	4249
6573	4270
6573	4290
6573	4318
6573	4328
6573	4351
6573	4380
6573	4391
6573	4425
6573	4446
6573	4480
6573	4481
6573	4521
6573	4527
6573	4599
6573	4615
6573	4616
6573	4698
6573	4732
6573	4761
6573	4805
6573	4814
6573	4844
6573	4848
6573	4849
6573	4874
6573	4880
6573	4917
6573	4941
6573	4991
6573	5008
6573	5020
6573	5051
6573	5062
6573	5081
6573	5092
6573	5101
6573	5161
6573	5212
6573	5231
6573	5238
6573	5323
6573	5338
6573	5355
6573	5372
6573	5391
6573	5397
6573	5398
6573	5406
6573	5436
6573	5438
6573	5457
6573	5472
6573	5475
6573	5501
6573	5512
6573	5517
6573	5567
6573	5584
6573	5651
6573	5685
6573	5701
6573	5711
6573	5742
6573	5749
6573	5751
6573	5753
6573	5758
6573	5759
6573	5788
6573	5794
6573	5828
6573	5856
6573	5857
6573	5887
6573	5916
6573	5927
6573	5935
6573	5940
6573	5960
6573	5983
6573	6016
6573	6021
6573	6041
6573	6085
6573	6087
6573	6104
6573	6110
6573	6135
6573	6143
6573	6155
6573	6182
6573	6208
6573	6215
6573	6221
6573	6253
6573	6268
6573	6272
6573	6280
6573	6297
6573	6339
6573	6361
6573	6362
6573	6375
6573	6399
6573	6457
6573	6469
6573	6495
6573	6499
6573	6524
6573	6526
6573	6542
6573	6545
6573	6576
6573	6647
6573	6648
6573	6657
6573	6695
6573	6718
6573	6722
6573	6759
6573	6769
6573	6780
6573	6787
6573	6789
6573	6792
6573	6795
6573	6805
6573	6811
6573	6816
6573	6860
6573	6908
6573	6937
6573	6939
6573	6944
6573	6948
6573	6949
6573	6950
6573	7004
6573	7051
6573	7060
6573	7078
6573	7106
6573	7115
6573	7121
6573	7127
6573	7132
6573	7140
6573	7143
6573	7180
6573	7203
6573	7226
6573	7280
6573	7283
6573	7304
6573	7307
6573	7328
6573	7375
6573	7428
6573	7443
6573	7475
6573	7476
6573	7526
6573	7550
6573	7618
6573	7632
6573	7654
6573	7662
6573	7674
6573	7679
6573	7696
6573	7697
6573	7745
6573	7759
6573	7788
6573	7794
6573	7795
6573	7799
6573	7811
6573	7850
6573	7866
6573	7867
6573	7874
6573	7915
6573	7919
6573	7934
6573	7959
6573	7965
6573	7981
6573	7989
6573	7996
6573	8000
6573	8002
6573	8015
6573	8029
6573	8034
6573	8061
6573	8075
6573	8104
6573	8144
6573	8155
6573	8185
6573	8203
6573	8208
6573	8224
6573	8237
6573	8287
6573	8316
6573	8364
6573	8366
6573	8395
6573	8438
6573	8454
6573	8518
6573	8550
6573	8585
6573	8616
6573	8617
6573	8624
6573	8626
6573	8670
6573	8683
6573	8685
6573	8696
6573	8717
6573	8724
6573	8730
6573	8756
6573	8784
6573	8791
6573	8803
6573	8883
6573	8902
6573	8924
6573	8932
6573	8959
6573	8960
6573	8966
6573	8976
6573	9020
6573	9032
6573	9036
6573	9113
6573	9135
6573	9168
6573	9194
6573	9236
6573	9293
6573	9296
6573	9298
6573	9358
6573	9394
6573	9458
6573	9459
6573	9461
6573	9486
6573	9556
6573	9559
6573	9568
6573	9569
6573	9574
6573	9598
6573	9601
6573	9615
6573	9616
6573	9637
6573	9638
6573	9700
6573	9701
6573	9709
6573	9742
6573	9754
6578	8668
6580	7179
6580	7315
6581	6967
6581	8714
6585	4973
6585	6655
6585	6760
6585	6772
6585	6855
6585	6856
6585	7048
6585	7086
6585	7100
6585	7103
6585	7110
6585	7214
6585	7234
6585	7267
6585	7274
6585	7356
6585	7386
6585	7415
6585	7422
6585	7535
6585	7700
6585	7757
6585	7826
6585	7834
6585	7859
6585	7876
6585	7877
6585	7944
6585	7970
6585	7988
6585	8159
6585	8186
6585	8247
6585	8274
6585	8359
6585	8389
6585	8440
6585	8451
6585	8493
6585	8627
6585	8701
6585	8756
6585	8788
6585	8954
6585	8998
6585	9033
6585	9043
6585	9125
6585	9292
6585	9509
6585	9601
6585	9742
6586	8685
6588	834
6588	3143
6588	8685
6589	7563
6589	8443
6591	834
6593	6513
6594	5063
6595	8685
6595	8930
6596	8685
6597	9280
6599	4204
6601	6129
6601	6922
6601	7625
6601	7626
6601	8195
6601	8519
6603	7558
6603	9169
6603	9289
6606	7246
6607	8721
6608	526
6609	4068
6609	7730
6609	8908
6610	390
6610	8685
6611	5063
6612	9184
6615	7162
6616	7730
6616	8908
6617	7157
6617	7705
6617	7958
6618	7369
6618	7438
6618	7688
6618	7730
6618	8908
6619	6880
6619	7158
6620	8694
6621	6573
6622	834
6622	9145
6625	7561
6627	5139
6628	15
6628	68
6628	89
6628	109
6628	111
6628	124
6628	149
6628	211
6628	214
6628	219
6628	231
6628	240
6628	251
6628	254
6628	255
6628	263
6628	273
6628	274
6628	297
6628	321
6628	322
6628	327
6628	348
6628	349
6628	353
6628	383
6628	389
6628	403
6628	436
6628	455
6628	483
6628	512
6628	526
6628	529
6628	530
6628	538
6628	551
6628	559
6628	565
6628	604
6628	612
6628	623
6628	676
6628	685
6628	689
6628	694
6628	805
6628	829
6628	832
6628	900
6628	970
6628	1079
6628	1145
6628	1156
6628	1198
6628	1232
6628	1234
6628	1250
6628	1258
6628	1264
6628	1276
6628	1284
6628	1301
6628	1311
6628	1317
6628	1318
6628	1329
6628	1332
6628	1345
6628	1350
6628	1385
6628	1402
6628	1469
6628	1518
6628	1573
6628	1610
6628	1641
6628	1689
6628	1695
6628	1706
6628	1708
6628	1747
6628	1752
6628	1758
6628	1759
6628	1855
6628	1884
6628	1885
6628	1903
6628	1908
6628	1926
6628	1927
6628	1935
6628	1939
6628	1948
6628	1968
6628	1971
6628	1975
6628	2031
6628	2058
6628	2062
6628	2107
6628	2151
6628	2202
6628	2203
6628	2280
6628	2281
6628	2359
6628	2370
6628	2372
6628	2429
6628	2437
6628	2462
6628	2472
6628	2474
6628	2487
6628	2527
6628	2561
6628	2571
6628	2572
6628	2577
6628	2622
6628	2634
6628	2659
6628	2673
6628	2696
6628	2744
6628	2766
6628	2768
6628	2794
6628	2833
6628	2835
6628	2843
6628	2846
6628	2889
6628	2906
6628	2929
6628	2935
6628	2938
6628	2947
6628	2949
6628	3012
6628	3029
6628	3038
6628	3061
6628	3088
6628	3119
6628	3122
6628	3144
6628	3199
6628	3216
6628	3243
6628	3271
6628	3283
6628	3285
6628	3289
6628	3336
6628	3337
6628	3360
6628	3408
6628	3416
6628	3509
6628	3538
6628	3552
6628	3559
6628	3589
6628	3593
6628	3602
6628	3612
6628	3625
6628	3638
6628	3704
6628	3748
6628	3749
6628	3766
6628	3779
6628	3820
6628	3856
6628	3858
6628	3859
6628	3907
6628	3911
6628	3934
6628	3937
6628	3969
6628	4026
6628	4041
6628	4095
6628	4097
6628	4101
6628	4136
6628	4150
6628	4151
6628	4157
6628	4165
6628	4198
6628	4242
6628	4275
6628	4314
6628	4334
6628	4346
6628	4368
6628	4384
6628	4391
6628	4415
6628	4424
6628	4436
6628	4446
6628	4481
6628	4486
6628	4533
6628	4542
6628	4576
6628	4608
6628	4611
6628	4619
6628	4656
6628	4671
6628	4679
6628	4718
6628	4723
6628	4742
6628	4761
6628	4763
6628	4788
6628	4794
6628	4805
6628	4846
6628	4854
6628	4877
6628	4973
6628	5010
6628	5014
6628	5018
6628	5020
6628	5047
6628	5092
6628	5095
6628	5150
6628	5186
6628	5228
6628	5234
6628	5296
6628	5308
6628	5322
6628	5356
6628	5417
6628	5438
6628	5482
6628	5509
6628	5522
6628	5528
6628	5533
6628	5567
6628	5581
6628	5685
6628	5688
6628	5701
6628	5717
6628	5718
6628	5720
6628	5755
6628	5758
6628	5788
6628	5829
6628	5842
6628	5843
6628	5851
6628	5886
6628	5887
6628	5901
6628	5903
6628	5927
6628	5943
6628	5964
6628	6047
6628	6050
6628	6073
6628	6105
6628	6147
6628	6159
6628	6189
6628	6190
6628	6227
6628	6230
6628	6250
6628	6253
6628	6280
6628	6293
6628	6306
6628	6313
6628	6321
6628	6328
6628	6329
6628	6331
6628	6337
6628	6344
6628	6380
6628	6385
6628	6422
6628	6437
6628	6439
6628	6446
6628	6487
6628	6499
6628	6567
6628	6592
6628	6605
6628	6626
6628	6685
6628	6689
6628	6694
6628	6695
6628	6701
6628	6722
6628	6770
6628	6806
6628	6849
6628	6864
6628	6882
6628	6908
6628	6920
6628	6951
6628	6956
6628	7012
6628	7034
6628	7052
6628	7067
6628	7078
6628	7094
6628	7098
6628	7103
6628	7119
6628	7154
6628	7163
6628	7177
6628	7179
6628	7180
6628	7198
6628	7205
6628	7219
6628	7235
6628	7240
6628	7263
6628	7277
6628	7326
6628	7404
6628	7406
6628	7425
6628	7460
6628	7474
6628	7476
6628	7550
6628	7562
6628	7563
6628	7646
6628	7647
6628	7658
6628	7662
6628	7683
6628	7687
6628	7690
6628	7709
6628	7715
6628	7745
6628	7785
6628	7832
6628	7840
6628	7842
6628	7846
6628	7848
6628	7860
6628	7862
6628	7867
6628	7881
6628	7887
6628	7912
6628	7953
6628	7969
6628	7981
6628	7987
6628	7990
6628	7991
6628	7994
6628	7995
6628	8004
6628	8008
6628	8025
6628	8059
6628	8061
6628	8068
6628	8075
6628	8092
6628	8110
6628	8171
6628	8181
6628	8207
6628	8209
6628	8219
6628	8260
6628	8264
6628	8278
6628	8286
6628	8311
6628	8340
6628	8371
6628	8395
6628	8398
6628	8424
6628	8436
6628	8441
6628	8481
6628	8539
6628	8550
6628	8555
6628	8563
6628	8586
6628	8655
6628	8657
6628	8662
6628	8683
6628	8724
6628	8726
6628	8744
6628	8749
6628	8750
6628	8756
6628	8787
6628	8791
6628	8796
6628	8802
6628	8812
6628	8825
6628	8851
6628	8869
6628	8881
6628	8907
6628	8909
6628	8932
6628	8950
6628	8959
6628	8960
6628	8961
6628	8972
6628	8987
6628	9015
6628	9046
6628	9078
6628	9087
6628	9118
6628	9148
6628	9155
6628	9156
6628	9163
6628	9175
6628	9180
6628	9206
6628	9224
6628	9249
6628	9263
6628	9266
6628	9273
6628	9312
6628	9336
6628	9394
6628	9397
6628	9408
6628	9433
6628	9459
6628	9486
6628	9510
6628	9517
6628	9529
6628	9548
6628	9549
6628	9559
6628	9567
6628	9574
6628	9575
6628	9606
6628	9620
6628	9637
6628	9726
6628	9754
6630	834
6630	7126
6630	8685
6632	7439
6633	9399
6634	5592
6639	4204
6639	7078
6639	7094
6639	7529
6639	8320
6639	9205
6642	5139
6643	3626
6643	4204
6643	5444
6644	6771
6647	4734
6649	834
6649	6873
6649	7311
6649	8685
6651	6573
6653	834
6653	8987
6653	9205
6653	9451
6655	6890
6655	7575
6655	7579
6658	4204
6658	7205
6658	9263
6660	1475
6661	8355
6661	8816
6661	9386
6666	2410
6669	7126
6673	2410
6673	6561
6673	6674
6673	6675
6674	551
6674	1961
6674	3034
6674	3738
6674	5005
6674	5941
6674	6040
6674	6561
6674	6588
6674	6970
6674	7006
6674	8733
6674	8734
6674	9022
6674	9201
6675	6674
6675	8510
6675	8733
6675	8734
6677	7360
6679	7341
6679	7379
6679	9141
6680	7330
6681	8790
6682	3566
6682	6059
6682	6534
6684	2410
6686	6820
6689	9028
6695	461
6695	1516
6695	1560
6695	2146
6695	5864
6696	4204
6697	5303
6697	6678
6698	2410
6700	8685
6702	4204
6702	6573
6703	8233
6707	582
6707	797
6707	5024
6707	7141
6707	9331
6708	8369
6709	6561
6710	4949
6711	1806
6711	4204
6711	8140
6711	8496
6711	8685
6711	8975
6712	7221
6713	7770
6714	4600
6714	5382
6714	6491
6715	7536
6715	8119
6716	536
6716	1417
6716	1418
6716	1503
6716	2103
6716	4609
6716	6059
6716	6722
6716	6728
6716	6732
6716	6817
6716	7999
6716	8225
6716	8280
6716	9078
6716	9276
6716	9354
6716	9714
6718	5063
6718	8685
6720	1194
6720	3927
6720	6223
6720	6722
6720	6732
6720	6852
6720	6880
6720	6957
6720	7079
6720	7179
6720	7414
6720	7948
6720	7999
6720	8487
6720	8611
6720	8962
6720	9065
6720	9084
6720	9296
6720	9330
6720	9389
6721	6722
6721	6725
6721	6726
6721	9330
6721	9332
6721	9334
6722	3477
6722	4351
6722	6725
6722	6726
6722	6728
6722	6732
6722	6852
6722	6880
6722	7079
6722	7179
6722	7339
6722	7414
6722	7999
6722	8049
6722	8435
6722	8611
6722	8674
6722	8685
6722	8687
6722	9065
6722	9084
6722	9086
6722	9158
6722	9296
6722	9330
6722	9332
6722	9334
6722	9389
6723	4388
6723	7532
6723	8588
6725	6726
6725	9330
6725	9332
6725	9334
6726	9330
6726	9332
6726	9334
6728	834
6728	6732
6729	5759
6730	3546
6730	6723
6730	6820
6730	9331
6731	8924
6732	6852
6732	6880
6732	7079
6732	7179
6732	7414
6732	7730
6732	7999
6732	8611
6732	8908
6732	9065
6732	9084
6732	9296
6732	9330
6732	9389
6733	4204
6734	6779
6734	9145
6735	7052
6735	7529
6735	8216
6735	8881
6735	9190
6735	9637
6736	9259
6736	9471
6737	4204
6738	4204
6739	834
6739	6771
6739	6823
6739	8433
6740	4387
6741	5139
6743	9365
6744	5678
6746	7489
6749	6573
6751	4204
6751	7285
6751	8714
6752	3004
6752	7824
6752	8679
6752	8716
6754	7998
6755	728
6755	1956
6755	6797
6755	7763
6755	8940
6755	9243
6756	8098
6758	1143
6759	8829
6760	4204
6760	6890
6760	7575
6760	7579
6761	4204
6764	51
6764	52
6764	2498
6764	2942
6764	4137
6764	4295
6764	5489
6764	8052
6764	9350
6766	8537
6768	8307
6771	6781
6771	7732
6772	6890
6772	7575
6772	7579
6773	7152
6774	7126
6775	6679
6775	7637
6775	7838
6775	8225
6777	8685
6778	834
6779	8539
6784	5063
6785	4204
6788	8332
6788	8760
6791	4204
6795	5063
6795	7438
6796	5358
6797	7244
6797	8940
6797	9668
6798	2684
6799	676
6799	678
6799	1296
6799	7310
6799	8674
6799	8828
6799	8926
6800	2430
6800	4204
6802	7387
6802	7429
6806	2702
6806	7078
6806	7529
6806	7887
6806	8436
6806	8685
6806	8807
6806	8825
6806	8881
6806	9199
6807	4828
6808	8747
6809	7110
6809	8825
6809	8881
6816	2315
6816	2666
6816	4695
6816	5052
6816	7777
6816	8157
6816	8986
6816	9096
6817	7179
6817	7623
6817	7624
6817	7625
6817	7978
6817	7998
6817	8942
6817	9392
6818	834
6818	8266
6819	7426
6820	1985
6820	4289
6820	8620
6820	8924
6820	9071
6820	9174
6821	6896
6821	7154
6821	7821
6821	8156
6821	8422
6821	8881
6821	8887
6821	9228
6821	9336
6825	7103
6827	6925
6827	7697
6828	6967
6828	7339
6828	9205
6828	9263
6828	9637
6829	1082
6829	3564
6829	9122
6829	9745
6830	8463
6832	9530
6835	7737
6837	7752
6838	6185
6839	8685
6840	7608
6841	460
6842	7387
6843	7522
6845	9151
6846	9665
6848	7228
6851	4413
6851	6947
6852	6880
6852	7079
6852	7179
6852	7414
6852	7999
6852	8611
6852	9065
6852	9084
6852	9296
6852	9330
6852	9389
6854	7706
6854	7978
6854	8332
6855	6890
6855	7575
6855	7579
6855	7882
6856	6890
6856	7575
6856	7579
6857	835
6857	6573
6858	6009
6858	6303
6859	1778
6861	4204
6865	6005
6865	7978
6866	2567
6867	6573
6872	834
6872	8300
6873	8685
6873	9412
6874	8986
6876	4204
6880	7079
6880	7179
6880	7414
6880	7999
6880	8443
6880	8611
6880	8685
6880	9065
6880	9084
6880	9296
6880	9330
6880	9389
6882	834
6884	9554
6884	9580
6887	9002
6889	8685
6890	7048
6890	7086
6890	7100
6890	7103
6890	7110
6890	7214
6890	7234
6890	7267
6890	7274
6890	7356
6890	7386
6890	7415
6890	7422
6890	7535
6890	7757
6890	7826
6890	7834
6890	7859
6890	7876
6890	7877
6890	7944
6890	7970
6890	7988
6890	8159
6890	8186
6890	8247
6890	8274
6890	8359
6890	8389
6890	8440
6890	8451
6890	8493
6890	8627
6890	8701
6890	8756
6890	8788
6890	8954
6890	8998
6890	9033
6890	9043
6890	9125
6890	9292
6890	9509
6890	9601
6890	9742
6895	3626
6895	4204
6895	5444
6896	2424
6896	4380
6896	5677
6896	5694
6896	6795
6896	7035
6896	7103
6896	7110
6896	7113
6896	7116
6896	7339
6896	7529
6896	7881
6896	7887
6896	7999
6896	8207
6896	8273
6896	8422
6896	8807
6896	8820
6896	8825
6896	8881
6896	8907
6896	9041
6896	9263
6896	9336
6896	9726
6897	6635
6898	4106
6898	5262
6899	1417
6899	1418
6901	3563
6901	3827
6901	4663
6901	4973
6901	5154
6901	6534
6901	7596
6901	8365
6901	9106
6901	9346
6902	834
6902	5759
6902	8674
6902	9084
6903	1401
6903	3563
6903	4204
6903	7730
6903	7767
6903	7769
6903	8588
6903	8908
6903	9205
6905	6564
6906	9708
6911	4204
6911	6573
6912	8242
6914	9495
6915	4289
6915	6469
6916	3626
6916	4204
6916	5444
6921	7540
6924	835
6925	834
6925	7050
6925	8901
6926	4204
6926	6934
6926	7665
6934	8333
6938	4330
6938	4447
6938	8615
6938	8752
6940	4204
6940	7232
6943	644
6943	3182
6943	4156
6943	4762
6943	4977
6943	7066
6944	9370
6947	225
6947	1061
6947	1667
6947	7230
6948	8005
6948	8019
6948	8839
6950	8208
6952	7763
6953	834
6953	8685
6954	834
6954	8924
6955	526
6955	2410
6955	6561
6955	6674
6955	6675
6957	834
6957	3827
6957	4204
6957	5444
6957	5941
6957	6271
6957	7328
6957	7603
6957	7978
6957	8362
6957	8424
6957	8728
6957	9022
6957	9028
6957	9370
6957	9440
6957	9688
6962	4204
6963	8685
6965	7967
6967	7339
6967	8881
6967	9361
6968	4204
6968	7776
6969	5029
6969	8225
6970	9040
6971	5139
6972	4892
6972	5491
6972	6084
6973	7179
6973	7623
6973	7624
6973	7625
6973	8942
6974	7179
6974	7623
6974	7624
6974	7625
6974	8942
6974	9281
6975	1217
6975	1548
6975	1945
6975	7179
6975	7623
6975	7624
6975	7625
6975	8005
6975	8942
6976	3626
6976	4204
6976	5444
6977	6573
6978	8685
6979	8105
6980	6573
6981	834
6982	2058
6982	4668
6983	4204
6983	5311
6984	5759
6984	9248
6986	8747
6987	4023
6990	7649
6991	834
6991	5572
6991	8902
6994	7179
6994	7623
6994	7624
6994	7625
6994	8942
6997	7309
6997	7655
6997	8566
6999	6573
7001	6573
7004	7464
7004	7679
7004	8405
7004	8428
7004	9074
7007	4204
7009	4979
7009	5521
7009	8936
7010	834
7010	8685
7010	8798
7010	9688
7013	8790
7014	6561
7015	1545
7015	2374
7015	3702
7015	3827
7015	4637
7015	4819
7015	5307
7015	6517
7015	6720
7015	7215
7015	7671
7015	8197
7015	8962
7015	9341
7015	9353
7018	2444
7018	7590
7019	7675
7019	8685
7020	7675
7022	4562
7022	4563
7023	8685
7024	5759
7025	1866
7025	1868
7025	1879
7025	1880
7025	1886
7025	1887
7025	1888
7025	4561
7025	4583
7025	4611
7025	5432
7025	7730
7025	8908
7027	8565
7030	7265
7031	6633
7034	4204
7035	7438
7036	9392
7037	7329
7041	7052
7041	7078
7041	7887
7041	8216
7041	8313
7041	8775
7041	8802
7041	8881
7041	8907
7041	9205
7041	9637
7041	9726
7041	9754
7042	8208
7043	7355
7044	9745
7045	7614
7045	8349
7045	8597
7045	9451
7047	7366
7047	8349
7050	7706
7052	7205
7052	7328
7052	7529
7052	7887
7052	8802
7052	8807
7052	8881
7052	8950
7052	9205
7052	9263
7052	9361
7052	9726
7054	7761
7054	8672
7054	9168
7055	1715
7057	605
7058	8049
7058	8435
7058	8685
7061	4204
7062	5759
7062	8436
7062	8965
7062	9263
7067	1160
7068	6573
7069	3626
7069	5444
7069	8210
7070	3626
7070	5444
7070	7094
7071	4204
7074	834
7074	8685
7074	9637
7076	2374
7076	4973
7076	6443
7076	7135
7076	9336
7078	7113
7078	7116
7078	7205
7078	7328
7078	7529
7078	7803
7078	7887
7078	7902
7078	8361
7078	8436
7078	8802
7078	8807
7078	8825
7078	8881
7078	9075
7078	9263
7078	9266
7078	9269
7078	9336
7078	9361
7078	9485
7078	9637
7078	9649
7078	9726
7079	4204
7079	7179
7079	7414
7079	7999
7079	8611
7079	9065
7079	9084
7079	9296
7079	9330
7079	9389
7080	8404
7082	5444
7084	834
7086	7575
7086	7579
7091	7101
7091	7116
7091	9263
7093	7135
7094	8825
7095	9190
7096	4204
7096	9016
7100	4204
7100	7575
7100	7579
7101	834
7101	7149
7102	5133
7102	7132
7102	7136
7102	7138
7102	7154
7103	7575
7103	7579
7103	7683
7103	7991
7103	8881
7103	9266
7109	5444
7110	3562
7110	7205
7110	7575
7110	7579
7110	7887
7110	8207
7110	8216
7110	8802
7110	8807
7110	8881
7110	9205
7110	9637
7110	9726
7113	8685
7116	7824
7116	7999
7116	8216
7116	8881
7116	9190
7117	8207
7117	8881
7120	6223
7120	8487
7121	8397
7122	3626
7122	4204
7122	5444
7122	7513
7123	7887
7123	8802
7123	8881
7123	9205
7123	9726
7124	7887
7124	7998
7124	8313
7124	8881
7124	9205
7124	9726
7126	7366
7126	8181
7126	8559
7128	9363
7129	2410
7133	4204
7136	5444
7143	4204
7144	8225
7145	7075
7145	7076
7145	7132
7146	8214
7151	7966
7152	7096
7153	5444
7154	7534
7154	7824
7154	8320
7154	9190
7154	9336
7155	6963
7156	8481
7157	8443
7161	536
7161	2103
7161	4812
7161	7180
7161	7379
7161	9168
7161	9378
7161	9529
7164	7179
7164	7623
7164	7624
7164	7625
7164	8942
7168	8881
7168	9190
7170	8411
7173	551
7175	4067
7175	6573
7176	5097
7178	4204
7179	279
7179	2464
7179	4204
7179	4441
7179	5764
7179	7414
7179	7623
7179	7624
7179	7625
7179	7634
7179	7750
7179	7810
7179	7918
7179	7978
7179	7999
7179	8050
7179	8069
7179	8079
7179	8234
7179	8444
7179	8611
7179	8638
7179	8643
7179	8679
7179	8942
7179	8944
7179	9029
7179	9065
7179	9084
7179	9209
7179	9288
7179	9296
7179	9330
7179	9389
7179	9550
7180	1141
7180	2791
7180	4204
7180	8672
7180	9168
7180	9276
7181	834
7181	8685
7182	4204
7182	4633
7184	3047
7184	7073
7184	7570
7184	8975
7186	4204
7187	4204
7189	8829
7190	4204
7193	9118
7195	7211
7195	8829
7197	8685
7201	1149
7201	3626
7201	4204
7201	5444
7201	6573
7202	9170
7204	834
7204	4204
7204	8625
7205	7339
7205	7529
7205	7809
7205	7821
7205	7887
7205	7912
7205	8273
7205	8802
7205	8825
7205	8881
7205	9071
7205	9190
7205	9205
7205	9263
7205	9361
7205	9726
7205	9754
7209	4204
7211	9531
7213	8685
7214	834
7214	7575
7214	7579
7215	1300
7215	2602
7215	3566
7215	4715
7215	4840
7215	5743
7215	6470
7215	9484
7216	9581
7217	834
7220	7321
7221	8685
7222	4204
7223	7406
7228	7546
7228	8705
7228	8830
7228	9619
7231	834
7231	7232
7231	7330
7232	7627
7234	7575
7234	7579
7235	3626
7235	4204
7235	5444
7238	4204
7238	9588
7238	9639
7239	2927
7239	3564
7239	4486
7239	4637
7239	5521
7239	6244
7239	6817
7239	6819
7239	7439
7239	7536
7240	1565
7240	1685
7243	605
7244	3575
7244	4089
7248	834
7254	7529
7254	8881
7257	9452
7258	7344
7263	1976
7265	4089
7265	7378
7266	5197
7267	7575
7267	7579
7269	9414
7271	5444
7272	8121
7272	8241
7273	835
7274	7575
7274	7579
7275	5139
7275	5899
7285	8714
7286	9165
7287	8486
7292	834
7293	6573
7293	7821
7296	834
7297	8406
7300	4204
7302	9205
7303	4068
7303	7032
7303	7559
7305	8595
7307	8941
7309	8489
7310	8685
7311	9454
7313	834
7313	8685
7314	5063
7314	7646
7314	7974
7314	8820
7314	9080
7314	9199
7314	9265
7314	9637
7315	3671
7315	6548
7315	7609
7315	8095
7315	8976
7315	8984
7315	9188
7315	9714
7318	1304
7318	4099
7319	834
7320	5063
7322	4204
7323	6351
7323	6833
7324	5700
7325	8947
7327	3570
7327	4902
7328	7887
7328	8030
7328	8802
7328	9205
7328	9263
7329	3671
7329	4902
7331	5063
7332	4204
7332	5444
7333	6573
7334	9263
7335	8936
7336	4204
7336	8499
7337	4204
7339	7714
7339	7785
7339	7824
7339	7887
7339	8216
7339	8820
7339	9199
7339	9205
7339	9263
7339	9265
7339	9269
7339	9726
7343	2410
7343	6561
7343	6674
7344	6561
7345	3276
7345	7978
7345	9022
7348	7732
7349	8829
7352	8685
7353	513
7353	7552
7354	526
7354	6561
7355	4204
7355	7529
7356	1168
7356	7459
7356	7575
7356	7579
7357	7471
7358	703
7358	1515
7358	4156
7358	9341
7360	7643
7360	8666
7360	8709
7362	4204
7363	3241
7369	3092
7371	7986
7371	8300
7372	6573
7373	834
7376	7853
7378	7730
7378	8588
7378	8908
7378	9349
7379	1826
7379	2149
7379	8095
7379	8367
7379	8666
7379	8841
7379	9022
7379	9040
7381	8174
7381	9555
7382	8280
7386	7575
7386	7579
7387	7429
7387	8763
7388	4819
7388	6588
7388	7671
7388	8954
7392	834
7393	8382
7394	6573
7397	6573
7399	835
7401	835
7401	6573
7403	3241
7403	4204
7403	7032
7404	2498
7404	8364
7406	4256
7408	7710
7410	834
7411	834
7411	4204
7411	8685
7412	4067
7414	7999
7414	8611
7414	9065
7414	9084
7414	9296
7414	9330
7414	9389
7415	7575
7415	7579
7416	8096
7416	8456
7418	7959
7418	9708
7419	7759
7419	8685
7420	9259
7421	9568
7422	7575
7422	7579
7424	2897
7426	8920
7426	9118
7426	9414
7427	4204
7427	7834
7428	2043
7428	3090
7428	6257
7428	8639
7430	7887
7430	7989
7430	8414
7430	8685
7430	8802
7430	8881
7433	8088
7433	9139
7435	6583
7436	2637
7436	6244
7436	8532
7436	9414
7438	7881
7438	9041
7439	6829
7440	6573
7442	4358
7444	8881
7445	4204
7447	1658
7449	4426
7450	6481
7452	6573
7455	6561
7456	6561
7456	6669
7457	8463
7460	7895
7462	7500
7463	4602
7464	1151
7464	1956
7464	6257
7464	6285
7464	6819
7464	7763
7466	9006
7467	9132
7470	699
7470	7744
7473	1061
7473	2215
7473	7813
7473	8376
7473	8896
7477	380
7478	6146
7480	5063
7481	4204
7482	605
7482	835
7482	6996
7484	4204
7486	378
7487	834
7491	3626
7491	4204
7491	5444
7494	3533
7495	9472
7496	4204
7497	3626
7497	4204
7497	5444
7501	362
7501	7675
7501	9502
7502	1833
7504	4204
7504	5444
7504	8199
7505	8685
7506	8697
7511	2193
7511	5246
7512	7920
7513	8089
7516	4425
7516	7955
7517	9647
7518	8149
7520	4204
7521	8685
7525	4141
7528	8829
7529	7887
7529	7991
7529	8463
7529	8716
7529	8825
7529	8881
7529	9205
7529	9485
7529	9612
7529	9637
7529	9754
7531	8098
7533	8685
7534	9254
7535	6674
7535	7575
7535	7579
7536	6799
7536	8085
7536	8672
7536	8685
7536	8710
7536	8714
7536	8930
7537	8685
7543	536
7543	4977
7543	6902
7543	9536
7543	9754
7547	605
7548	4204
7549	7555
7558	4204
7559	7691
7561	7705
7561	8233
7561	8710
7563	8013
7565	7984
7566	4204
7568	834
7568	8789
7569	6573
7570	842
7571	7907
7573	5063
7575	7048
7575	7757
7575	7826
7575	7834
7575	7859
7575	7876
7575	7877
7575	7944
7575	7970
7575	8159
7575	8186
7575	8247
7575	8274
7575	8359
7575	8389
7575	8440
7575	8451
7575	8493
7575	8627
7575	8701
7575	8756
7575	8788
7575	8954
7575	8998
7575	9033
7575	9043
7575	9125
7575	9292
7575	9509
7575	9601
7575	9742
7576	8252
7579	6573
7579	7048
7579	7757
7579	7826
7579	7834
7579	7859
7579	7876
7579	7877
7579	7944
7579	7970
7579	8159
7579	8186
7579	8247
7579	8274
7579	8359
7579	8389
7579	8440
7579	8451
7579	8493
7579	8627
7579	8701
7579	8756
7579	8788
7579	8954
7579	8998
7579	9033
7579	9043
7579	9125
7579	9292
7579	9509
7579	9601
7579	9742
7581	4204
7581	6573
7588	4204
7593	9324
7595	8084
7596	8219
7597	4204
7598	8084
7598	8790
7600	5063
7603	8362
7603	8685
7604	9364
7606	9513
7615	8571
7615	9145
7616	8009
7616	8668
7617	6573
7620	7932
7621	834
7623	7634
7623	7750
7623	7810
7623	7918
7623	8050
7623	8069
7623	8079
7623	8234
7623	8444
7623	8638
7623	8643
7623	8944
7623	9029
7623	9209
7623	9288
7624	7634
7624	7750
7624	7810
7624	7918
7624	8050
7624	8069
7624	8079
7624	8234
7624	8444
7624	8638
7624	8643
7624	8944
7624	9029
7624	9209
7624	9288
7624	9325
7625	7634
7625	7750
7625	7810
7625	7918
7625	8050
7625	8069
7625	8079
7625	8234
7625	8444
7625	8638
7625	8643
7625	8944
7625	9029
7625	9209
7625	9288
7626	8829
7627	33
7627	3633
7627	8634
7627	8700
7627	9168
7631	4204
7631	8685
7633	6573
7634	8790
7634	8942
7636	605
7636	9145
7637	531
7637	989
7637	6674
7637	7838
7637	8225
7637	8506
7637	8545
7639	834
7639	8685
7640	8900
7644	7999
7645	8829
7647	6561
7647	8492
7649	9383
7652	8364
7653	1110
7656	4734
7656	7404
7660	4204
7661	8829
7666	834
7670	605
7671	707
7671	6674
7675	8527
7675	8781
7675	9002
7677	3151
7677	8396
7677	9383
7678	6573
7680	834
7683	8397
7683	8825
7683	8881
7683	9205
7683	9637
7688	1194
7690	605
7690	6573
7693	8829
7694	3241
7694	4562
7694	6193
7694	9168
7697	9132
7698	835
7698	6573
7699	8369
7700	6890
7700	7575
7700	7579
7701	5453
7704	8812
7708	3626
7708	4204
7708	5444
7709	8649
7711	834
7713	8924
7713	9756
7714	7816
7717	834
7717	835
7718	6573
7718	8685
7719	8790
7723	835
7723	6573
7726	5444
7730	7786
7730	7854
7730	8236
7730	9334
7732	7900
7732	8206
7732	8600
7732	9142
7732	9167
7732	9351
7732	9491
7739	4204
7740	834
7740	6573
7742	8002
7742	9186
7743	6561
7744	7928
7744	8725
7745	1152
7746	4204
7748	8685
7748	8936
7749	8685
7750	1003
7750	2602
7750	5379
7750	8658
7750	8685
7750	8942
7750	9276
7751	8685
7754	6573
7755	9210
7756	8790
7756	9336
7758	7759
7759	1280
7759	1285
7759	7761
7759	8648
7759	8672
7759	8685
7761	1141
7761	9168
7762	4685
7762	4979
7767	4388
7767	7769
7768	2058
7768	4113
7768	9550
7769	179
7769	5848
7769	7978
7770	834
7770	4204
7771	7887
7771	8881
7771	8950
7772	6059
7773	1702
7773	9143
7773	9618
7774	5139
7775	834
7778	1956
7780	5139
7781	5139
7782	4637
7782	6818
7785	8881
7786	8908
7787	1202
7789	6573
7792	3646
7796	8685
7797	6573
7798	9451
7799	8758
7800	3848
7800	5055
7801	647
7801	4204
7801	6561
7804	8829
7806	8151
7806	9094
7808	6573
7809	8802
7809	8881
7809	9205
7810	8942
7811	3626
7811	4204
7811	5444
7811	8685
7815	9084
7816	1724
7816	9726
7817	4663
7817	9329
7819	8078
7821	7887
7821	8426
7821	8802
7821	8807
7821	8825
7821	8881
7821	8950
7821	9205
7821	9336
7821	9754
7824	8881
7825	4204
7828	4204
7830	4204
7832	4204
7836	6695
7836	6957
7836	8506
7838	1636
7838	2170
7838	4204
7838	4382
7838	6674
7838	8545
7838	8755
7838	8962
7843	4387
7843	6947
7843	7410
7845	4277
7845	8396
7846	8308
7850	8685
7853	797
7854	8908
7857	6573
7858	4204
7861	8218
7861	8714
7861	9144
7863	4204
7865	8737
7867	1307
7869	834
7870	8747
7871	4131
7873	9032
7875	8685
7875	9071
7876	5548
7879	9104
7882	605
7882	6573
7883	3626
7883	4204
7883	5444
7884	834
7884	8685
7885	6573
7886	373
7886	2791
7886	5154
7886	8534
7886	8790
7886	9754
7887	8802
7887	8807
7887	8825
7887	8881
7887	8907
7887	9075
7887	9205
7887	9249
7887	9263
7887	9637
7887	9726
7887	9754
7888	208
7888	4238
7888	4359
7888	6300
7889	3662
7891	2487
7891	4204
7892	834
7893	4204
7901	4830
7904	3626
7904	4204
7904	5444
7906	6573
7909	9565
7912	8881
7918	4204
7918	5764
7918	7958
7918	8673
7919	8710
7922	5139
7926	8829
7927	4431
7927	5654
7928	8016
7928	8137
7929	8060
7929	8349
7934	3626
7934	4204
7934	5444
7937	6017
7947	4204
7948	1194
7948	2101
7948	3142
7948	3702
7948	4701
7948	4882
7948	6561
7948	6957
7948	6970
7948	8487
7948	8923
7948	8962
7949	6561
7950	8202
7952	4204
7953	834
7953	8685
7955	8377
7958	51
7958	52
7958	2498
7958	2507
7958	2942
7958	4137
7958	4295
7958	5489
7958	8052
7958	8610
7958	8611
7958	8685
7958	8940
7958	9350
7960	4204
7961	6573
7962	4204
7963	9375
7967	9012
7972	834
7973	5444
7974	8881
7974	9205
7974	9263
7977	5444
7979	7073
7982	8031
7983	989
7986	1141
7986	1151
7986	1402
7986	1419
7986	3129
7986	4093
7986	5880
7986	6104
7986	6238
7986	6819
7987	5052
7987	9566
7987	9673
7988	7575
7988	7579
7991	8716
7991	9263
7991	9336
7992	8790
7994	4204
7994	7955
7996	834
7997	6321
7998	8881
7999	5346
7999	6518
7999	6957
7999	8280
7999	8611
7999	9065
7999	9084
7999	9296
7999	9330
7999	9389
8003	8004
8003	8005
8004	8005
8005	8839
8008	4204
8012	1745
8013	8085
8013	8854
8016	8137
8019	8203
8019	8562
8019	8760
8020	6573
8021	8685
8022	834
8022	8685
8024	6490
8026	4204
8027	8702
8027	9432
8028	4204
8030	6573
8032	6573
8033	8034
8034	9553
8039	4204
8040	8203
8043	605
8044	4204
8049	8685
8050	8942
8054	282
8054	6573
8054	6814
8055	8105
8055	8369
8055	8818
8056	4204
8061	1484
8061	2173
8061	8422
8061	9084
8061	9681
8065	2550
8065	7836
8065	7999
8065	8095
8065	8506
8069	8942
8072	834
8079	8942
8080	5759
8083	8319
8085	791
8085	1133
8085	1330
8085	1334
8085	2561
8085	3081
8085	3082
8085	3546
8085	3626
8085	4204
8085	4669
8085	5059
8085	5444
8085	5501
8085	5843
8085	6170
8085	8422
8085	8672
8085	8674
8085	8710
8086	834
8086	938
8086	7855
8087	834
8093	5444
8094	5063
8095	2718
8096	2487
8096	4485
8096	4685
8096	9349
8096	9507
8096	9550
8096	9734
8098	457
8098	9329
8099	4204
8101	8828
8104	8790
8106	9295
8107	8349
8112	8731
8115	8807
8118	7179
8118	7623
8118	7624
8118	7625
8118	8942
8120	2103
8123	5444
8127	5063
8129	5063
8130	4204
8133	1699
8133	2424
8133	8019
8133	8935
8134	4204
8137	551
8137	6679
8137	8949
8139	8685
8146	4958
8146	5737
8146	9238
8149	1724
8149	2666
8149	7806
8149	9094
8153	7681
8153	8542
8155	676
8155	2896
8155	5052
8155	5063
8156	4204
8156	6722
8156	9754
8157	4204
8157	5707
8157	9488
8157	9497
8157	9507
8158	8186
8162	1059
8162	6573
8169	8710
8170	9145
8178	7978
8178	8790
8180	3626
8180	4204
8180	5444
8183	6561
8184	4204
8191	6573
8192	8700
8193	8019
8193	8113
8195	8881
8197	647
8197	1515
8197	1813
8197	4819
8197	4902
8197	4973
8197	7161
8197	7179
8197	7623
8197	7624
8197	7625
8197	8942
8197	8976
8197	9366
8200	676
8200	5059
8200	6723
8202	3235
8202	6771
8202	8540
8203	626
8203	2362
8203	2628
8203	2913
8203	8479
8203	8504
8203	8848
8204	9677
8207	8283
8207	8881
8207	9205
8207	9726
8210	453
8210	3570
8210	4612
8210	6080
8210	7328
8210	8283
8212	9205
8215	8397
8216	834
8216	8685
8216	9016
8216	9080
8216	9263
8216	9754
8218	8849
8220	4204
8220	7880
8220	8716
8220	9349
8221	9028
8225	4382
8225	8755
8225	8878
8225	9126
8226	5063
8228	8364
8229	2523
8232	842
8232	4204
8232	5880
8232	7426
8232	8924
8232	9081
8232	9103
8232	9275
8233	842
8233	6342
8233	8282
8234	6573
8234	8942
8235	7214
8236	8908
8236	9396
8237	4204
8238	4469
8238	6561
8248	835
8249	9346
8252	9346
8253	2829
8253	6271
8253	7078
8253	7821
8253	8881
8254	9356
8257	4726
8257	9566
8257	9709
8266	834
8266	8685
8273	9205
8273	9726
8274	9664
8275	4204
8280	8666
8280	8952
8282	8828
8285	6573
8291	6573
8294	2497
8295	5139
8296	3626
8296	5444
8300	8924
8301	8302
8303	8304
8306	3611
8306	5139
8307	3564
8312	2232
8313	8802
8313	8881
8314	4071
8314	6819
8319	7510
8320	4204
8320	8881
8324	9319
8325	5154
8325	9357
8328	4204
8331	4204
8332	4387
8332	8874
8335	8372
8339	6342
8339	9608
8339	9709
8342	5139
8343	6823
8344	6068
8347	9445
8352	5139
8354	6257
8356	5139
8357	4298
8358	8845
8358	9671
8361	8881
8363	8210
8364	4204
8364	8697
8365	9069
8367	7637
8368	8801
8369	3939
8369	9262
8373	605
8373	8685
8376	8615
8377	759
8377	6128
8378	8685
8382	4204
8382	8881
8384	6573
8386	6573
8387	6573
8392	7177
8394	330
8395	8725
8396	4104
8396	4387
8396	7405
8396	8751
8397	8882
8399	8364
8400	4204
8400	8942
8402	3754
8403	9546
8405	2004
8405	4663
8405	6573
8406	834
8408	834
8409	9118
8413	6573
8413	9187
8414	7978
8414	9524
8417	2264
8417	3825
8417	5063
8417	8679
8418	5063
8422	8463
8422	8588
8422	9392
8426	4204
8426	8881
8427	8881
8430	8685
8432	8881
8435	835
8435	6573
8435	8672
8435	8685
8436	8881
8437	8474
8439	9385
8440	2231
8440	4254
8440	6588
8442	1562
8442	2592
8442	2623
8442	2688
8442	5955
8442	7790
8442	8019
8443	6722
8443	8854
8443	8940
8444	4204
8444	8942
8445	6601
8447	4204
8448	1395
8448	2341
8448	2417
8448	8722
8448	8844
8449	5444
8453	8790
8455	659
8455	1417
8455	5759
8456	659
8456	835
8456	1417
8456	5759
8458	487
8458	6573
8459	4204
8459	5444
8461	8685
8462	8685
8463	9240
8468	834
8469	834
8469	8685
8470	8486
8471	688
8471	1194
8471	2441
8471	4385
8471	6513
8471	6561
8471	6740
8471	9040
8472	6573
8475	3768
8478	1833
8478	2566
8478	7468
8484	1194
8484	8280
8486	2410
8486	4204
8486	6674
8486	9217
8487	1817
8487	3240
8487	6561
8487	6674
8487	9078
8490	9412
8491	4204
8494	3417
8498	9032
8499	6405
8501	4204
8504	3120
8507	6561
8508	6561
8509	835
8509	6573
8511	3570
8511	4204
8520	5055
8520	6796
8522	533
8522	6561
8522	8962
8523	2410
8526	4204
8528	491
8529	5163
8531	9118
8532	5315
8533	6573
8537	8685
8538	5063
8539	834
8545	1639
8545	3570
8545	3807
8545	4378
8545	4792
8545	4908
8545	6446
8545	6538
8545	6716
8545	7794
8545	8734
8545	9076
8548	3626
8548	4204
8548	4924
8548	5444
8548	8822
8548	8945
8549	4381
8549	6564
8550	7004
8551	835
8552	5139
8552	7573
8553	1194
8554	1833
8554	3907
8556	835
8556	6573
8557	4093
8557	4641
8559	6669
8560	8685
8561	9115
8562	1395
8562	6185
8564	8622
8569	8685
8570	834
8572	9440
8574	834
8582	6874
8587	4265
8589	6573
8592	307
8592	4249
8592	7231
8592	8023
8594	698
8594	1201
8594	4358
8594	5642
8598	835
8599	9283
8604	3937
8606	3775
8606	5300
8606	8066
8610	8611
8611	9065
8611	9084
8611	9296
8611	9330
8611	9389
8615	1237
8615	2432
8615	7158
8620	9309
8625	9566
8628	8685
8630	9145
8631	835
8631	3907
8634	8685
8635	6530
8636	8829
8638	1395
8638	2228
8638	3176
8638	5774
8638	7403
8638	8942
8639	961
8639	3328
8639	6600
8639	8685
8643	8942
8648	1956
8648	8795
8650	1201
8656	3093
8656	3944
8659	4093
8660	4204
8660	5444
8660	7732
8663	4387
8663	9393
8664	4204
8666	1157
8666	3571
8666	6534
8671	9132
8672	835
8672	1242
8672	1244
8672	1417
8672	2560
8672	2829
8672	4379
8672	4577
8672	4973
8672	5283
8672	5730
8672	6716
8672	7132
8672	7918
8672	8685
8672	8710
8672	8827
8672	8865
8672	8895
8672	8942
8672	9276
8673	2560
8673	8685
8674	373
8674	835
8674	1242
8674	1244
8674	1334
8674	1417
8674	2829
8674	4204
8674	4379
8674	4577
8674	4973
8674	5283
8674	5730
8674	6716
8674	7132
8674	8895
8674	9276
8675	7073
8676	835
8676	1242
8676	1244
8676	1417
8676	2829
8676	4379
8676	4577
8676	4973
8676	5283
8676	5730
8676	6716
8676	7132
8676	8895
8676	9276
8678	1766
8679	3889
8679	9207
8685	52
8685	114
8685	116
8685	242
8685	247
8685	676
8685	747
8685	812
8685	832
8685	836
8685	876
8685	1243
8685	1265
8685	1267
8685	1272
8685	1275
8685	1288
8685	1369
8685	1418
8685	1425
8685	1519
8685	1752
8685	1755
8685	1756
8685	1758
8685	1788
8685	1981
8685	2054
8685	2372
8685	2497
8685	2504
8685	2524
8685	2913
8685	3150
8685	3896
8685	4092
8685	4117
8685	4572
8685	4573
8685	4577
8685	4580
8685	4582
8685	4587
8685	4593
8685	4605
8685	4607
8685	4618
8685	4619
8685	4628
8685	4723
8685	4734
8685	4988
8685	5024
8685	5137
8685	5262
8685	5489
8685	5683
8685	5726
8685	5727
8685	5729
8685	5891
8685	5899
8685	5908
8685	6014
8685	6016
8685	6059
8685	6065
8685	6170
8685	6173
8685	6430
8685	6435
8685	6436
8685	6438
8685	6439
8685	6736
8685	6799
8685	6970
8685	6974
8685	7056
8685	7160
8685	7161
8685	7192
8685	7315
8685	7316
8685	7453
8685	7454
8685	7514
8685	7918
8685	7979
8685	7980
8685	8070
8685	8074
8685	8076
8685	8080
8685	8082
8685	8117
8685	8334
8685	8351
8685	8456
8685	8724
8685	8828
8685	8888
8685	8961
8685	8977
8685	9030
8685	9031
8685	9168
8685	9170
8685	9207
8685	9208
8685	9276
8685	9333
8685	9334
8685	9365
8685	9367
8685	9380
8687	9086
8692	834
8692	8685
8698	6573
8701	2234
8701	4405
8701	6573
8701	6965
8702	8846
8704	8685
8706	4204
8706	9069
8708	8685
8714	9323
8716	834
8716	1999
8716	8841
8716	8881
8716	9199
8721	4303
8721	5331
8725	193
8725	1340
8725	8809
8735	6674
8738	8685
8740	6573
8743	4204
8746	834
8746	5063
8746	8685
8747	9691
8755	3276
8755	6674
8756	834
8758	9479
8759	8983
8759	9642
8759	9717
8760	6589
8760	6680
8761	4204
8762	2371
8765	4204
8769	9455
8770	4204
8771	834
8772	2625
8773	5444
8774	9455
8778	9280
8786	6496
8786	8005
8786	8620
8786	9735
8790	5063
8790	9107
8791	7175
8792	2712
8792	4209
8792	5139
8794	3626
8794	4204
8794	5444
8799	1157
8799	9665
8802	3375
8802	5444
8802	5848
8802	8825
8802	8881
8802	8907
8802	9205
8802	9230
8802	9263
8802	9361
8802	9726
8802	9754
8804	1494
8806	1141
8807	8825
8807	8881
8807	9205
8808	4204
8808	8831
8811	6573
8814	2776
8817	6573
8817	8005
8819	2702
8820	51
8820	52
8820	2498
8820	2942
8820	4137
8820	4295
8820	8052
8820	8881
8820	9350
8821	8685
8824	834
8825	5063
8825	8881
8825	9075
8825	9205
8825	9637
8825	9726
8827	9168
8828	9608
8829	9539
8840	6573
8841	9333
8842	834
8842	8685
8844	166
8844	2592
8844	4231
8844	6490
8844	7369
8844	7403
8848	4204
8852	1898
8852	6669
8852	7408
8854	2884
8854	6573
8858	834
8858	4204
8859	1181
8859	6206
8861	4204
8863	1312
8863	3280
8870	834
8870	8685
8872	4204
8874	834
8877	5444
8879	3626
8879	4204
8879	5444
8881	8907
8881	9075
8881	9190
8881	9205
8881	9230
8881	9263
8881	9265
8881	9266
8881	9269
8881	9361
8881	9612
8881	9637
8881	9649
8881	9726
8881	9754
8884	4204
8886	6581
8888	1520
8888	3547
8888	4669
8888	5259
8888	5501
8890	4204
8893	9340
8897	3626
8897	5444
8902	582
8902	797
8902	1219
8902	1244
8902	1417
8902	1418
8902	3845
8902	3846
8902	4379
8902	5024
8902	5994
8902	6799
8902	7076
8902	8895
8902	8919
8902	9276
8902	9297
8902	9331
8902	9370
8903	3081
8903	5171
8907	279
8907	5764
8907	8903
8907	8908
8907	9230
8907	9637
8908	3739
8908	9334
8909	5793
8914	569
8918	4204
8924	4204
8925	5994
8927	5063
8928	4093
8928	4641
8933	6561
8934	9017
8940	1820
8940	3062
8940	9313
8942	279
8942	721
8942	1141
8942	3546
8942	7918
8942	8944
8942	9029
8942	9209
8942	9288
8949	3439
8950	834
8953	9495
8955	7214
8957	4204
8958	526
8959	4204
8961	4204
8961	8962
8962	4204
8963	9254
8966	4204
8968	6561
8970	4204
8976	647
8976	5941
8976	6997
8976	8566
8976	9370
8977	5063
8983	4204
8984	1556
8984	2791
8984	2930
8984	9431
8986	9019
8986	9103
8987	9035
8990	4204
8996	9440
8997	4204
8999	4204
9002	8522
9004	9229
9006	9118
9006	9608
9007	9530
9015	457
9016	8685
9016	9128
9018	4825
9018	6496
9019	4204
9023	1819
9039	7967
9040	703
9040	4762
9040	6518
9044	835
9045	6573
9055	9263
9058	9497
9060	6561
9063	4204
9063	5444
9065	9084
9065	9296
9065	9330
9065	9389
9066	4204
9067	4204
9067	9559
9070	9553
9071	9536
9071	9591
9071	9636
9075	834
9076	2829
9078	4204
9080	9190
9080	9263
9080	9265
9083	2149
9083	7066
9084	4973
9084	9296
9084	9330
9084	9389
9088	8685
9100	4204
9102	9663
9108	9500
9116	198
9116	3824
9116	4204
9116	4978
9116	5294
9116	5931
9116	7996
9116	8122
9118	9546
9118	9608
9119	526
9119	6561
9122	4204
9129	3626
9129	4204
9129	5444
9130	1927
9130	3626
9130	4204
9130	5444
9133	6573
9134	8685
9139	6561
9139	6653
9139	8376
9145	9673
9149	51
9149	52
9149	2498
9149	2942
9149	4137
9149	4295
9149	8052
9149	9150
9149	9350
9152	6739
9152	6965
9152	7246
9152	8926
9157	5463
9159	2822
9159	4083
9159	5888
9159	5889
9159	9168
9161	388
9161	1010
9161	1710
9161	3306
9161	3848
9161	8370
9168	2530
9168	2533
9168	2620
9168	6251
9168	9259
9170	9423
9171	4624
9173	834
9176	4204
9178	4204
9181	8685
9186	5084
9188	2602
9188	5346
9188	8790
9189	834
9190	9263
9191	4204
9193	2410
9193	8522
9197	6561
9198	6561
9199	5269
9199	8949
9199	9637
9201	4602
9201	4726
9201	6104
9202	4204
9202	6561
9202	6674
9202	6675
9203	526
9203	2320
9203	6561
9203	6674
9204	526
9204	835
9204	2410
9204	6561
9204	6573
9204	6674
9204	6675
9205	9249
9205	9263
9205	9266
9205	9269
9205	9361
9205	9485
9205	9637
9205	9726
9206	834
9216	4204
9219	4972
9227	5058
9230	9726
9230	9754
9231	3289
9231	4972
9232	4204
9235	2149
9235	8487
9236	8685
9237	9323
9239	5154
9239	6249
9240	4668
9240	8714
9247	4204
9249	4204
9250	834
9250	4204
9252	9472
9253	3884
9257	9403
9259	9596
9263	7015
9263	9265
9263	9266
9263	9361
9263	9726
9263	9754
9264	2287
9264	6104
9264	8522
9265	6005
9266	9637
9268	4118
9268	4637
9268	4663
9268	5059
9268	8716
9271	834
9271	5444
9276	582
9276	797
9276	838
9276	1242
9276	1244
9276	1269
9276	1294
9276	1417
9276	1418
9276	2829
9276	2953
9276	3845
9276	5024
9276	5063
9276	6799
9276	8895
9276	9297
9276	9331
9277	5063
9278	4204
9279	4204
9286	5063
9286	9297
9291	6573
9293	4225
9293	4231
9296	9330
9296	9389
9303	4204
9309	5921
9309	6496
9310	2292
9310	5759
9311	4204
9314	6573
9315	5444
9326	1702
9326	2101
9326	2829
9326	3671
9326	4701
9326	6271
9326	6716
9326	6817
9326	9022
9329	4204
9329	5759
9330	5972
9330	9332
9330	9334
9330	9389
9331	5059
9332	9334
9333	51
9333	52
9333	2498
9333	2942
9333	4137
9333	4295
9333	8052
9333	9350
9341	9354
9342	4204
9342	4257
9342	6603
9345	5139
9348	834
9349	834
9350	51
9350	52
9350	496
9350	2498
9350	2942
9350	4137
9350	4295
9350	5063
9350	8052
9351	6573
9353	7948
9354	1168
9354	6679
9355	4641
9355	6466
9355	8685
9359	8414
9360	1828
9361	6835
9366	4156
9368	4705
9368	4928
9368	9040
9370	1702
9370	8685
9370	9040
9375	639
9375	2043
9375	5154
9376	8755
9378	7015
9378	8799
9380	1745
9380	2775
9381	9674
9390	9553
9392	9424
9395	3562
9395	6835
9395	9528
9397	1151
9397	6573
9397	7428
9397	9566
9398	4204
9399	3385
9399	3827
9399	4973
9400	8237
9402	4204
9404	6928
9405	4204
9406	6573
9408	4204
9410	4204
9413	6819
9414	1820
9414	2554
9414	2919
9414	4475
9414	5046
9414	5269
9414	6255
9414	7033
9414	9103
9416	834
9417	4204
9418	9480
9423	982
9425	3566
9426	1689
9427	8307
9430	4204
9437	1166
9437	9342
9439	3149
9442	6561
9443	3626
9443	4204
9443	5444
9444	835
9444	6573
9446	9571
9448	9449
9448	9457
9448	9633
9448	9634
9448	9635
9448	9643
9448	9724
9449	9600
9449	9632
9450	835
9453	4204
9454	8685
9457	834
9457	9573
9457	9644
9460	8685
9464	4204
9465	655
9465	8976
9469	1243
9469	3050
9469	4278
9469	4663
9469	8419
9470	8685
9471	8685
9480	9670
9482	4204
9484	834
9488	1152
9494	9587
9495	9694
9497	5003
9497	8588
9500	4204
9501	834
9505	9544
9505	9586
9506	834
9515	9533
9516	9687
9525	9611
9527	9546
9529	6534
9529	9333
9530	9554
9530	9701
9530	9716
9536	2602
9536	8506
9538	9631
9538	9715
9541	8414
9543	9590
9543	9733
9544	9558
9544	9584
9544	9650
9545	4204
9546	9608
9547	9712
9550	2288
9550	5003
9551	9704
9554	9713
9561	9690
9562	9595
9563	9724
9564	9634
9566	9655
9568	4204
9568	9576
9573	9690
9573	9747
9577	4204
9578	7377
9578	8814
9580	9716
9581	624
9581	4728
9581	5134
9583	9747
9584	9586
9584	9625
9586	9650
9587	9680
9587	9695
9589	9747
9590	9694
9592	834
9593	834
9595	9637
9595	9655
9600	9633
9600	9634
9600	9724
9603	4204
9604	834
9605	9733
9608	3439
9609	9733
9612	6573
9613	4204
9616	834
9616	8685
9621	9654
9621	9747
9626	4204
9627	9720
9628	4204
9631	9694
9631	9715
9632	9636
9633	9644
9634	9644
9635	9644
9637	9641
9641	7426
9644	9724
9645	4204
9646	6257
9648	5057
9654	9695
9654	9724
9655	3425
9655	9690
9655	9725
9656	605
9656	835
9657	605
9660	8685
9661	834
9669	1421
9669	2602
9672	9690
9672	9733
9675	9679
9676	7009
9684	834
9686	4204
9687	8685
9688	8685
9689	9497
9690	9725
9692	5444
9693	8685
9694	9733
9696	4110
9711	834
9714	1575
9714	3570
9714	4973
9714	6540
9714	8962
9714	9715
9719	834
9726	9754
9730	9446
9732	9747
9744	5444
9751	834
9752	5997
9753	2190
9754	1222
9754	1945
9754	7457
9754	7536
9754	8061
9754	8965
9755	4685